ts,open,high,low,close,volume
2026-07-01T09:15:00+05:30,23897.65,23934.9,23897.65,23904.65,0
2026-07-01T09:16:00+05:30,23906.15,23914.4,23900.15,23904.45,0
2026-07-01T09:17:00+05:30,23906.1,23915.0,23896.45,23900.15,0
2026-07-01T09:18:00+05:30,23900.1,23926.1,23895.1,23924.95,0
2026-07-01T09:19:00+05:30,23924.1,23930.85,23916.55,23918.0,0
2026-07-01T09:20:00+05:30,23917.65,23920.8,23909.0,23920.6,0
2026-07-01T09:21:00+05:30,23919.6,23923.0,23912.55,23915.55,0
2026-07-01T09:22:00+05:30,23915.05,23920.75,23911.1,23919.25,0
2026-07-01T09:23:00+05:30,23919.7,23923.2,23915.3,23922.45,0
2026-07-01T09:24:00+05:30,23921.9,23923.0,23911.25,23912.85,0
2026-07-01T09:25:00+05:30,23912.4,23916.2,23904.9,23916.2,0
2026-07-01T09:26:00+05:30,23914.55,23921.75,23913.3,23914.25,0
2026-07-01T09:27:00+05:30,23914.0,23918.85,23911.9,23917.35,0
2026-07-01T09:28:00+05:30,23917.05,23919.9,23913.35,23918.85,0
2026-07-01T09:29:00+05:30,23917.6,23923.95,23915.95,23922.95,0
2026-07-01T09:30:00+05:30,23919.95,23936.8,23917.75,23934.65,0
2026-07-01T09:31:00+05:30,23933.65,23937.0,23921.15,23926.45,0
2026-07-01T09:32:00+05:30,23925.15,23929.0,23920.0,23923.6,0
2026-07-01T09:33:00+05:30,23922.1,23925.45,23915.75,23920.15,0
2026-07-01T09:34:00+05:30,23919.1,23922.0,23912.65,23919.55,0
2026-07-01T09:35:00+05:30,23919.1,23927.15,23917.4,23926.7,0
2026-07-01T09:36:00+05:30,23926.0,23929.85,23922.65,23928.95,0
2026-07-01T09:37:00+05:30,23928.6,23934.65,23925.3,23932.3,0
2026-07-01T09:38:00+05:30,23932.7,23943.95,23931.85,23941.7,0
2026-07-01T09:39:00+05:30,23942.3,23945.95,23938.85,23940.05,0
2026-07-01T09:40:00+05:30,23938.8,23949.95,23938.8,23947.6,0
2026-07-01T09:41:00+05:30,23945.9,23948.5,23937.85,23938.2,0
2026-07-01T09:42:00+05:30,23938.15,23938.9,23923.85,23928.95,0
2026-07-01T09:43:00+05:30,23929.0,23937.6,23927.0,23936.75,0
2026-07-01T09:44:00+05:30,23936.4,23945.0,23935.6,23944.2,0
2026-07-01T09:45:00+05:30,23943.5,23951.0,23943.45,23947.1,0
2026-07-01T09:46:00+05:30,23946.6,23957.25,23945.65,23955.4,0
2026-07-01T09:47:00+05:30,23953.8,23956.25,23950.95,23953.75,0
2026-07-01T09:48:00+05:30,23953.3,23962.25,23952.75,23958.45,0
2026-07-01T09:49:00+05:30,23958.55,23959.75,23948.15,23949.7,0
2026-07-01T09:50:00+05:30,23949.4,23956.0,23946.6,23946.65,0
2026-07-01T09:51:00+05:30,23946.35,23950.45,23944.55,23945.95,0
2026-07-01T09:52:00+05:30,23945.3,23950.25,23945.15,23948.3,0
2026-07-01T09:53:00+05:30,23948.2,23964.35,23948.2,23958.2,0
2026-07-01T09:54:00+05:30,23958.3,23963.25,23956.45,23963.25,0
2026-07-01T09:55:00+05:30,23962.5,23973.85,23962.0,23971.45,0
2026-07-01T09:56:00+05:30,23971.45,23980.3,23971.45,23978.6,0
2026-07-01T09:57:00+05:30,23978.1,23979.4,23971.65,23973.4,0
2026-07-01T09:58:00+05:30,23972.5,23978.3,23972.5,23977.6,0
2026-07-01T09:59:00+05:30,23976.4,23985.5,23976.4,23981.65,0
2026-07-01T10:00:00+05:30,23981.15,23996.4,23981.15,23988.1,0
2026-07-01T10:01:00+05:30,23987.45,23990.9,23985.65,23989.1,0
2026-07-01T10:02:00+05:30,23988.75,23992.75,23979.3,23981.25,0
2026-07-01T10:03:00+05:30,23981.25,23981.25,23974.3,23974.3,0
2026-07-01T10:04:00+05:30,23973.75,23975.3,23964.35,23968.05,0
2026-07-01T10:05:00+05:30,23968.1,23972.2,23966.95,23971.65,0
2026-07-01T10:06:00+05:30,23970.5,23975.4,23965.7,23974.45,0
2026-07-01T10:07:00+05:30,23972.8,23975.8,23962.75,23966.0,0
2026-07-01T10:08:00+05:30,23965.55,23972.1,23965.25,23971.8,0
2026-07-01T10:09:00+05:30,23970.55,23984.2,23970.15,23982.9,0
2026-07-01T10:10:00+05:30,23982.15,23987.15,23978.7,23986.65,0
2026-07-01T10:11:00+05:30,23985.8,23988.8,23981.65,23983.95,0
2026-07-01T10:12:00+05:30,23984.2,23984.6,23977.3,23979.35,0
2026-07-01T10:13:00+05:30,23979.25,23983.1,23978.0,23981.9,0
2026-07-01T10:14:00+05:30,23981.2,23989.35,23981.2,23987.05,0
2026-07-01T10:15:00+05:30,23986.9,23994.15,23986.45,23992.65,0
2026-07-01T10:16:00+05:30,23992.1,23995.75,23989.1,23994.0,0
2026-07-01T10:17:00+05:30,23993.25,23997.9,23991.6,23996.1,0
2026-07-01T10:18:00+05:30,23995.25,24004.4,23995.25,24001.5,0
2026-07-01T10:19:00+05:30,24000.75,24005.95,23999.35,24005.75,0
2026-07-01T10:20:00+05:30,24005.5,24007.4,23999.8,24001.9,0
2026-07-01T10:21:00+05:30,24001.4,24008.15,24001.4,24005.95,0
2026-07-01T10:22:00+05:30,24005.85,24015.25,24003.7,24012.5,0
2026-07-01T10:23:00+05:30,24011.75,24020.65,24011.75,24016.15,0
2026-07-01T10:24:00+05:30,24015.35,24019.5,24009.2,24009.3,0
2026-07-01T10:25:00+05:30,24009.0,24012.6,23998.45,23998.75,0
2026-07-01T10:26:00+05:30,23997.0,24002.75,23997.0,24000.9,0
2026-07-01T10:27:00+05:30,23999.75,24004.25,23995.25,23996.7,0
2026-07-01T10:28:00+05:30,23995.9,23997.3,23993.2,23995.2,0
2026-07-01T10:29:00+05:30,23994.0,23997.9,23992.5,23997.2,0
2026-07-01T10:30:00+05:30,23996.25,24002.6,23996.25,24002.1,0
2026-07-01T10:31:00+05:30,24001.35,24004.3,23997.6,23999.4,0
2026-07-01T10:32:00+05:30,23998.95,24000.7,23992.85,23994.5,0
2026-07-01T10:33:00+05:30,23993.95,23996.65,23981.7,23982.0,0
2026-07-01T10:34:00+05:30,23982.4,23995.65,23981.9,23986.4,0
2026-07-01T10:35:00+05:30,23984.25,23992.45,23984.0,23991.8,0
2026-07-01T10:36:00+05:30,23991.15,23993.6,23987.35,23991.15,0
2026-07-01T10:37:00+05:30,23990.4,23992.45,23981.15,23982.05,0
2026-07-01T10:38:00+05:30,23981.6,23983.7,23970.3,23971.4,0
2026-07-01T10:39:00+05:30,23971.65,23981.45,23971.65,23975.1,0
2026-07-01T10:40:00+05:30,23975.5,23978.5,23967.6,23970.3,0
2026-07-01T10:41:00+05:30,23970.7,23975.5,23967.25,23974.7,0
2026-07-01T10:42:00+05:30,23973.65,23976.1,23965.2,23965.2,0
2026-07-01T10:43:00+05:30,23964.7,23967.45,23947.35,23948.5,0
2026-07-01T10:44:00+05:30,23948.2,23954.35,23947.95,23954.05,0
2026-07-01T10:45:00+05:30,23952.75,23965.6,23952.75,23954.2,0
2026-07-01T10:46:00+05:30,23953.15,23965.9,23951.7,23965.75,0
2026-07-01T10:47:00+05:30,23965.05,23973.35,23961.9,23973.1,0
2026-07-01T10:48:00+05:30,23972.15,23977.9,23971.9,23972.3,0
2026-07-01T10:49:00+05:30,23971.7,23974.0,23965.65,23973.85,0
2026-07-01T10:50:00+05:30,23973.45,23975.45,23968.95,23968.95,0
2026-07-01T10:51:00+05:30,23968.4,23970.85,23960.45,23965.0,0
2026-07-01T10:52:00+05:30,23964.6,23972.1,23964.6,23969.8,0
2026-07-01T10:53:00+05:30,23969.65,23974.3,23965.1,23973.55,0
2026-07-01T10:54:00+05:30,23973.8,23983.65,23973.4,23979.7,0
2026-07-01T10:55:00+05:30,23979.9,23983.0,23972.95,23978.75,0
2026-07-01T10:56:00+05:30,23977.7,23979.55,23975.65,23977.25,0
2026-07-01T10:57:00+05:30,23976.3,23977.55,23972.25,23973.05,0
2026-07-01T10:58:00+05:30,23972.7,23976.7,23968.9,23975.5,0
2026-07-01T10:59:00+05:30,23975.3,23977.05,23973.5,23976.4,0
2026-07-01T11:00:00+05:30,23975.8,23987.3,23975.8,23986.9,0
2026-07-01T11:01:00+05:30,23985.35,23986.8,23977.15,23978.7,0
2026-07-01T11:02:00+05:30,23977.65,23984.4,23977.65,23981.3,0
2026-07-01T11:03:00+05:30,23980.0,23984.15,23975.2,23983.55,0
2026-07-01T11:04:00+05:30,23982.75,23984.55,23980.0,23982.7,0
2026-07-01T11:05:00+05:30,23982.7,23986.75,23982.0,23986.05,0
2026-07-01T11:06:00+05:30,23985.45,23986.85,23983.85,23985.4,0
2026-07-01T11:07:00+05:30,23985.35,23988.95,23982.15,23987.6,0
2026-07-01T11:08:00+05:30,23986.4,23987.65,23983.1,23985.6,0
2026-07-01T11:09:00+05:30,23984.05,23994.3,23984.05,23994.05,0
2026-07-01T11:10:00+05:30,23992.9,24001.15,23992.9,23997.75,0
2026-07-01T11:11:00+05:30,23996.9,23999.25,23991.75,23996.3,0
2026-07-01T11:12:00+05:30,23995.5,24002.85,23993.6,24000.95,0
2026-07-01T11:13:00+05:30,24001.3,24006.4,23999.55,24005.1,0
2026-07-01T11:14:00+05:30,24004.4,24020.95,24004.35,24019.5,0
2026-07-01T11:15:00+05:30,24018.75,24026.85,24014.6,24017.75,0
2026-07-01T11:16:00+05:30,24017.05,24025.2,24016.05,24023.55,0
2026-07-01T11:17:00+05:30,24021.8,24025.55,24018.85,24022.8,0
2026-07-01T11:18:00+05:30,24022.65,24023.7,24016.3,24020.6,0
2026-07-01T11:19:00+05:30,24020.9,24024.5,24020.6,24020.8,0
2026-07-01T11:20:00+05:30,24020.8,24024.1,24017.4,24019.05,0
2026-07-01T11:21:00+05:30,24019.3,24021.5,24016.05,24019.5,0
2026-07-01T11:22:00+05:30,24019.2,24021.5,24017.7,24018.15,0
2026-07-01T11:23:00+05:30,24017.35,24019.5,24012.0,24014.6,0
2026-07-01T11:24:00+05:30,24012.75,24015.9,24007.05,24007.8,0
2026-07-01T11:25:00+05:30,24007.35,24008.75,24001.1,24001.55,0
2026-07-01T11:26:00+05:30,24000.35,24003.65,23998.6,24002.25,0
2026-07-01T11:27:00+05:30,24001.55,24005.9,24000.4,24005.45,0
2026-07-01T11:28:00+05:30,24004.3,24010.5,24004.3,24009.55,0
2026-07-01T11:29:00+05:30,24008.95,24011.75,24008.05,24008.8,0
2026-07-01T11:30:00+05:30,24008.35,24013.65,24006.45,24007.6,0
2026-07-01T11:31:00+05:30,24007.1,24008.15,24002.15,24002.85,0
2026-07-01T11:32:00+05:30,24002.2,24005.6,23999.25,24000.35,0
2026-07-01T11:33:00+05:30,24000.25,24003.1,23997.55,23998.8,0
2026-07-01T11:34:00+05:30,23998.65,24000.7,23993.2,23993.45,0
2026-07-01T11:35:00+05:30,23992.35,23994.3,23987.15,23989.35,0
2026-07-01T11:36:00+05:30,23989.25,23993.65,23986.9,23993.3,0
2026-07-01T11:37:00+05:30,23993.15,23994.85,23986.0,23991.5,0
2026-07-01T11:38:00+05:30,23991.05,23995.9,23988.3,23995.85,0
2026-07-01T11:39:00+05:30,23995.2,23998.45,23993.1,23997.4,0
2026-07-01T11:40:00+05:30,23997.05,24003.15,23994.4,24001.2,0
2026-07-01T11:41:00+05:30,24001.15,24003.7,23998.15,24001.7,0
2026-07-01T11:42:00+05:30,24001.6,24005.35,23999.25,24004.6,0
2026-07-01T11:43:00+05:30,24003.8,24009.4,23999.4,24009.2,0
2026-07-01T11:44:00+05:30,24009.1,24013.3,24004.3,24011.7,0
2026-07-01T11:45:00+05:30,24011.8,24020.4,24009.25,24016.55,0
2026-07-01T11:46:00+05:30,24015.35,24018.05,24013.15,24017.2,0
2026-07-01T11:47:00+05:30,24016.6,24019.55,24015.1,24016.55,0
2026-07-01T11:48:00+05:30,24015.0,24020.8,24015.0,24015.05,0
2026-07-01T11:49:00+05:30,24014.35,24021.45,24014.35,24019.35,0
2026-07-01T11:50:00+05:30,24018.85,24022.5,24016.2,24016.35,0
2026-07-01T11:51:00+05:30,24015.85,24018.05,24010.65,24013.4,0
2026-07-01T11:52:00+05:30,24013.1,24015.7,24007.85,24009.95,0
2026-07-01T11:53:00+05:30,24010.2,24010.6,24002.7,24004.05,0
2026-07-01T11:54:00+05:30,24003.8,24006.95,24001.65,24004.1,0
2026-07-01T11:55:00+05:30,24003.1,24004.3,23998.8,24000.85,0
2026-07-01T11:56:00+05:30,24000.35,24006.15,23998.15,24005.5,0
2026-07-01T11:57:00+05:30,24003.95,24017.7,24003.2,24011.9,0
2026-07-01T11:58:00+05:30,24012.25,24025.4,24011.05,24024.95,0
2026-07-01T11:59:00+05:30,24023.7,24028.6,24021.8,24026.5,0
2026-07-01T12:00:00+05:30,24026.1,24032.4,24024.75,24026.5,0
2026-07-01T12:01:00+05:30,24026.15,24026.75,24021.45,24026.25,0
2026-07-01T12:02:00+05:30,24025.8,24029.9,24021.95,24024.8,0
2026-07-01T12:03:00+05:30,24024.0,24027.1,24022.25,24022.25,0
2026-07-01T12:04:00+05:30,24022.05,24025.5,24021.95,24023.3,0
2026-07-01T12:05:00+05:30,24022.9,24029.6,24022.55,24026.85,0
2026-07-01T12:06:00+05:30,24027.0,24031.1,24023.9,24027.55,0
2026-07-01T12:07:00+05:30,24026.2,24035.75,24025.3,24035.1,0
2026-07-01T12:08:00+05:30,24034.15,24040.2,24032.6,24039.45,0
2026-07-01T12:09:00+05:30,24038.35,24049.9,24036.35,24045.05,0
2026-07-01T12:10:00+05:30,24043.85,24045.25,24037.45,24043.6,0
2026-07-01T12:11:00+05:30,24043.85,24045.2,24027.25,24028.85,0
2026-07-01T12:12:00+05:30,24029.6,24033.9,24027.45,24031.95,0
2026-07-01T12:13:00+05:30,24031.25,24033.1,24027.4,24030.05,0
2026-07-01T12:14:00+05:30,24029.55,24031.2,24020.15,24023.5,0
2026-07-01T12:15:00+05:30,24023.5,24030.1,24018.3,24026.75,0
2026-07-01T12:16:00+05:30,24026.4,24033.65,24026.3,24029.15,0
2026-07-01T12:17:00+05:30,24027.95,24030.8,24024.2,24028.15,0
2026-07-01T12:18:00+05:30,24027.45,24029.25,24018.25,24020.25,0
2026-07-01T12:19:00+05:30,24020.0,24032.15,24020.0,24028.6,0
2026-07-01T12:20:00+05:30,24027.9,24031.6,24024.7,24026.0,0
2026-07-01T12:21:00+05:30,24026.05,24028.3,24023.05,24024.7,0
2026-07-01T12:22:00+05:30,24024.15,24026.6,24020.25,24023.65,0
2026-07-01T12:23:00+05:30,24023.4,24023.4,24013.5,24020.25,0
2026-07-01T12:24:00+05:30,24020.3,24036.95,24019.65,24034.35,0
2026-07-01T12:25:00+05:30,24033.5,24036.2,24029.3,24030.9,0
2026-07-01T12:26:00+05:30,24030.25,24032.9,24028.05,24028.85,0
2026-07-01T12:27:00+05:30,24028.6,24033.9,24026.15,24032.25,0
2026-07-01T12:28:00+05:30,24031.15,24032.15,24004.1,24004.4,0
2026-07-01T12:29:00+05:30,24003.2,24005.35,23994.3,23997.55,0
2026-07-01T12:30:00+05:30,23997.5,24021.75,23997.5,24019.15,0
2026-07-01T12:31:00+05:30,24018.75,24027.8,24018.75,24024.75,0
2026-07-01T12:32:00+05:30,24023.9,24032.75,24023.9,24031.5,0
2026-07-01T12:33:00+05:30,24030.35,24033.4,24028.55,24030.5,0
2026-07-01T12:34:00+05:30,24029.65,24033.95,24028.35,24029.3,0
2026-07-01T12:35:00+05:30,24028.5,24033.15,24028.5,24030.75,0
2026-07-01T12:36:00+05:30,24030.75,24035.65,24029.6,24035.45,0
2026-07-01T12:37:00+05:30,24034.7,24040.15,24033.1,24039.15,0
2026-07-01T12:38:00+05:30,24038.9,24043.25,24035.0,24035.0,0
2026-07-01T12:39:00+05:30,24034.65,24038.6,24034.1,24037.95,0
2026-07-01T12:40:00+05:30,24037.65,24038.7,24025.05,24025.95,0
2026-07-01T12:41:00+05:30,24025.55,24030.75,24021.2,24024.3,0
2026-07-01T12:42:00+05:30,24023.4,24028.35,24023.4,24025.8,0
2026-07-01T12:43:00+05:30,24025.65,24025.65,24016.35,24019.3,0
2026-07-01T12:44:00+05:30,24018.6,24026.6,24018.6,24024.1,0
2026-07-01T12:45:00+05:30,24023.7,24027.0,24021.8,24024.35,0
2026-07-01T12:46:00+05:30,24023.9,24026.15,24020.7,24022.35,0
2026-07-01T12:47:00+05:30,24021.85,24028.45,24019.6,24026.9,0
2026-07-01T12:48:00+05:30,24026.55,24028.25,24023.9,24026.7,0
2026-07-01T12:49:00+05:30,24025.25,24029.6,24023.4,24024.85,0
2026-07-01T12:50:00+05:30,24024.2,24030.6,24024.2,24027.7,0
2026-07-01T12:51:00+05:30,24027.85,24030.25,24023.3,24028.75,0
2026-07-01T12:52:00+05:30,24027.9,24029.15,24025.35,24026.3,0
2026-07-01T12:53:00+05:30,24026.35,24029.2,24024.1,24027.7,0
2026-07-01T12:54:00+05:30,24027.95,24029.65,24019.55,24020.25,0
2026-07-01T12:55:00+05:30,24020.25,24022.75,24016.3,24021.6,0
2026-07-01T12:56:00+05:30,24020.7,24024.9,24019.4,24023.0,0
2026-07-01T12:57:00+05:30,24021.9,24025.9,24020.3,24024.45,0
2026-07-01T12:58:00+05:30,24023.75,24026.25,24020.75,24025.05,0
2026-07-01T12:59:00+05:30,24024.2,24027.05,24022.75,24022.9,0
2026-07-01T13:00:00+05:30,24022.4,24029.45,24022.4,24025.85,0
2026-07-01T13:01:00+05:30,24025.95,24027.05,24018.45,24020.55,0
2026-07-01T13:02:00+05:30,24020.2,24021.0,24010.4,24010.4,0
2026-07-01T13:03:00+05:30,24010.25,24012.05,24007.15,24010.3,0
2026-07-01T13:04:00+05:30,24009.65,24016.1,24009.65,24010.8,0
2026-07-01T13:05:00+05:30,24010.15,24017.65,24010.15,24014.35,0
2026-07-01T13:06:00+05:30,24013.8,24017.2,24012.95,24015.6,0
2026-07-01T13:07:00+05:30,24015.2,24019.25,24015.2,24016.6,0
2026-07-01T13:08:00+05:30,24017.45,24018.2,24013.15,24016.2,0
2026-07-01T13:09:00+05:30,24016.0,24019.35,24013.9,24015.15,0
2026-07-01T13:10:00+05:30,24014.85,24018.2,24014.05,24015.25,0
2026-07-01T13:11:00+05:30,24015.15,24021.2,24014.45,24019.5,0
2026-07-01T13:12:00+05:30,24019.75,24025.55,24019.75,24023.65,0
2026-07-01T13:13:00+05:30,24023.3,24026.45,24021.4,24024.35,0
2026-07-01T13:14:00+05:30,24023.85,24028.05,24023.65,24028.05,0
2026-07-01T13:15:00+05:30,24026.55,24029.85,24024.95,24025.35,0
2026-07-01T13:16:00+05:30,24025.4,24029.55,24024.25,24028.55,0
2026-07-01T13:17:00+05:30,24028.1,24033.35,24027.8,24029.0,0
2026-07-01T13:18:00+05:30,24027.75,24031.05,24024.85,24027.5,0
2026-07-01T13:19:00+05:30,24028.1,24031.45,24025.8,24030.05,0
2026-07-01T13:20:00+05:30,24029.45,24030.85,24021.4,24022.1,0
2026-07-01T13:21:00+05:30,24021.35,24027.95,24020.65,24026.15,0
2026-07-01T13:22:00+05:30,24025.35,24027.75,24020.55,24021.25,0
2026-07-01T13:23:00+05:30,24020.55,24021.85,24014.95,24018.9,0
2026-07-01T13:24:00+05:30,24018.35,24021.55,24016.95,24017.9,0
2026-07-01T13:25:00+05:30,24017.55,24021.25,24015.35,24017.85,0
2026-07-01T13:26:00+05:30,24018.5,24024.8,24016.15,24023.2,0
2026-07-01T13:27:00+05:30,24022.25,24024.8,24020.4,24022.15,0
2026-07-01T13:28:00+05:30,24021.85,24024.8,24017.2,24017.75,0
2026-07-01T13:29:00+05:30,24017.3,24019.75,24011.35,24012.75,0
2026-07-01T13:30:00+05:30,24012.95,24016.15,24009.75,24013.95,0
2026-07-01T13:31:00+05:30,24012.25,24015.75,24007.4,24013.2,0
2026-07-01T13:32:00+05:30,24013.3,24015.3,24007.85,24009.75,0
2026-07-01T13:33:00+05:30,24008.1,24012.6,24002.05,24012.2,0
2026-07-01T13:34:00+05:30,24011.5,24019.3,24011.5,24017.4,0
2026-07-01T13:35:00+05:30,24016.55,24032.45,24016.55,24028.7,0
2026-07-01T13:36:00+05:30,24027.65,24031.65,24025.7,24031.0,0
2026-07-01T13:37:00+05:30,24030.0,24039.8,24027.6,24037.5,0
2026-07-01T13:38:00+05:30,24037.1,24047.65,24037.1,24044.0,0
2026-07-01T13:39:00+05:30,24043.75,24045.9,24038.15,24040.5,0
2026-07-01T13:40:00+05:30,24039.8,24041.95,24035.15,24035.15,0
2026-07-01T13:41:00+05:30,24034.95,24037.55,24030.6,24034.25,0
2026-07-01T13:42:00+05:30,24033.8,24036.6,24028.45,24028.8,0
2026-07-01T13:43:00+05:30,24028.75,24032.45,24027.4,24028.65,0
2026-07-01T13:44:00+05:30,24026.4,24029.6,24021.1,24029.6,0
2026-07-01T13:45:00+05:30,24028.1,24032.65,24026.9,24027.95,0
2026-07-01T13:46:00+05:30,24028.0,24030.45,24014.6,24015.55,0
2026-07-01T13:47:00+05:30,24014.65,24026.8,24014.6,24024.45,0
2026-07-01T13:48:00+05:30,24024.15,24027.5,24021.2,24025.75,0
2026-07-01T13:49:00+05:30,24025.35,24028.25,24023.55,24024.95,0
2026-07-01T13:50:00+05:30,24024.15,24025.3,24019.25,24022.2,0
2026-07-01T13:51:00+05:30,24022.6,24025.55,24021.0,24023.0,0
2026-07-01T13:52:00+05:30,24022.0,24024.45,24018.45,24022.45,0
2026-07-01T13:53:00+05:30,24021.05,24025.25,24019.6,24021.0,0
2026-07-01T13:54:00+05:30,24020.05,24023.75,24019.3,24020.35,0
2026-07-01T13:55:00+05:30,24019.75,24021.8,24016.0,24020.7,0
2026-07-01T13:56:00+05:30,24020.65,24025.45,24018.95,24021.25,0
2026-07-01T13:57:00+05:30,24021.0,24024.55,24020.35,24021.45,0
2026-07-01T13:58:00+05:30,24020.0,24021.0,24016.6,24017.75,0
2026-07-01T13:59:00+05:30,24017.55,24022.05,24017.55,24018.35,0
2026-07-01T14:00:00+05:30,24018.1,24021.0,24011.25,24011.25,0
2026-07-01T14:01:00+05:30,24011.15,24018.25,24011.15,24015.25,0
2026-07-01T14:02:00+05:30,24015.9,24022.8,24015.4,24019.35,0
2026-07-01T14:03:00+05:30,24018.85,24024.2,24018.85,24023.4,0
2026-07-01T14:04:00+05:30,24022.55,24027.9,24021.5,24025.35,0
2026-07-01T14:05:00+05:30,24024.3,24026.1,24020.65,24022.7,0
2026-07-01T14:06:00+05:30,24021.65,24027.7,24021.65,24026.4,0
2026-07-01T14:07:00+05:30,24026.25,24030.45,24024.65,24027.3,0
2026-07-01T14:08:00+05:30,24026.3,24032.15,24023.75,24031.15,0
2026-07-01T14:09:00+05:30,24030.6,24035.8,24026.75,24034.45,0
2026-07-01T14:10:00+05:30,24034.3,24037.9,24032.05,24036.5,0
2026-07-01T14:11:00+05:30,24035.15,24041.7,24034.05,24039.55,0
2026-07-01T14:12:00+05:30,24039.5,24041.5,24036.75,24038.5,0
2026-07-01T14:13:00+05:30,24037.8,24044.15,24036.45,24042.35,0
2026-07-01T14:14:00+05:30,24041.8,24042.35,24035.25,24035.3,0
2026-07-01T14:15:00+05:30,24036.05,24040.7,24033.85,24038.2,0
2026-07-01T14:16:00+05:30,24038.25,24040.0,24032.85,24032.85,0
2026-07-01T14:17:00+05:30,24032.5,24036.1,24030.65,24031.15,0
2026-07-01T14:18:00+05:30,24031.2,24036.75,24029.25,24035.0,0
2026-07-01T14:19:00+05:30,24033.9,24034.65,24029.15,24030.55,0
2026-07-01T14:20:00+05:30,24030.05,24034.15,24029.3,24032.05,0
2026-07-01T14:21:00+05:30,24031.95,24038.2,24031.95,24037.25,0
2026-07-01T14:22:00+05:30,24036.8,24038.9,24034.0,24034.0,0
2026-07-01T14:23:00+05:30,24034.5,24037.3,24031.75,24033.55,0
2026-07-01T14:24:00+05:30,24033.65,24038.85,24033.05,24038.0,0
2026-07-01T14:25:00+05:30,24037.55,24041.3,24036.95,24040.55,0
2026-07-01T14:26:00+05:30,24038.85,24041.15,24035.8,24039.1,0
2026-07-01T14:27:00+05:30,24039.55,24041.65,24034.3,24034.3,0
2026-07-01T14:28:00+05:30,24033.65,24036.4,24031.45,24033.35,0
2026-07-01T14:29:00+05:30,24032.55,24034.45,24023.4,24028.55,0
2026-07-01T14:30:00+05:30,24027.2,24031.35,24020.65,24026.4,0
2026-07-01T14:31:00+05:30,24026.7,24028.9,24022.5,24024.6,0
2026-07-01T14:32:00+05:30,24024.35,24027.05,24022.1,24026.1,0
2026-07-01T14:33:00+05:30,24025.75,24028.05,24022.9,24024.15,0
2026-07-01T14:34:00+05:30,24023.2,24025.85,24016.3,24016.3,0
2026-07-01T14:35:00+05:30,24016.95,24022.7,24015.7,24017.85,0
2026-07-01T14:36:00+05:30,24017.1,24020.65,24015.0,24016.0,0
2026-07-01T14:37:00+05:30,24015.35,24017.6,24011.45,24011.8,0
2026-07-01T14:38:00+05:30,24011.05,24013.55,24000.75,24002.6,0
2026-07-01T14:39:00+05:30,24002.85,24005.7,23999.15,23999.45,0
2026-07-01T14:40:00+05:30,23999.0,24001.6,23992.1,23992.75,0
2026-07-01T14:41:00+05:30,23991.75,24006.65,23991.75,24006.2,0
2026-07-01T14:42:00+05:30,24006.2,24015.2,24005.7,24014.75,0
2026-07-01T14:43:00+05:30,24014.5,24020.55,24013.15,24016.5,0
2026-07-01T14:44:00+05:30,24018.25,24022.15,24018.25,24020.85,0
2026-07-01T14:45:00+05:30,24020.5,24023.55,24018.5,24021.7,0
2026-07-01T14:46:00+05:30,24020.5,24024.45,24019.3,24023.1,0
2026-07-01T14:47:00+05:30,24022.7,24024.1,24014.65,24016.3,0
2026-07-01T14:48:00+05:30,24015.75,24019.75,24014.5,24019.15,0
2026-07-01T14:49:00+05:30,24017.95,24021.1,24009.85,24011.15,0
2026-07-01T14:50:00+05:30,24011.45,24017.25,24009.65,24014.8,0
2026-07-01T14:51:00+05:30,24014.75,24016.7,24012.35,24014.2,0
2026-07-01T14:52:00+05:30,24014.15,24017.4,24013.45,24014.5,0
2026-07-01T14:53:00+05:30,24014.9,24022.9,24012.95,24019.55,0
2026-07-01T14:54:00+05:30,24019.2,24025.55,24018.35,24023.45,0
2026-07-01T14:55:00+05:30,24023.9,24025.3,24017.95,24023.15,0
2026-07-01T14:56:00+05:30,24022.15,24027.95,24021.25,24027.05,0
2026-07-01T14:57:00+05:30,24027.0,24029.8,24021.95,24023.95,0
2026-07-01T14:58:00+05:30,24023.6,24033.45,24023.2,24032.0,0
2026-07-01T14:59:00+05:30,24031.7,24038.35,24029.45,24035.65,0
2026-07-01T15:00:00+05:30,24036.8,24048.2,24017.05,24020.0,0
2026-07-01T15:01:00+05:30,24020.15,24026.15,24020.15,24021.85,0
2026-07-01T15:02:00+05:30,24021.8,24024.0,24013.2,24014.15,0
2026-07-01T15:03:00+05:30,24013.35,24023.25,24013.35,24020.05,0
2026-07-01T15:04:00+05:30,24020.05,24022.2,24017.25,24018.65,0
2026-07-01T15:05:00+05:30,24017.3,24018.55,24013.7,24014.1,0
2026-07-01T15:06:00+05:30,24013.0,24016.1,24005.0,24006.05,0
2026-07-01T15:07:00+05:30,24004.9,24011.35,24004.9,24007.95,0
2026-07-01T15:08:00+05:30,24007.2,24009.05,24001.95,24003.05,0
2026-07-01T15:09:00+05:30,24003.05,24005.4,23999.15,24002.3,0
2026-07-01T15:10:00+05:30,24001.35,24009.9,24001.35,24007.8,0
2026-07-01T15:11:00+05:30,24006.75,24011.8,24006.3,24010.7,0
2026-07-01T15:12:00+05:30,24010.45,24015.55,24009.5,24014.35,0
2026-07-01T15:13:00+05:30,24013.05,24018.65,24011.25,24012.45,0
2026-07-01T15:14:00+05:30,24012.05,24014.25,24004.95,24006.25,0
2026-07-01T15:15:00+05:30,24005.6,24007.4,23999.9,24006.5,0
2026-07-01T15:16:00+05:30,24006.6,24010.4,24003.75,24004.3,0
2026-07-01T15:17:00+05:30,24004.45,24005.9,23999.6,24000.75,0
2026-07-01T15:18:00+05:30,24001.05,24003.05,23996.3,23998.05,0
2026-07-01T15:19:00+05:30,23998.4,24003.0,23997.0,23998.6,0
2026-07-01T15:20:00+05:30,23999.25,23999.95,23994.45,23995.15,0
2026-07-01T15:21:00+05:30,23995.65,23996.8,23991.75,23991.75,0
2026-07-01T15:22:00+05:30,23992.6,23995.6,23991.95,23992.75,0
2026-07-01T15:23:00+05:30,23993.9,24002.75,23992.3,24001.1,0
2026-07-01T15:24:00+05:30,24002.2,24002.85,23998.9,23999.95,0
2026-07-01T15:25:00+05:30,24000.0,24000.75,23993.7,23994.75,0
2026-07-01T15:26:00+05:30,23995.35,23997.35,23991.5,23994.8,0
2026-07-01T15:27:00+05:30,23994.65,23996.3,23991.2,23994.55,0
2026-07-01T15:28:00+05:30,23994.85,23996.9,23987.15,23991.35,0
2026-07-01T15:29:00+05:30,23991.05,23991.6,23980.65,23987.95,0
2026-07-02T09:15:00+05:30,24062.2,24092.05,24058.8,24079.65,0
2026-07-02T09:16:00+05:30,24077.8,24086.75,24067.6,24083.55,0
2026-07-02T09:17:00+05:30,24081.45,24091.75,24076.3,24082.8,0
2026-07-02T09:18:00+05:30,24083.65,24092.4,24078.35,24088.2,0
2026-07-02T09:19:00+05:30,24088.05,24097.7,24087.65,24094.25,0
2026-07-02T09:20:00+05:30,24093.35,24106.35,24093.35,24105.9,0
2026-07-02T09:21:00+05:30,24104.65,24112.35,24102.45,24105.2,0
2026-07-02T09:22:00+05:30,24103.2,24107.05,24092.85,24094.3,0
2026-07-02T09:23:00+05:30,24093.35,24122.6,24093.35,24116.0,0
2026-07-02T09:24:00+05:30,24116.45,24127.55,24114.7,24122.8,0
2026-07-02T09:25:00+05:30,24123.5,24127.6,24114.45,24115.45,0
2026-07-02T09:26:00+05:30,24115.25,24117.85,24111.7,24115.4,0
2026-07-02T09:27:00+05:30,24115.8,24123.5,24109.35,24119.8,0
2026-07-02T09:28:00+05:30,24119.1,24127.25,24116.0,24117.55,0
2026-07-02T09:29:00+05:30,24117.75,24118.55,24109.9,24111.65,0
2026-07-02T09:30:00+05:30,24110.1,24117.85,24108.1,24113.65,0
2026-07-02T09:31:00+05:30,24113.9,24121.7,24112.65,24120.1,0
2026-07-02T09:32:00+05:30,24120.15,24126.45,24118.6,24124.6,0
2026-07-02T09:33:00+05:30,24125.4,24132.55,24124.5,24128.3,0
2026-07-02T09:34:00+05:30,24128.05,24131.7,24121.15,24124.9,0
2026-07-02T09:35:00+05:30,24124.45,24130.2,24123.95,24123.95,0
2026-07-02T09:36:00+05:30,24124.35,24135.8,24123.8,24135.65,0
2026-07-02T09:37:00+05:30,24135.25,24145.1,24135.15,24137.3,0
2026-07-02T09:38:00+05:30,24137.3,24140.0,24134.35,24139.5,0
2026-07-02T09:39:00+05:30,24139.45,24150.35,24138.9,24148.25,0
2026-07-02T09:40:00+05:30,24147.9,24153.55,24140.6,24143.35,0
2026-07-02T09:41:00+05:30,24143.95,24156.8,24143.95,24154.4,0
2026-07-02T09:42:00+05:30,24154.45,24159.45,24150.55,24154.5,0
2026-07-02T09:43:00+05:30,24154.8,24156.0,24151.05,24153.15,0
2026-07-02T09:44:00+05:30,24153.9,24157.25,24148.05,24148.05,0
2026-07-02T09:45:00+05:30,24147.8,24154.3,24147.8,24152.85,0
2026-07-02T09:46:00+05:30,24153.25,24155.45,24146.85,24149.0,0
2026-07-02T09:47:00+05:30,24148.85,24150.6,24145.35,24149.0,0
2026-07-02T09:48:00+05:30,24149.1,24152.4,24141.25,24146.85,0
2026-07-02T09:49:00+05:30,24146.3,24149.45,24144.2,24146.95,0
2026-07-02T09:50:00+05:30,24147.45,24149.9,24141.3,24145.45,0
2026-07-02T09:51:00+05:30,24144.0,24146.75,24139.8,24143.1,0
2026-07-02T09:52:00+05:30,24144.3,24147.7,24140.7,24141.05,0
2026-07-02T09:53:00+05:30,24140.6,24145.75,24135.2,24141.2,0
2026-07-02T09:54:00+05:30,24140.7,24141.75,24134.85,24136.15,0
2026-07-02T09:55:00+05:30,24135.55,24138.65,24131.65,24134.3,0
2026-07-02T09:56:00+05:30,24134.3,24137.55,24130.4,24133.6,0
2026-07-02T09:57:00+05:30,24131.95,24134.9,24127.2,24127.95,0
2026-07-02T09:58:00+05:30,24128.25,24132.8,24124.25,24125.3,0
2026-07-02T09:59:00+05:30,24125.75,24131.35,24125.1,24129.45,0
2026-07-02T10:00:00+05:30,24129.6,24130.8,24123.1,24125.6,0
2026-07-02T10:01:00+05:30,24125.35,24127.25,24121.35,24122.3,0
2026-07-02T10:02:00+05:30,24122.6,24124.2,24118.1,24118.6,0
2026-07-02T10:03:00+05:30,24117.9,24119.9,24106.2,24108.35,0
2026-07-02T10:04:00+05:30,24108.15,24118.8,24108.15,24117.3,0
2026-07-02T10:05:00+05:30,24117.0,24121.05,24107.45,24107.45,0
2026-07-02T10:06:00+05:30,24107.95,24110.15,24095.05,24100.65,0
2026-07-02T10:07:00+05:30,24099.45,24099.55,24092.3,24092.3,0
2026-07-02T10:08:00+05:30,24092.15,24092.45,24082.1,24082.1,0
2026-07-02T10:09:00+05:30,24083.4,24100.5,24080.55,24099.8,0
2026-07-02T10:10:00+05:30,24099.2,24102.85,24096.25,24102.55,0
2026-07-02T10:11:00+05:30,24102.25,24107.35,24101.55,24105.7,0
2026-07-02T10:12:00+05:30,24106.05,24112.2,24104.95,24111.15,0
2026-07-02T10:13:00+05:30,24110.55,24112.45,24094.4,24094.7,0
2026-07-02T10:14:00+05:30,24095.1,24095.35,24075.55,24075.8,0
2026-07-02T10:15:00+05:30,24075.3,24086.05,24070.3,24086.05,0
2026-07-02T10:16:00+05:30,24085.8,24089.6,24076.6,24076.6,0
2026-07-02T10:17:00+05:30,24076.0,24076.85,24070.85,24075.75,0
2026-07-02T10:18:00+05:30,24075.55,24086.75,24073.95,24085.55,0
2026-07-02T10:19:00+05:30,24085.6,24088.9,24081.6,24088.9,0
2026-07-02T10:20:00+05:30,24088.3,24093.35,24087.25,24090.65,0
2026-07-02T10:21:00+05:30,24089.7,24099.8,24089.25,24098.6,0
2026-07-02T10:22:00+05:30,24098.9,24101.5,24094.15,24098.15,0
2026-07-02T10:23:00+05:30,24097.85,24100.85,24092.45,24099.95,0
2026-07-02T10:24:00+05:30,24099.5,24100.45,24090.7,24099.45,0
2026-07-02T10:25:00+05:30,24099.5,24101.15,24093.3,24097.5,0
2026-07-02T10:26:00+05:30,24097.3,24102.4,24096.1,24098.05,0
2026-07-02T10:27:00+05:30,24098.35,24100.95,24096.05,24100.55,0
2026-07-02T10:28:00+05:30,24100.45,24111.25,24100.2,24109.85,0
2026-07-02T10:29:00+05:30,24110.15,24115.9,24105.8,24107.1,0
2026-07-02T10:30:00+05:30,24106.05,24110.8,24103.85,24104.9,0
2026-07-02T10:31:00+05:30,24105.2,24105.2,24095.0,24095.6,0
2026-07-02T10:32:00+05:30,24095.65,24100.9,24091.2,24095.0,0
2026-07-02T10:33:00+05:30,24094.75,24097.45,24089.15,24097.45,0
2026-07-02T10:34:00+05:30,24097.35,24100.0,24088.9,24094.25,0
2026-07-02T10:35:00+05:30,24092.4,24100.05,24090.95,24098.85,0
2026-07-02T10:36:00+05:30,24098.75,24104.85,24097.8,24103.8,0
2026-07-02T10:37:00+05:30,24103.35,24107.9,24102.0,24105.8,0
2026-07-02T10:38:00+05:30,24105.5,24113.0,24103.7,24112.6,0
2026-07-02T10:39:00+05:30,24110.75,24113.95,24109.05,24113.75,0
2026-07-02T10:40:00+05:30,24113.0,24116.0,24105.65,24112.9,0
2026-07-02T10:41:00+05:30,24111.9,24112.9,24104.4,24110.55,0
2026-07-02T10:42:00+05:30,24110.2,24112.55,24107.45,24110.8,0
2026-07-02T10:43:00+05:30,24112.2,24112.9,24106.4,24108.7,0
2026-07-02T10:44:00+05:30,24108.8,24112.7,24104.95,24110.55,0
2026-07-02T10:45:00+05:30,24110.55,24115.3,24109.6,24115.25,0
2026-07-02T10:46:00+05:30,24114.15,24116.8,24102.55,24107.0,0
2026-07-02T10:47:00+05:30,24106.85,24111.75,24102.7,24109.3,0
2026-07-02T10:48:00+05:30,24108.0,24113.3,24103.9,24106.1,0
2026-07-02T10:49:00+05:30,24106.05,24110.35,24104.5,24108.75,0
2026-07-02T10:50:00+05:30,24107.3,24112.95,24106.45,24108.7,0
2026-07-02T10:51:00+05:30,24108.5,24112.5,24104.35,24110.1,0
2026-07-02T10:52:00+05:30,24110.95,24112.6,24106.3,24109.5,0
2026-07-02T10:53:00+05:30,24108.6,24113.75,24106.6,24107.5,0
2026-07-02T10:54:00+05:30,24107.1,24112.35,24101.8,24106.65,0
2026-07-02T10:55:00+05:30,24105.55,24111.0,24101.95,24111.0,0
2026-07-02T10:56:00+05:30,24110.5,24112.55,24105.4,24108.7,0
2026-07-02T10:57:00+05:30,24106.5,24113.45,24105.15,24107.5,0
2026-07-02T10:58:00+05:30,24107.8,24109.45,24104.6,24108.8,0
2026-07-02T10:59:00+05:30,24108.35,24112.35,24105.65,24111.05,0
2026-07-02T11:00:00+05:30,24111.05,24115.8,24105.35,24110.5,0
2026-07-02T11:01:00+05:30,24111.0,24113.3,24107.6,24109.6,0
2026-07-02T11:02:00+05:30,24109.45,24111.15,24101.25,24106.2,0
2026-07-02T11:03:00+05:30,24105.95,24114.0,24105.15,24111.55,0
2026-07-02T11:04:00+05:30,24111.5,24113.15,24102.7,24108.1,0
2026-07-02T11:05:00+05:30,24107.9,24110.35,24104.05,24108.6,0
2026-07-02T11:06:00+05:30,24108.3,24109.2,24100.05,24101.9,0
2026-07-02T11:07:00+05:30,24101.5,24106.8,24100.15,24104.15,0
2026-07-02T11:08:00+05:30,24104.25,24106.7,24099.9,24101.7,0
2026-07-02T11:09:00+05:30,24101.9,24105.0,24097.7,24098.7,0
2026-07-02T11:10:00+05:30,24099.25,24099.9,24090.05,24093.25,0
2026-07-02T11:11:00+05:30,24093.25,24097.25,24090.8,24097.15,0
2026-07-02T11:12:00+05:30,24096.7,24099.0,24093.85,24094.95,0
2026-07-02T11:13:00+05:30,24094.9,24097.35,24091.1,24093.8,0
2026-07-02T11:14:00+05:30,24094.1,24103.95,24093.45,24103.8,0
2026-07-02T11:15:00+05:30,24103.55,24104.35,24097.45,24102.05,0
2026-07-02T11:16:00+05:30,24102.75,24104.55,24096.65,24097.0,0
2026-07-02T11:17:00+05:30,24097.5,24101.35,24095.9,24100.15,0
2026-07-02T11:18:00+05:30,24100.05,24104.45,24098.15,24101.0,0
2026-07-02T11:19:00+05:30,24101.5,24103.7,24097.15,24101.4,0
2026-07-02T11:20:00+05:30,24101.45,24102.5,24097.15,24098.4,0
2026-07-02T11:21:00+05:30,24098.25,24103.25,24095.75,24096.5,0
2026-07-02T11:22:00+05:30,24096.4,24099.65,24092.5,24097.35,0
2026-07-02T11:23:00+05:30,24096.65,24097.8,24088.95,24093.05,0
2026-07-02T11:24:00+05:30,24094.6,24102.25,24092.35,24101.55,0
2026-07-02T11:25:00+05:30,24101.75,24106.05,24098.85,24103.65,0
2026-07-02T11:26:00+05:30,24101.5,24104.15,24089.45,24090.4,0
2026-07-02T11:27:00+05:30,24090.35,24094.4,24087.15,24088.2,0
2026-07-02T11:28:00+05:30,24087.15,24097.05,24085.7,24085.7,0
2026-07-02T11:29:00+05:30,24087.05,24093.2,24085.95,24087.3,0
2026-07-02T11:30:00+05:30,24087.6,24089.95,24085.35,24086.8,0
2026-07-02T11:31:00+05:30,24086.05,24087.95,24079.5,24084.2,0
2026-07-02T11:32:00+05:30,24084.25,24086.25,24079.4,24080.45,0
2026-07-02T11:33:00+05:30,24080.45,24087.2,24078.65,24084.75,0
2026-07-02T11:34:00+05:30,24085.65,24087.5,24080.6,24085.2,0
2026-07-02T11:35:00+05:30,24084.85,24086.2,24074.35,24079.3,0
2026-07-02T11:36:00+05:30,24078.85,24080.7,24075.8,24078.1,0
2026-07-02T11:37:00+05:30,24078.2,24083.85,24077.0,24081.15,0
2026-07-02T11:38:00+05:30,24080.95,24082.5,24072.85,24074.9,0
2026-07-02T11:39:00+05:30,24075.4,24079.15,24072.9,24074.2,0
2026-07-02T11:40:00+05:30,24073.95,24075.05,24069.3,24071.0,0
2026-07-02T11:41:00+05:30,24071.75,24072.3,24067.5,24070.8,0
2026-07-02T11:42:00+05:30,24070.7,24075.35,24070.45,24072.75,0
2026-07-02T11:43:00+05:30,24072.9,24080.25,24072.6,24079.85,0
2026-07-02T11:44:00+05:30,24079.85,24083.75,24073.5,24083.75,0
2026-07-02T11:45:00+05:30,24083.55,24086.3,24080.85,24084.85,0
2026-07-02T11:46:00+05:30,24084.6,24095.05,24083.55,24089.35,0
2026-07-02T11:47:00+05:30,24088.75,24090.2,24083.95,24085.2,0
2026-07-02T11:48:00+05:30,24085.25,24089.15,24082.1,24084.7,0
2026-07-02T11:49:00+05:30,24084.75,24088.55,24083.35,24086.0,0
2026-07-02T11:50:00+05:30,24086.9,24091.0,24086.15,24089.1,0
2026-07-02T11:51:00+05:30,24088.5,24093.6,24086.5,24089.1,0
2026-07-02T11:52:00+05:30,24089.2,24097.0,24089.2,24093.2,0
2026-07-02T11:53:00+05:30,24093.5,24097.8,24092.4,24096.75,0
2026-07-02T11:54:00+05:30,24096.9,24103.5,24093.25,24095.75,0
2026-07-02T11:55:00+05:30,24094.55,24101.55,24094.55,24100.85,0
2026-07-02T11:56:00+05:30,24100.9,24105.85,24098.25,24101.9,0
2026-07-02T11:57:00+05:30,24102.35,24106.65,24098.2,24101.15,0
2026-07-02T11:58:00+05:30,24101.1,24101.4,24095.75,24099.2,0
2026-07-02T11:59:00+05:30,24099.7,24103.7,24094.0,24099.55,0
2026-07-02T12:00:00+05:30,24099.1,24100.6,24094.8,24097.3,0
2026-07-02T12:01:00+05:30,24097.55,24103.1,24096.6,24100.85,0
2026-07-02T12:02:00+05:30,24101.35,24104.9,24100.55,24103.45,0
2026-07-02T12:03:00+05:30,24103.65,24110.5,24102.1,24109.7,0
2026-07-02T12:04:00+05:30,24109.75,24111.35,24100.1,24101.75,0
2026-07-02T12:05:00+05:30,24102.9,24108.85,24101.4,24105.1,0
2026-07-02T12:06:00+05:30,24104.95,24110.85,24102.9,24109.15,0
2026-07-02T12:07:00+05:30,24109.9,24109.9,24102.15,24108.0,0
2026-07-02T12:08:00+05:30,24108.15,24110.65,24105.2,24109.6,0
2026-07-02T12:09:00+05:30,24108.65,24109.2,24105.0,24107.5,0
2026-07-02T12:10:00+05:30,24107.0,24109.85,24101.7,24107.95,0
2026-07-02T12:11:00+05:30,24107.35,24108.55,24102.75,24104.4,0
2026-07-02T12:12:00+05:30,24104.9,24108.3,24103.15,24103.15,0
2026-07-02T12:13:00+05:30,24104.35,24111.65,24102.95,24108.3,0
2026-07-02T12:14:00+05:30,24108.15,24114.1,24107.05,24112.75,0
2026-07-02T12:15:00+05:30,24113.05,24114.85,24106.55,24109.35,0
2026-07-02T12:16:00+05:30,24109.8,24111.95,24107.25,24109.7,0
2026-07-02T12:17:00+05:30,24110.15,24119.45,24108.45,24116.1,0
2026-07-02T12:18:00+05:30,24116.75,24126.65,24115.6,24126.0,0
2026-07-02T12:19:00+05:30,24126.2,24127.75,24121.55,24124.05,0
2026-07-02T12:20:00+05:30,24123.65,24126.4,24119.7,24121.65,0
2026-07-02T12:21:00+05:30,24121.75,24124.05,24118.6,24123.5,0
2026-07-02T12:22:00+05:30,24123.4,24123.85,24118.95,24122.9,0
2026-07-02T12:23:00+05:30,24122.65,24125.4,24121.05,24123.25,0
2026-07-02T12:24:00+05:30,24123.5,24130.4,24121.05,24124.0,0
2026-07-02T12:25:00+05:30,24124.2,24125.95,24119.65,24121.15,0
2026-07-02T12:26:00+05:30,24121.75,24128.5,24120.85,24127.5,0
2026-07-02T12:27:00+05:30,24126.65,24129.7,24124.2,24125.05,0
2026-07-02T12:28:00+05:30,24125.5,24133.2,24123.9,24131.65,0
2026-07-02T12:29:00+05:30,24131.75,24133.0,24127.55,24131.75,0
2026-07-02T12:30:00+05:30,24132.1,24133.8,24125.75,24128.0,0
2026-07-02T12:31:00+05:30,24127.4,24128.45,24122.0,24125.85,0
2026-07-02T12:32:00+05:30,24125.9,24126.65,24120.35,24122.15,0
2026-07-02T12:33:00+05:30,24121.45,24123.6,24118.6,24120.9,0
2026-07-02T12:34:00+05:30,24121.15,24123.2,24120.05,24122.4,0
2026-07-02T12:35:00+05:30,24123.0,24127.85,24121.85,24126.55,0
2026-07-02T12:36:00+05:30,24126.55,24128.8,24124.7,24127.25,0
2026-07-02T12:37:00+05:30,24127.55,24128.35,24124.0,24125.75,0
2026-07-02T12:38:00+05:30,24125.95,24130.5,24120.15,24130.25,0
2026-07-02T12:39:00+05:30,24130.85,24137.7,24130.85,24132.7,0
2026-07-02T12:40:00+05:30,24133.1,24135.45,24130.55,24134.0,0
2026-07-02T12:41:00+05:30,24134.05,24135.3,24129.45,24135.1,0
2026-07-02T12:42:00+05:30,24134.8,24135.3,24128.1,24130.5,0
2026-07-02T12:43:00+05:30,24129.85,24130.5,24118.75,24118.75,0
2026-07-02T12:44:00+05:30,24119.2,24124.15,24116.75,24121.8,0
2026-07-02T12:45:00+05:30,24122.2,24127.6,24114.65,24126.8,0
2026-07-02T12:46:00+05:30,24126.3,24133.15,24123.5,24132.75,0
2026-07-02T12:47:00+05:30,24132.75,24133.45,24120.5,24123.55,0
2026-07-02T12:48:00+05:30,24124.0,24127.95,24124.0,24127.45,0
2026-07-02T12:49:00+05:30,24127.75,24132.45,24125.55,24129.55,0
2026-07-02T12:50:00+05:30,24129.0,24129.25,24125.75,24127.75,0
2026-07-02T12:51:00+05:30,24127.05,24129.6,24122.55,24124.05,0
2026-07-02T12:52:00+05:30,24124.3,24127.8,24121.5,24126.95,0
2026-07-02T12:53:00+05:30,24126.65,24127.4,24121.35,24122.95,0
2026-07-02T12:54:00+05:30,24123.45,24127.45,24122.05,24124.35,0
2026-07-02T12:55:00+05:30,24124.0,24126.0,24119.8,24121.8,0
2026-07-02T12:56:00+05:30,24121.85,24124.3,24118.9,24121.55,0
2026-07-02T12:57:00+05:30,24121.45,24124.0,24118.6,24121.15,0
2026-07-02T12:58:00+05:30,24121.6,24123.85,24120.0,24121.95,0
2026-07-02T12:59:00+05:30,24121.85,24124.05,24113.6,24119.4,0
2026-07-02T13:00:00+05:30,24119.45,24124.5,24115.75,24124.5,0
2026-07-02T13:01:00+05:30,24124.85,24130.85,24115.75,24129.15,0
2026-07-02T13:02:00+05:30,24129.7,24135.05,24128.55,24133.05,0
2026-07-02T13:03:00+05:30,24132.25,24133.4,24125.9,24133.35,0
2026-07-02T13:04:00+05:30,24133.0,24135.35,24130.55,24133.6,0
2026-07-02T13:05:00+05:30,24133.35,24138.05,24131.1,24135.95,0
2026-07-02T13:06:00+05:30,24135.55,24145.1,24134.65,24139.65,0
2026-07-02T13:07:00+05:30,24137.9,24142.45,24136.85,24141.55,0
2026-07-02T13:08:00+05:30,24141.65,24144.75,24139.8,24143.7,0
2026-07-02T13:09:00+05:30,24142.35,24143.85,24139.15,24141.6,0
2026-07-02T13:10:00+05:30,24141.85,24142.65,24136.7,24139.85,0
2026-07-02T13:11:00+05:30,24141.05,24144.45,24138.4,24143.2,0
2026-07-02T13:12:00+05:30,24143.95,24145.8,24140.65,24142.65,0
2026-07-02T13:13:00+05:30,24142.6,24145.3,24139.7,24140.8,0
2026-07-02T13:14:00+05:30,24141.5,24145.5,24138.4,24143.25,0
2026-07-02T13:15:00+05:30,24142.8,24152.9,24142.45,24149.45,0
2026-07-02T13:16:00+05:30,24148.85,24152.05,24141.8,24150.15,0
2026-07-02T13:17:00+05:30,24148.8,24151.25,24146.0,24147.1,0
2026-07-02T13:18:00+05:30,24147.65,24151.95,24145.4,24146.8,0
2026-07-02T13:19:00+05:30,24149.05,24153.45,24146.05,24151.6,0
2026-07-02T13:20:00+05:30,24151.95,24152.65,24143.25,24143.65,0
2026-07-02T13:21:00+05:30,24144.45,24145.25,24137.75,24141.65,0
2026-07-02T13:22:00+05:30,24141.25,24152.45,24139.55,24146.15,0
2026-07-02T13:23:00+05:30,24146.4,24149.05,24142.25,24146.8,0
2026-07-02T13:24:00+05:30,24147.85,24151.2,24145.9,24149.25,0
2026-07-02T13:25:00+05:30,24149.9,24151.05,24142.75,24144.25,0
2026-07-02T13:26:00+05:30,24142.95,24155.35,24142.95,24146.85,0
2026-07-02T13:27:00+05:30,24147.3,24150.85,24145.05,24148.65,0
2026-07-02T13:28:00+05:30,24149.55,24150.1,24139.15,24143.75,0
2026-07-02T13:29:00+05:30,24143.95,24146.55,24140.8,24141.75,0
2026-07-02T13:30:00+05:30,24141.8,24145.35,24137.05,24141.75,0
2026-07-02T13:31:00+05:30,24141.65,24145.05,24139.8,24142.95,0
2026-07-02T13:32:00+05:30,24143.7,24146.25,24139.5,24146.0,0
2026-07-02T13:33:00+05:30,24145.85,24147.5,24142.35,24145.75,0
2026-07-02T13:34:00+05:30,24145.75,24150.55,24144.3,24146.55,0
2026-07-02T13:35:00+05:30,24145.15,24152.4,24143.7,24150.5,0
2026-07-02T13:36:00+05:30,24150.9,24152.35,24139.55,24140.8,0
2026-07-02T13:37:00+05:30,24140.9,24142.4,24129.45,24134.4,0
2026-07-02T13:38:00+05:30,24133.75,24136.65,24128.55,24133.95,0
2026-07-02T13:39:00+05:30,24133.9,24139.55,24133.5,24139.35,0
2026-07-02T13:40:00+05:30,24139.2,24140.8,24136.0,24138.25,0
2026-07-02T13:41:00+05:30,24137.95,24141.0,24136.8,24138.9,0
2026-07-02T13:42:00+05:30,24138.65,24141.15,24136.9,24138.95,0
2026-07-02T13:43:00+05:30,24139.0,24140.0,24135.6,24135.85,0
2026-07-02T13:44:00+05:30,24136.75,24138.15,24131.35,24134.2,0
2026-07-02T13:45:00+05:30,24133.85,24135.0,24129.75,24134.5,0
2026-07-02T13:46:00+05:30,24134.35,24138.55,24131.55,24134.4,0
2026-07-02T13:47:00+05:30,24134.0,24135.2,24130.45,24134.25,0
2026-07-02T13:48:00+05:30,24134.3,24134.3,24127.85,24128.85,0
2026-07-02T13:49:00+05:30,24128.7,24134.5,24128.15,24130.95,0
2026-07-02T13:50:00+05:30,24130.7,24139.55,24130.6,24139.0,0
2026-07-02T13:51:00+05:30,24139.3,24140.8,24134.15,24136.4,0
2026-07-02T13:52:00+05:30,24136.3,24138.0,24133.55,24137.25,0
2026-07-02T13:53:00+05:30,24139.45,24140.45,24133.5,24135.15,0
2026-07-02T13:54:00+05:30,24135.05,24137.45,24131.25,24133.4,0
2026-07-02T13:55:00+05:30,24133.45,24136.95,24131.15,24134.8,0
2026-07-02T13:56:00+05:30,24134.6,24137.6,24132.85,24134.1,0
2026-07-02T13:57:00+05:30,24134.4,24135.6,24128.55,24133.05,0
2026-07-02T13:58:00+05:30,24132.8,24134.4,24128.45,24129.7,0
2026-07-02T13:59:00+05:30,24130.25,24132.55,24126.0,24131.2,0
2026-07-02T14:00:00+05:30,24131.65,24134.95,24128.85,24133.75,0
2026-07-02T14:01:00+05:30,24134.25,24140.0,24133.0,24138.55,0
2026-07-02T14:02:00+05:30,24137.9,24141.7,24136.0,24139.4,0
2026-07-02T14:03:00+05:30,24139.3,24139.6,24132.4,24138.5,0
2026-07-02T14:04:00+05:30,24138.6,24140.55,24136.05,24137.4,0
2026-07-02T14:05:00+05:30,24137.45,24142.85,24137.15,24138.95,0
2026-07-02T14:06:00+05:30,24139.35,24140.6,24131.2,24132.6,0
2026-07-02T14:07:00+05:30,24132.55,24138.8,24131.0,24132.85,0
2026-07-02T14:08:00+05:30,24132.25,24135.15,24130.65,24133.25,0
2026-07-02T14:09:00+05:30,24133.05,24136.6,24129.15,24132.9,0
2026-07-02T14:10:00+05:30,24132.9,24135.95,24128.85,24131.95,0
2026-07-02T14:11:00+05:30,24132.05,24138.1,24129.55,24134.15,0
2026-07-02T14:12:00+05:30,24134.15,24137.6,24131.15,24137.2,0
2026-07-02T14:13:00+05:30,24137.55,24139.45,24132.15,24137.35,0
2026-07-02T14:14:00+05:30,24137.9,24138.55,24129.35,24132.3,0
2026-07-02T14:15:00+05:30,24132.15,24134.6,24127.4,24129.65,0
2026-07-02T14:16:00+05:30,24130.15,24138.5,24129.3,24137.55,0
2026-07-02T14:17:00+05:30,24137.7,24138.95,24128.2,24131.8,0
2026-07-02T14:18:00+05:30,24131.85,24134.2,24128.45,24133.6,0
2026-07-02T14:19:00+05:30,24133.6,24136.25,24129.35,24132.7,0
2026-07-02T14:20:00+05:30,24133.45,24136.1,24130.95,24132.5,0
2026-07-02T14:21:00+05:30,24132.25,24141.5,24130.45,24138.5,0
2026-07-02T14:22:00+05:30,24138.1,24148.65,24136.45,24147.85,0
2026-07-02T14:23:00+05:30,24148.0,24155.3,24147.65,24152.25,0
2026-07-02T14:24:00+05:30,24152.65,24154.4,24145.75,24147.1,0
2026-07-02T14:25:00+05:30,24146.95,24147.9,24138.6,24144.45,0
2026-07-02T14:26:00+05:30,24144.95,24145.6,24137.2,24139.35,0
2026-07-02T14:27:00+05:30,24137.8,24139.5,24131.1,24138.55,0
2026-07-02T14:28:00+05:30,24138.5,24141.95,24136.2,24138.8,0
2026-07-02T14:29:00+05:30,24138.6,24141.15,24137.0,24140.15,0
2026-07-02T14:30:00+05:30,24140.5,24151.75,24138.95,24148.85,0
2026-07-02T14:31:00+05:30,24148.0,24151.8,24145.7,24148.3,0
2026-07-02T14:32:00+05:30,24147.95,24156.25,24147.95,24155.85,0
2026-07-02T14:33:00+05:30,24157.05,24157.95,24151.0,24155.15,0
2026-07-02T14:34:00+05:30,24155.35,24155.75,24148.65,24149.7,0
2026-07-02T14:35:00+05:30,24151.0,24155.0,24148.2,24152.15,0
2026-07-02T14:36:00+05:30,24152.4,24157.9,24151.1,24156.3,0
2026-07-02T14:37:00+05:30,24155.6,24163.0,24155.6,24161.65,0
2026-07-02T14:38:00+05:30,24161.2,24171.85,24159.3,24168.4,0
2026-07-02T14:39:00+05:30,24168.3,24176.3,24167.25,24173.45,0
2026-07-02T14:40:00+05:30,24173.7,24179.1,24170.85,24178.35,0
2026-07-02T14:41:00+05:30,24178.1,24182.15,24176.1,24178.7,0
2026-07-02T14:42:00+05:30,24179.3,24183.95,24173.05,24174.0,0
2026-07-02T14:43:00+05:30,24174.2,24181.9,24173.55,24176.85,0
2026-07-02T14:44:00+05:30,24177.1,24182.1,24175.5,24176.8,0
2026-07-02T14:45:00+05:30,24176.15,24183.35,24175.2,24178.1,0
2026-07-02T14:46:00+05:30,24178.45,24185.35,24176.55,24184.25,0
2026-07-02T14:47:00+05:30,24184.05,24192.35,24184.05,24190.5,0
2026-07-02T14:48:00+05:30,24190.7,24194.55,24180.05,24181.05,0
2026-07-02T14:49:00+05:30,24181.75,24186.45,24179.35,24182.7,0
2026-07-02T14:50:00+05:30,24183.6,24192.35,24180.3,24187.35,0
2026-07-02T14:51:00+05:30,24187.55,24188.85,24183.3,24183.4,0
2026-07-02T14:52:00+05:30,24184.2,24190.25,24181.05,24186.75,0
2026-07-02T14:53:00+05:30,24186.85,24191.4,24182.95,24184.45,0
2026-07-02T14:54:00+05:30,24184.45,24185.95,24178.8,24182.8,0
2026-07-02T14:55:00+05:30,24183.1,24183.9,24175.15,24175.15,0
2026-07-02T14:56:00+05:30,24175.95,24183.3,24172.6,24176.65,0
2026-07-02T14:57:00+05:30,24176.05,24183.75,24175.35,24183.6,0
2026-07-02T14:58:00+05:30,24183.45,24184.05,24180.2,24183.6,0
2026-07-02T14:59:00+05:30,24184.3,24192.9,24184.3,24190.75,0
2026-07-02T15:00:00+05:30,24191.1,24193.4,24173.7,24174.35,0
2026-07-02T15:01:00+05:30,24175.95,24176.05,24171.05,24171.05,0
2026-07-02T15:02:00+05:30,24172.5,24174.75,24169.4,24173.0,0
2026-07-02T15:03:00+05:30,24175.1,24175.6,24169.9,24173.35,0
2026-07-02T15:04:00+05:30,24174.75,24181.05,24171.85,24171.9,0
2026-07-02T15:05:00+05:30,24173.3,24178.5,24171.75,24178.5,0
2026-07-02T15:06:00+05:30,24179.25,24182.0,24177.9,24178.7,0
2026-07-02T15:07:00+05:30,24180.8,24181.35,24173.1,24174.4,0
2026-07-02T15:08:00+05:30,24175.65,24186.05,24173.5,24182.65,0
2026-07-02T15:09:00+05:30,24183.75,24189.35,24178.3,24178.9,0
2026-07-02T15:10:00+05:30,24180.5,24180.7,24169.7,24172.15,0
2026-07-02T15:11:00+05:30,24172.85,24181.05,24171.05,24180.7,0
2026-07-02T15:12:00+05:30,24182.0,24183.6,24178.4,24179.7,0
2026-07-02T15:13:00+05:30,24180.75,24181.15,24175.9,24176.05,0
2026-07-02T15:14:00+05:30,24177.45,24178.95,24174.8,24176.5,0
2026-07-02T15:15:00+05:30,24176.9,24177.0,24173.55,24174.75,0
2026-07-02T15:16:00+05:30,24176.8,24179.5,24175.0,24178.35,0
2026-07-02T15:17:00+05:30,24178.25,24179.05,24173.2,24174.3,0
2026-07-02T15:18:00+05:30,24174.45,24174.9,24168.85,24169.9,0
2026-07-02T15:19:00+05:30,24170.3,24171.2,24153.4,24156.0,0
2026-07-02T15:20:00+05:30,24155.95,24166.3,24153.55,24165.7,0
2026-07-02T15:21:00+05:30,24164.75,24169.7,24159.85,24162.5,0
2026-07-02T15:22:00+05:30,24161.4,24162.8,24157.35,24160.55,0
2026-07-02T15:23:00+05:30,24160.6,24163.95,24157.75,24163.6,0
2026-07-02T15:24:00+05:30,24164.35,24168.35,24160.45,24167.15,0
2026-07-02T15:25:00+05:30,24167.6,24168.5,24158.0,24159.5,0
2026-07-02T15:26:00+05:30,24161.05,24166.05,24158.25,24165.1,0
2026-07-02T15:27:00+05:30,24165.7,24169.2,24163.65,24166.25,0
2026-07-02T15:28:00+05:30,24168.55,24171.55,24165.75,24167.65,0
2026-07-02T15:29:00+05:30,24167.6,24172.6,24164.45,24167.2,0
2026-07-03T09:15:00+05:30,24375.65,24378.15,24310.75,24317.3,0
2026-07-03T09:16:00+05:30,24318.3,24323.8,24305.6,24316.5,0
2026-07-03T09:17:00+05:30,24317.75,24319.8,24308.4,24311.85,0
2026-07-03T09:18:00+05:30,24310.7,24316.4,24300.85,24301.3,0
2026-07-03T09:19:00+05:30,24303.45,24306.5,24295.15,24302.6,0
2026-07-03T09:20:00+05:30,24302.9,24316.75,24299.45,24311.8,0
2026-07-03T09:21:00+05:30,24316.45,24324.75,24311.8,24324.75,0
2026-07-03T09:22:00+05:30,24326.9,24333.9,24325.05,24331.8,0
2026-07-03T09:23:00+05:30,24333.7,24339.55,24329.15,24330.6,0
2026-07-03T09:24:00+05:30,24332.25,24336.0,24327.75,24335.05,0
2026-07-03T09:25:00+05:30,24335.95,24348.85,24334.15,24347.75,0
2026-07-03T09:26:00+05:30,24348.8,24350.25,24343.4,24346.8,0
2026-07-03T09:27:00+05:30,24348.8,24350.95,24342.4,24347.8,0
2026-07-03T09:28:00+05:30,24348.4,24350.2,24343.5,24344.7,0
2026-07-03T09:29:00+05:30,24346.7,24350.4,24344.1,24347.75,0
2026-07-03T09:30:00+05:30,24349.0,24356.0,24348.4,24350.45,0
2026-07-03T09:31:00+05:30,24351.65,24356.15,24348.8,24353.3,0
2026-07-03T09:32:00+05:30,24354.95,24363.55,24353.85,24363.0,0
2026-07-03T09:33:00+05:30,24366.35,24366.8,24356.2,24359.0,0
2026-07-03T09:34:00+05:30,24360.4,24360.4,24351.05,24355.65,0
2026-07-03T09:35:00+05:30,24357.85,24360.2,24346.5,24348.75,0
2026-07-03T09:36:00+05:30,24349.65,24357.9,24349.45,24357.9,0
2026-07-03T09:37:00+05:30,24360.25,24360.25,24353.95,24353.95,0
2026-07-03T09:38:00+05:30,24356.25,24360.9,24352.0,24360.6,0
2026-07-03T09:39:00+05:30,24360.75,24365.2,24357.4,24359.5,0
2026-07-03T09:40:00+05:30,24361.8,24361.8,24351.9,24356.05,0
2026-07-03T09:41:00+05:30,24357.95,24358.65,24348.5,24349.45,0
2026-07-03T09:42:00+05:30,24352.7,24357.7,24350.25,24352.25,0
2026-07-03T09:43:00+05:30,24355.1,24356.5,24343.55,24345.2,0
2026-07-03T09:44:00+05:30,24345.75,24346.95,24334.5,24336.8,0
2026-07-03T09:45:00+05:30,24338.5,24342.75,24330.95,24340.7,0
2026-07-03T09:46:00+05:30,24343.4,24344.75,24334.2,24335.15,0
2026-07-03T09:47:00+05:30,24335.65,24336.25,24329.45,24331.4,0
2026-07-03T09:48:00+05:30,24332.4,24333.05,24324.75,24329.45,0
2026-07-03T09:49:00+05:30,24329.65,24333.3,24327.15,24329.9,0
2026-07-03T09:50:00+05:30,24331.45,24337.0,24330.2,24335.5,0
2026-07-03T09:51:00+05:30,24337.15,24344.35,24330.0,24342.85,0
2026-07-03T09:52:00+05:30,24344.25,24344.35,24336.8,24340.0,0
2026-07-03T09:53:00+05:30,24340.35,24342.6,24335.9,24335.9,0
2026-07-03T09:54:00+05:30,24338.0,24341.0,24334.9,24337.0,0
2026-07-03T09:55:00+05:30,24337.0,24337.2,24326.6,24327.1,0
2026-07-03T09:56:00+05:30,24327.65,24332.0,24323.0,24329.85,0
2026-07-03T09:57:00+05:30,24330.4,24341.95,24330.4,24340.5,0
2026-07-03T09:58:00+05:30,24340.8,24341.4,24334.3,24335.15,0
2026-07-03T09:59:00+05:30,24336.2,24339.35,24332.45,24333.2,0
2026-07-03T10:00:00+05:30,24335.3,24341.95,24334.5,24339.7,0
2026-07-03T10:01:00+05:30,24340.95,24341.0,24335.6,24337.2,0
2026-07-03T10:02:00+05:30,24339.55,24339.55,24327.3,24329.8,0
2026-07-03T10:03:00+05:30,24330.65,24332.05,24324.1,24329.4,0
2026-07-03T10:04:00+05:30,24331.3,24331.45,24313.1,24315.15,0
2026-07-03T10:05:00+05:30,24315.2,24324.45,24311.85,24318.65,0
2026-07-03T10:06:00+05:30,24318.9,24325.85,24318.55,24325.85,0
2026-07-03T10:07:00+05:30,24327.55,24340.5,24325.6,24340.45,0
2026-07-03T10:08:00+05:30,24341.75,24341.75,24336.05,24339.3,0
2026-07-03T10:09:00+05:30,24340.25,24341.65,24336.0,24337.5,0
2026-07-03T10:10:00+05:30,24338.5,24342.25,24336.2,24339.7,0
2026-07-03T10:11:00+05:30,24340.25,24340.95,24332.8,24337.9,0
2026-07-03T10:12:00+05:30,24338.4,24338.4,24331.9,24333.4,0
2026-07-03T10:13:00+05:30,24335.95,24336.7,24328.4,24329.1,0
2026-07-03T10:14:00+05:30,24330.65,24335.05,24328.65,24330.6,0
2026-07-03T10:15:00+05:30,24332.0,24335.55,24329.4,24331.0,0
2026-07-03T10:16:00+05:30,24332.55,24332.6,24320.9,24322.7,0
2026-07-03T10:17:00+05:30,24324.3,24324.4,24317.75,24321.65,0
2026-07-03T10:18:00+05:30,24322.8,24329.75,24319.3,24329.7,0
2026-07-03T10:19:00+05:30,24330.55,24330.55,24326.25,24326.65,0
2026-07-03T10:20:00+05:30,24325.75,24326.45,24315.4,24321.2,0
2026-07-03T10:21:00+05:30,24322.0,24343.9,24320.5,24341.05,0
2026-07-03T10:22:00+05:30,24342.1,24343.85,24336.45,24342.6,0
2026-07-03T10:23:00+05:30,24342.9,24343.55,24338.9,24340.3,0
2026-07-03T10:24:00+05:30,24341.75,24344.45,24339.35,24339.4,0
2026-07-03T10:25:00+05:30,24340.65,24347.45,24339.8,24345.6,0
2026-07-03T10:26:00+05:30,24347.55,24352.65,24344.85,24347.8,0
2026-07-03T10:27:00+05:30,24349.4,24349.85,24342.5,24345.65,0
2026-07-03T10:28:00+05:30,24346.95,24347.4,24339.35,24341.5,0
2026-07-03T10:29:00+05:30,24342.9,24348.15,24340.15,24345.1,0
2026-07-03T10:30:00+05:30,24347.1,24349.7,24342.85,24348.75,0
2026-07-03T10:31:00+05:30,24350.55,24350.55,24342.55,24345.35,0
2026-07-03T10:32:00+05:30,24346.85,24347.15,24342.2,24343.4,0
2026-07-03T10:33:00+05:30,24344.45,24345.85,24341.4,24343.75,0
2026-07-03T10:34:00+05:30,24343.65,24345.6,24340.65,24344.7,0
2026-07-03T10:35:00+05:30,24346.45,24347.7,24341.2,24342.55,0
2026-07-03T10:36:00+05:30,24343.75,24350.9,24343.05,24347.75,0
2026-07-03T10:37:00+05:30,24349.25,24351.5,24346.85,24349.45,0
2026-07-03T10:38:00+05:30,24350.2,24350.55,24342.35,24344.95,0
2026-07-03T10:39:00+05:30,24345.45,24346.45,24339.3,24340.15,0
2026-07-03T10:40:00+05:30,24341.95,24341.95,24335.55,24338.6,0
2026-07-03T10:41:00+05:30,24340.15,24340.3,24336.75,24338.45,0
2026-07-03T10:42:00+05:30,24339.55,24341.05,24336.4,24339.35,0
2026-07-03T10:43:00+05:30,24340.75,24342.7,24336.7,24339.25,0
2026-07-03T10:44:00+05:30,24339.05,24341.95,24336.25,24340.35,0
2026-07-03T10:45:00+05:30,24342.1,24342.35,24338.55,24340.1,0
2026-07-03T10:46:00+05:30,24341.25,24344.4,24339.4,24342.4,0
2026-07-03T10:47:00+05:30,24344.0,24345.15,24336.8,24340.2,0
2026-07-03T10:48:00+05:30,24341.55,24347.7,24339.95,24347.05,0
2026-07-03T10:49:00+05:30,24348.7,24349.5,24345.5,24347.1,0
2026-07-03T10:50:00+05:30,24348.45,24349.45,24343.95,24344.95,0
2026-07-03T10:51:00+05:30,24347.0,24347.4,24342.5,24344.7,0
2026-07-03T10:52:00+05:30,24346.85,24348.0,24342.9,24344.7,0
2026-07-03T10:53:00+05:30,24347.25,24347.25,24341.9,24345.85,0
2026-07-03T10:54:00+05:30,24347.4,24349.4,24345.15,24346.85,0
2026-07-03T10:55:00+05:30,24347.2,24347.2,24340.3,24341.7,0
2026-07-03T10:56:00+05:30,24343.9,24344.55,24339.75,24344.55,0
2026-07-03T10:57:00+05:30,24348.55,24348.55,24342.9,24344.7,0
2026-07-03T10:58:00+05:30,24346.45,24346.95,24341.0,24343.25,0
2026-07-03T10:59:00+05:30,24345.1,24346.1,24339.55,24340.75,0
2026-07-03T11:00:00+05:30,24342.05,24344.2,24337.55,24342.35,0
2026-07-03T11:01:00+05:30,24345.05,24345.5,24339.95,24343.65,0
2026-07-03T11:02:00+05:30,24345.65,24346.1,24341.95,24345.85,0
2026-07-03T11:03:00+05:30,24347.65,24352.15,24344.7,24351.2,0
2026-07-03T11:04:00+05:30,24353.7,24354.0,24345.9,24346.5,0
2026-07-03T11:05:00+05:30,24348.75,24351.8,24343.6,24343.6,0
2026-07-03T11:06:00+05:30,24346.1,24346.6,24340.9,24344.75,0
2026-07-03T11:07:00+05:30,24346.45,24346.45,24339.3,24342.2,0
2026-07-03T11:08:00+05:30,24344.1,24344.1,24335.65,24337.2,0
2026-07-03T11:09:00+05:30,24339.2,24339.3,24331.05,24332.4,0
2026-07-03T11:10:00+05:30,24334.05,24334.15,24328.65,24329.7,0
2026-07-03T11:11:00+05:30,24330.4,24331.75,24327.25,24329.55,0
2026-07-03T11:12:00+05:30,24331.45,24331.45,24322.25,24325.15,0
2026-07-03T11:13:00+05:30,24326.65,24326.95,24320.85,24321.6,0
2026-07-03T11:14:00+05:30,24323.8,24324.85,24320.65,24322.7,0
2026-07-03T11:15:00+05:30,24324.7,24330.95,24324.0,24330.25,0
2026-07-03T11:16:00+05:30,24330.9,24332.0,24325.2,24326.45,0
2026-07-03T11:17:00+05:30,24328.05,24329.3,24323.4,24327.3,0
2026-07-03T11:18:00+05:30,24328.55,24329.7,24324.7,24327.0,0
2026-07-03T11:19:00+05:30,24329.6,24331.55,24326.75,24330.15,0
2026-07-03T11:20:00+05:30,24331.55,24333.5,24328.75,24329.4,0
2026-07-03T11:21:00+05:30,24330.25,24331.85,24325.5,24328.9,0
2026-07-03T11:22:00+05:30,24331.55,24331.55,24321.95,24323.0,0
2026-07-03T11:23:00+05:30,24325.0,24325.0,24320.85,24320.85,0
2026-07-03T11:24:00+05:30,24321.9,24327.3,24319.1,24324.6,0
2026-07-03T11:25:00+05:30,24326.95,24326.95,24321.25,24324.6,0
2026-07-03T11:26:00+05:30,24325.45,24329.25,24324.5,24327.4,0
2026-07-03T11:27:00+05:30,24329.2,24329.75,24325.45,24326.95,0
2026-07-03T11:28:00+05:30,24328.85,24331.7,24326.0,24327.25,0
2026-07-03T11:29:00+05:30,24328.55,24329.0,24324.55,24328.35,0
2026-07-03T11:30:00+05:30,24329.75,24333.15,24327.8,24330.9,0
2026-07-03T11:31:00+05:30,24332.15,24332.15,24324.95,24327.75,0
2026-07-03T11:32:00+05:30,24329.2,24329.2,24322.9,24325.6,0
2026-07-03T11:33:00+05:30,24327.05,24331.85,24323.2,24329.95,0
2026-07-03T11:34:00+05:30,24331.5,24332.55,24326.45,24327.75,0
2026-07-03T11:35:00+05:30,24329.15,24329.55,24323.75,24326.6,0
2026-07-03T11:36:00+05:30,24328.5,24329.55,24325.2,24326.05,0
2026-07-03T11:37:00+05:30,24328.0,24331.65,24323.5,24330.65,0
2026-07-03T11:38:00+05:30,24332.9,24333.65,24328.8,24330.65,0
2026-07-03T11:39:00+05:30,24333.0,24335.85,24329.0,24335.7,0
2026-07-03T11:40:00+05:30,24337.6,24339.0,24335.35,24336.95,0
2026-07-03T11:41:00+05:30,24339.05,24345.8,24337.55,24340.25,0
2026-07-03T11:42:00+05:30,24343.25,24343.25,24337.15,24341.95,0
2026-07-03T11:43:00+05:30,24343.45,24344.15,24340.3,24342.05,0
2026-07-03T11:44:00+05:30,24343.15,24343.75,24333.5,24338.25,0
2026-07-03T11:45:00+05:30,24338.4,24339.15,24334.65,24336.25,0
2026-07-03T11:46:00+05:30,24338.65,24342.0,24336.45,24340.4,0
2026-07-03T11:47:00+05:30,24342.25,24344.8,24339.6,24339.95,0
2026-07-03T11:48:00+05:30,24341.9,24341.9,24336.85,24337.3,0
2026-07-03T11:49:00+05:30,24337.35,24338.6,24335.45,24337.6,0
2026-07-03T11:50:00+05:30,24339.35,24342.15,24337.15,24341.35,0
2026-07-03T11:51:00+05:30,24342.55,24342.55,24336.95,24340.45,0
2026-07-03T11:52:00+05:30,24340.8,24347.4,24339.65,24345.25,0
2026-07-03T11:53:00+05:30,24347.75,24350.0,24344.7,24349.1,0
2026-07-03T11:54:00+05:30,24349.3,24349.3,24343.85,24347.2,0
2026-07-03T11:55:00+05:30,24348.95,24351.7,24347.25,24350.3,0
2026-07-03T11:56:00+05:30,24350.45,24350.45,24346.2,24348.35,0
2026-07-03T11:57:00+05:30,24349.4,24352.9,24347.3,24349.9,0
2026-07-03T11:58:00+05:30,24350.85,24351.0,24344.25,24350.65,0
2026-07-03T11:59:00+05:30,24351.05,24356.8,24349.7,24353.4,0
2026-07-03T12:00:00+05:30,24357.15,24359.7,24355.05,24358.6,0
2026-07-03T12:01:00+05:30,24360.2,24360.45,24350.8,24353.4,0
2026-07-03T12:02:00+05:30,24353.75,24357.15,24351.35,24354.05,0
2026-07-03T12:03:00+05:30,24355.65,24357.8,24352.35,24355.3,0
2026-07-03T12:04:00+05:30,24355.5,24358.6,24352.35,24357.85,0
2026-07-03T12:05:00+05:30,24357.8,24360.25,24354.45,24359.15,0
2026-07-03T12:06:00+05:30,24359.85,24361.5,24354.4,24359.65,0
2026-07-03T12:07:00+05:30,24362.25,24368.35,24359.65,24368.05,0
2026-07-03T12:08:00+05:30,24367.9,24370.7,24363.75,24364.55,0
2026-07-03T12:09:00+05:30,24365.4,24365.4,24359.95,24364.4,0
2026-07-03T12:10:00+05:30,24364.3,24364.9,24359.25,24362.05,0
2026-07-03T12:11:00+05:30,24363.1,24365.0,24359.8,24364.95,0
2026-07-03T12:12:00+05:30,24365.4,24367.4,24361.85,24366.3,0
2026-07-03T12:13:00+05:30,24366.55,24372.65,24362.55,24372.65,0
2026-07-03T12:14:00+05:30,24373.25,24373.25,24367.0,24369.65,0
2026-07-03T12:15:00+05:30,24370.0,24373.35,24367.15,24368.8,0
2026-07-03T12:16:00+05:30,24369.65,24369.8,24363.05,24366.0,0
2026-07-03T12:17:00+05:30,24366.05,24366.85,24361.6,24363.65,0
2026-07-03T12:18:00+05:30,24364.3,24367.1,24362.25,24366.0,0
2026-07-03T12:19:00+05:30,24366.4,24368.6,24363.7,24366.95,0
2026-07-03T12:20:00+05:30,24368.8,24369.0,24363.55,24364.7,0
2026-07-03T12:21:00+05:30,24364.95,24365.65,24358.1,24358.95,0
2026-07-03T12:22:00+05:30,24359.85,24362.95,24356.8,24358.9,0
2026-07-03T12:23:00+05:30,24359.0,24360.5,24354.8,24359.65,0
2026-07-03T12:24:00+05:30,24360.75,24360.9,24357.15,24360.85,0
2026-07-03T12:25:00+05:30,24361.5,24363.6,24358.6,24362.35,0
2026-07-03T12:26:00+05:30,24363.25,24364.65,24359.45,24361.2,0
2026-07-03T12:27:00+05:30,24361.45,24365.55,24358.8,24364.15,0
2026-07-03T12:28:00+05:30,24364.95,24365.5,24353.6,24356.25,0
2026-07-03T12:29:00+05:30,24355.75,24362.15,24352.95,24362.15,0
2026-07-03T12:30:00+05:30,24362.4,24365.0,24360.15,24363.5,0
2026-07-03T12:31:00+05:30,24364.25,24364.55,24357.25,24359.0,0
2026-07-03T12:32:00+05:30,24358.8,24359.5,24354.2,24355.7,0
2026-07-03T12:33:00+05:30,24355.8,24356.1,24350.3,24353.75,0
2026-07-03T12:34:00+05:30,24354.7,24355.4,24350.4,24351.95,0
2026-07-03T12:35:00+05:30,24352.5,24354.7,24349.65,24353.25,0
2026-07-03T12:36:00+05:30,24353.25,24354.1,24347.3,24350.5,0
2026-07-03T12:37:00+05:30,24351.05,24357.0,24347.95,24357.0,0
2026-07-03T12:38:00+05:30,24356.9,24356.9,24344.2,24347.25,0
2026-07-03T12:39:00+05:30,24347.05,24351.1,24344.55,24349.65,0
2026-07-03T12:40:00+05:30,24350.55,24351.9,24346.8,24348.6,0
2026-07-03T12:41:00+05:30,24349.85,24349.85,24344.0,24346.5,0
2026-07-03T12:42:00+05:30,24346.3,24346.45,24341.75,24344.6,0
2026-07-03T12:43:00+05:30,24345.55,24346.75,24339.4,24343.5,0
2026-07-03T12:44:00+05:30,24343.5,24345.55,24340.0,24345.55,0
2026-07-03T12:45:00+05:30,24346.9,24346.9,24341.7,24346.1,0
2026-07-03T12:46:00+05:30,24346.1,24352.95,24343.7,24352.85,0
2026-07-03T12:47:00+05:30,24352.75,24354.3,24346.55,24350.15,0
2026-07-03T12:48:00+05:30,24350.75,24352.8,24346.8,24352.3,0
2026-07-03T12:49:00+05:30,24352.4,24354.85,24350.35,24354.25,0
2026-07-03T12:50:00+05:30,24354.5,24361.25,24353.35,24359.35,0
2026-07-03T12:51:00+05:30,24359.95,24360.05,24355.45,24357.55,0
2026-07-03T12:52:00+05:30,24357.75,24357.95,24354.7,24355.9,0
2026-07-03T12:53:00+05:30,24356.2,24356.2,24350.1,24354.3,0
2026-07-03T12:54:00+05:30,24354.25,24355.9,24352.0,24354.85,0
2026-07-03T12:55:00+05:30,24355.8,24357.95,24352.6,24357.6,0
2026-07-03T12:56:00+05:30,24357.8,24359.45,24353.85,24356.1,0
2026-07-03T12:57:00+05:30,24357.75,24359.45,24351.45,24351.8,0
2026-07-03T12:58:00+05:30,24352.45,24353.15,24349.45,24351.3,0
2026-07-03T12:59:00+05:30,24352.85,24355.35,24350.55,24353.45,0
2026-07-03T13:00:00+05:30,24355.05,24355.45,24350.95,24352.2,0
2026-07-03T13:01:00+05:30,24352.85,24353.4,24343.8,24345.4,0
2026-07-03T13:02:00+05:30,24345.5,24346.0,24338.5,24341.95,0
2026-07-03T13:03:00+05:30,24342.8,24345.8,24341.05,24343.1,0
2026-07-03T13:04:00+05:30,24344.5,24344.5,24336.75,24336.9,0
2026-07-03T13:05:00+05:30,24338.45,24338.45,24329.6,24330.7,0
2026-07-03T13:06:00+05:30,24331.7,24331.7,24317.1,24318.55,0
2026-07-03T13:07:00+05:30,24319.9,24330.45,24317.95,24326.35,0
2026-07-03T13:08:00+05:30,24326.6,24327.55,24319.15,24321.15,0
2026-07-03T13:09:00+05:30,24322.2,24323.2,24315.3,24319.15,0
2026-07-03T13:10:00+05:30,24320.25,24323.05,24317.75,24317.75,0
2026-07-03T13:11:00+05:30,24321.3,24322.15,24315.9,24317.1,0
2026-07-03T13:12:00+05:30,24318.25,24318.7,24311.4,24313.35,0
2026-07-03T13:13:00+05:30,24315.4,24321.3,24309.95,24319.75,0
2026-07-03T13:14:00+05:30,24321.4,24328.2,24320.35,24324.3,0
2026-07-03T13:15:00+05:30,24325.8,24325.8,24315.45,24316.6,0
2026-07-03T13:16:00+05:30,24318.7,24320.45,24315.6,24319.55,0
2026-07-03T13:17:00+05:30,24320.0,24320.75,24311.7,24312.1,0
2026-07-03T13:18:00+05:30,24312.3,24313.85,24310.7,24312.65,0
2026-07-03T13:19:00+05:30,24314.0,24317.8,24311.75,24315.65,0
2026-07-03T13:20:00+05:30,24317.25,24320.95,24314.65,24319.35,0
2026-07-03T13:21:00+05:30,24320.8,24321.95,24315.9,24318.05,0
2026-07-03T13:22:00+05:30,24319.6,24321.2,24314.35,24318.75,0
2026-07-03T13:23:00+05:30,24319.5,24319.5,24314.5,24315.85,0
2026-07-03T13:24:00+05:30,24317.05,24317.95,24310.35,24311.2,0
2026-07-03T13:25:00+05:30,24312.3,24312.65,24307.15,24307.15,0
2026-07-03T13:26:00+05:30,24308.9,24313.0,24304.6,24308.45,0
2026-07-03T13:27:00+05:30,24309.7,24309.8,24306.25,24306.8,0
2026-07-03T13:28:00+05:30,24307.3,24307.5,24302.85,24303.4,0
2026-07-03T13:29:00+05:30,24305.05,24306.9,24302.95,24305.95,0
2026-07-03T13:30:00+05:30,24306.35,24308.65,24303.75,24304.6,0
2026-07-03T13:31:00+05:30,24305.8,24306.1,24301.1,24302.3,0
2026-07-03T13:32:00+05:30,24302.85,24304.9,24296.2,24296.55,0
2026-07-03T13:33:00+05:30,24297.9,24297.9,24286.9,24290.55,0
2026-07-03T13:34:00+05:30,24291.65,24293.65,24289.0,24291.8,0
2026-07-03T13:35:00+05:30,24293.2,24293.2,24280.65,24282.15,0
2026-07-03T13:36:00+05:30,24282.45,24283.8,24272.65,24274.1,0
2026-07-03T13:37:00+05:30,24275.6,24290.1,24273.85,24289.65,0
2026-07-03T13:38:00+05:30,24290.9,24291.35,24284.55,24286.45,0
2026-07-03T13:39:00+05:30,24288.25,24291.6,24286.8,24289.85,0
2026-07-03T13:40:00+05:30,24290.75,24295.75,24288.7,24295.55,0
2026-07-03T13:41:00+05:30,24296.85,24298.9,24293.3,24295.6,0
2026-07-03T13:42:00+05:30,24295.95,24297.25,24287.5,24287.6,0
2026-07-03T13:43:00+05:30,24289.45,24294.0,24288.05,24294.0,0
2026-07-03T13:44:00+05:30,24294.85,24295.45,24286.9,24288.9,0
2026-07-03T13:45:00+05:30,24289.05,24290.15,24281.7,24283.15,0
2026-07-03T13:46:00+05:30,24284.8,24285.2,24279.1,24280.2,0
2026-07-03T13:47:00+05:30,24281.35,24283.1,24278.9,24280.5,0
2026-07-03T13:48:00+05:30,24282.05,24284.8,24280.6,24284.1,0
2026-07-03T13:49:00+05:30,24283.75,24292.7,24281.85,24292.35,0
2026-07-03T13:50:00+05:30,24292.15,24298.1,24290.75,24295.3,0
2026-07-03T13:51:00+05:30,24296.8,24297.05,24289.95,24294.1,0
2026-07-03T13:52:00+05:30,24295.85,24296.95,24293.3,24293.95,0
2026-07-03T13:53:00+05:30,24295.3,24295.55,24291.2,24292.15,0
2026-07-03T13:54:00+05:30,24293.5,24296.15,24291.25,24295.1,0
2026-07-03T13:55:00+05:30,24296.75,24296.95,24291.05,24293.0,0
2026-07-03T13:56:00+05:30,24293.6,24294.45,24290.2,24292.2,0
2026-07-03T13:57:00+05:30,24293.25,24293.25,24284.15,24287.15,0
2026-07-03T13:58:00+05:30,24288.05,24289.7,24285.35,24289.1,0
2026-07-03T13:59:00+05:30,24290.3,24290.95,24283.7,24285.45,0
2026-07-03T14:00:00+05:30,24285.95,24287.7,24281.25,24281.9,0
2026-07-03T14:01:00+05:30,24283.7,24284.45,24280.4,24284.35,0
2026-07-03T14:02:00+05:30,24285.45,24291.3,24283.15,24291.15,0
2026-07-03T14:03:00+05:30,24292.85,24292.9,24287.75,24289.35,0
2026-07-03T14:04:00+05:30,24290.5,24290.5,24278.55,24279.7,0
2026-07-03T14:05:00+05:30,24281.0,24292.65,24280.75,24292.65,0
2026-07-03T14:06:00+05:30,24292.9,24297.25,24291.55,24293.55,0
2026-07-03T14:07:00+05:30,24295.3,24295.3,24290.2,24291.0,0
2026-07-03T14:08:00+05:30,24291.95,24295.65,24290.4,24291.5,0
2026-07-03T14:09:00+05:30,24291.95,24292.9,24288.3,24291.2,0
2026-07-03T14:10:00+05:30,24292.95,24293.3,24286.3,24289.65,0
2026-07-03T14:11:00+05:30,24291.2,24292.65,24287.6,24291.95,0
2026-07-03T14:12:00+05:30,24293.5,24294.95,24289.75,24294.95,0
2026-07-03T14:13:00+05:30,24295.55,24295.85,24287.2,24289.0,0
2026-07-03T14:14:00+05:30,24289.95,24289.95,24285.3,24287.4,0
2026-07-03T14:15:00+05:30,24288.4,24288.5,24275.9,24276.5,0
2026-07-03T14:16:00+05:30,24279.45,24283.3,24277.55,24281.85,0
2026-07-03T14:17:00+05:30,24283.35,24285.3,24280.65,24284.25,0
2026-07-03T14:18:00+05:30,24285.25,24285.7,24277.7,24280.0,0
2026-07-03T14:19:00+05:30,24280.95,24281.4,24276.25,24276.9,0
2026-07-03T14:20:00+05:30,24277.9,24277.9,24266.8,24270.3,0
2026-07-03T14:21:00+05:30,24271.85,24272.5,24267.65,24268.65,0
2026-07-03T14:22:00+05:30,24269.8,24271.95,24267.5,24270.7,0
2026-07-03T14:23:00+05:30,24271.8,24272.35,24268.6,24270.05,0
2026-07-03T14:24:00+05:30,24270.3,24276.45,24267.15,24271.5,0
2026-07-03T14:25:00+05:30,24273.6,24273.6,24270.55,24272.95,0
2026-07-03T14:26:00+05:30,24274.0,24274.0,24268.55,24271.45,0
2026-07-03T14:27:00+05:30,24271.9,24273.55,24269.4,24273.55,0
2026-07-03T14:28:00+05:30,24273.6,24273.95,24266.5,24271.45,0
2026-07-03T14:29:00+05:30,24272.1,24272.2,24264.8,24267.85,0
2026-07-03T14:30:00+05:30,24268.5,24271.5,24265.3,24269.75,0
2026-07-03T14:31:00+05:30,24270.75,24275.7,24268.85,24273.0,0
2026-07-03T14:32:00+05:30,24273.75,24276.5,24271.45,24274.85,0
2026-07-03T14:33:00+05:30,24275.75,24283.7,24273.55,24282.85,0
2026-07-03T14:34:00+05:30,24284.0,24286.85,24279.5,24279.8,0
2026-07-03T14:35:00+05:30,24281.15,24285.9,24278.2,24283.2,0
2026-07-03T14:36:00+05:30,24284.4,24287.55,24278.85,24279.45,0
2026-07-03T14:37:00+05:30,24279.7,24281.05,24275.2,24277.35,0
2026-07-03T14:38:00+05:30,24279.2,24281.55,24276.1,24280.65,0
2026-07-03T14:39:00+05:30,24281.0,24281.75,24276.15,24279.1,0
2026-07-03T14:40:00+05:30,24279.85,24280.65,24276.9,24277.0,0
2026-07-03T14:41:00+05:30,24279.55,24279.6,24270.4,24272.45,0
2026-07-03T14:42:00+05:30,24273.55,24273.6,24268.45,24272.05,0
2026-07-03T14:43:00+05:30,24273.45,24273.95,24268.3,24269.7,0
2026-07-03T14:44:00+05:30,24270.25,24272.85,24268.3,24271.65,0
2026-07-03T14:45:00+05:30,24272.65,24275.2,24267.9,24268.05,0
2026-07-03T14:46:00+05:30,24270.0,24270.0,24261.05,24263.55,0
2026-07-03T14:47:00+05:30,24265.15,24270.95,24261.2,24269.4,0
2026-07-03T14:48:00+05:30,24271.4,24276.75,24269.95,24274.2,0
2026-07-03T14:49:00+05:30,24275.05,24278.95,24272.8,24278.95,0
2026-07-03T14:50:00+05:30,24280.05,24280.05,24269.15,24271.6,0
2026-07-03T14:51:00+05:30,24272.8,24273.5,24267.8,24269.35,0
2026-07-03T14:52:00+05:30,24270.4,24270.4,24256.35,24256.6,0
2026-07-03T14:53:00+05:30,24259.3,24261.3,24256.3,24259.25,0
2026-07-03T14:54:00+05:30,24261.05,24263.2,24259.35,24261.7,0
2026-07-03T14:55:00+05:30,24262.9,24264.15,24259.7,24262.9,0
2026-07-03T14:56:00+05:30,24264.5,24264.5,24260.35,24261.8,0
2026-07-03T14:57:00+05:30,24263.15,24263.15,24260.15,24262.65,0
2026-07-03T14:58:00+05:30,24263.3,24263.5,24254.5,24257.35,0
2026-07-03T14:59:00+05:30,24258.65,24258.65,24252.35,24256.15,0
2026-07-03T15:00:00+05:30,24257.85,24277.15,24257.85,24269.55,0
2026-07-03T15:01:00+05:30,24271.25,24275.6,24270.3,24275.6,0
2026-07-03T15:02:00+05:30,24276.85,24282.2,24275.1,24280.6,0
2026-07-03T15:03:00+05:30,24282.8,24282.8,24276.35,24279.2,0
2026-07-03T15:04:00+05:30,24280.3,24280.45,24273.6,24273.65,0
2026-07-03T15:05:00+05:30,24274.75,24281.05,24274.4,24280.25,0
2026-07-03T15:06:00+05:30,24281.2,24282.6,24277.35,24277.65,0
2026-07-03T15:07:00+05:30,24278.65,24278.7,24267.55,24273.5,0
2026-07-03T15:08:00+05:30,24273.8,24280.3,24272.75,24279.95,0
2026-07-03T15:09:00+05:30,24280.9,24282.8,24276.55,24279.35,0
2026-07-03T15:10:00+05:30,24280.25,24282.25,24276.8,24279.9,0
2026-07-03T15:11:00+05:30,24280.55,24281.35,24276.15,24278.65,0
2026-07-03T15:12:00+05:30,24280.2,24280.2,24273.25,24274.3,0
2026-07-03T15:13:00+05:30,24275.35,24277.65,24273.15,24274.25,0
2026-07-03T15:14:00+05:30,24275.4,24275.6,24270.15,24272.1,0
2026-07-03T15:15:00+05:30,24273.4,24274.25,24268.15,24268.15,0
2026-07-03T15:16:00+05:30,24269.6,24270.65,24266.3,24266.8,0
2026-07-03T15:17:00+05:30,24268.75,24269.05,24265.0,24267.1,0
2026-07-03T15:18:00+05:30,24268.5,24271.0,24264.7,24268.3,0
2026-07-03T15:19:00+05:30,24270.95,24271.55,24267.6,24268.05,0
2026-07-03T15:20:00+05:30,24269.8,24275.9,24268.2,24272.7,0
2026-07-03T15:21:00+05:30,24275.25,24275.5,24268.15,24269.9,0
2026-07-03T15:22:00+05:30,24272.25,24272.55,24266.0,24268.6,0
2026-07-03T15:23:00+05:30,24270.25,24270.25,24263.0,24264.65,0
2026-07-03T15:24:00+05:30,24266.75,24267.45,24263.35,24264.25,0
2026-07-03T15:25:00+05:30,24267.05,24272.05,24261.4,24263.6,0
2026-07-03T15:26:00+05:30,24265.85,24265.85,24258.75,24264.35,0
2026-07-03T15:27:00+05:30,24265.1,24268.3,24262.8,24264.55,0
2026-07-03T15:28:00+05:30,24264.55,24271.75,24263.3,24268.05,0
2026-07-03T15:29:00+05:30,24268.45,24272.05,24265.8,24271.2,0
2026-07-06T09:15:00+05:30,24306.85,24339.8,24287.1,24337.3,0
2026-07-06T09:16:00+05:30,24339.35,24357.1,24329.25,24350.95,0
2026-07-06T09:17:00+05:30,24351.25,24355.05,24345.2,24350.4,0
2026-07-06T09:18:00+05:30,24353.35,24359.45,24347.7,24354.7,0
2026-07-06T09:19:00+05:30,24354.85,24357.7,24349.35,24354.35,0
2026-07-06T09:20:00+05:30,24355.85,24360.15,24340.85,24341.45,0
2026-07-06T09:21:00+05:30,24343.4,24351.05,24342.2,24345.9,0
2026-07-06T09:22:00+05:30,24346.45,24354.9,24342.1,24345.45,0
2026-07-06T09:23:00+05:30,24347.1,24349.6,24342.75,24348.95,0
2026-07-06T09:24:00+05:30,24349.55,24353.55,24343.15,24344.25,0
2026-07-06T09:25:00+05:30,24346.8,24351.0,24344.1,24351.0,0
2026-07-06T09:26:00+05:30,24351.25,24351.35,24339.05,24340.7,0
2026-07-06T09:27:00+05:30,24341.1,24349.7,24337.25,24347.05,0
2026-07-06T09:28:00+05:30,24348.1,24353.6,24347.25,24348.45,0
2026-07-06T09:29:00+05:30,24350.0,24353.55,24344.15,24352.5,0
2026-07-06T09:30:00+05:30,24353.15,24362.3,24351.4,24360.45,0
2026-07-06T09:31:00+05:30,24361.55,24364.0,24356.25,24360.4,0
2026-07-06T09:32:00+05:30,24361.1,24369.05,24359.7,24361.25,0
2026-07-06T09:33:00+05:30,24361.75,24364.25,24358.1,24360.1,0
2026-07-06T09:34:00+05:30,24361.9,24369.95,24361.2,24369.35,0
2026-07-06T09:35:00+05:30,24370.05,24378.75,24366.25,24377.55,0
2026-07-06T09:36:00+05:30,24378.05,24379.9,24373.5,24375.15,0
2026-07-06T09:37:00+05:30,24375.25,24376.15,24362.95,24364.95,0
2026-07-06T09:38:00+05:30,24366.65,24377.6,24365.35,24373.75,0
2026-07-06T09:39:00+05:30,24373.95,24373.95,24368.35,24372.3,0
2026-07-06T09:40:00+05:30,24373.95,24376.45,24368.35,24374.4,0
2026-07-06T09:41:00+05:30,24376.2,24376.95,24368.5,24370.05,0
2026-07-06T09:42:00+05:30,24370.8,24375.05,24369.55,24373.85,0
2026-07-06T09:43:00+05:30,24374.7,24375.6,24369.3,24374.3,0
2026-07-06T09:44:00+05:30,24374.95,24374.95,24366.45,24368.9,0
2026-07-06T09:45:00+05:30,24369.3,24380.75,24366.0,24377.7,0
2026-07-06T09:46:00+05:30,24379.7,24388.7,24377.05,24385.55,0
2026-07-06T09:47:00+05:30,24387.1,24394.4,24385.55,24392.4,0
2026-07-06T09:48:00+05:30,24392.75,24393.55,24386.95,24389.75,0
2026-07-06T09:49:00+05:30,24391.45,24391.5,24378.85,24382.0,0
2026-07-06T09:50:00+05:30,24383.4,24392.05,24382.0,24389.25,0
2026-07-06T09:51:00+05:30,24390.05,24392.35,24386.4,24390.1,0
2026-07-06T09:52:00+05:30,24390.9,24392.9,24386.95,24387.15,0
2026-07-06T09:53:00+05:30,24388.5,24388.65,24381.7,24382.15,0
2026-07-06T09:54:00+05:30,24383.45,24385.9,24380.25,24382.0,0
2026-07-06T09:55:00+05:30,24383.65,24386.45,24379.45,24380.85,0
2026-07-06T09:56:00+05:30,24381.85,24384.6,24379.25,24380.9,0
2026-07-06T09:57:00+05:30,24381.4,24381.5,24376.6,24378.35,0
2026-07-06T09:58:00+05:30,24379.55,24386.25,24377.55,24381.7,0
2026-07-06T09:59:00+05:30,24382.65,24387.15,24380.1,24384.65,0
2026-07-06T10:00:00+05:30,24385.25,24390.7,24384.85,24386.75,0
2026-07-06T10:01:00+05:30,24387.8,24395.8,24386.6,24388.9,0
2026-07-06T10:02:00+05:30,24389.35,24389.35,24378.15,24379.5,0
2026-07-06T10:03:00+05:30,24380.5,24385.95,24379.05,24380.3,0
2026-07-06T10:04:00+05:30,24383.1,24385.75,24379.55,24382.75,0
2026-07-06T10:05:00+05:30,24383.25,24384.45,24379.95,24382.35,0
2026-07-06T10:06:00+05:30,24382.8,24382.95,24374.45,24378.35,0
2026-07-06T10:07:00+05:30,24379.25,24380.1,24374.05,24374.7,0
2026-07-06T10:08:00+05:30,24374.8,24383.1,24373.05,24381.45,0
2026-07-06T10:09:00+05:30,24382.0,24384.0,24377.65,24382.7,0
2026-07-06T10:10:00+05:30,24383.65,24387.5,24380.95,24382.45,0
2026-07-06T10:11:00+05:30,24383.05,24383.7,24377.3,24378.7,0
2026-07-06T10:12:00+05:30,24379.75,24380.8,24373.95,24376.3,0
2026-07-06T10:13:00+05:30,24376.65,24376.65,24370.3,24372.5,0
2026-07-06T10:14:00+05:30,24373.85,24373.85,24366.3,24370.15,0
2026-07-06T10:15:00+05:30,24370.6,24381.75,24368.45,24379.7,0
2026-07-06T10:16:00+05:30,24380.9,24380.9,24373.6,24377.25,0
2026-07-06T10:17:00+05:30,24378.0,24383.3,24375.6,24381.3,0
2026-07-06T10:18:00+05:30,24382.9,24386.75,24380.15,24385.55,0
2026-07-06T10:19:00+05:30,24386.25,24391.6,24384.6,24390.45,0
2026-07-06T10:20:00+05:30,24389.3,24398.0,24387.15,24395.5,0
2026-07-06T10:21:00+05:30,24395.95,24398.4,24393.3,24395.8,0
2026-07-06T10:22:00+05:30,24397.25,24403.05,24396.05,24401.45,0
2026-07-06T10:23:00+05:30,24402.05,24402.05,24394.55,24398.85,0
2026-07-06T10:24:00+05:30,24398.35,24399.35,24394.8,24397.15,0
2026-07-06T10:25:00+05:30,24398.65,24401.45,24396.9,24398.7,0
2026-07-06T10:26:00+05:30,24399.35,24401.65,24395.15,24399.9,0
2026-07-06T10:27:00+05:30,24401.05,24406.05,24397.1,24404.85,0
2026-07-06T10:28:00+05:30,24405.85,24414.65,24403.65,24408.25,0
2026-07-06T10:29:00+05:30,24410.0,24410.0,24398.95,24405.95,0
2026-07-06T10:30:00+05:30,24406.35,24410.9,24405.75,24409.05,0
2026-07-06T10:31:00+05:30,24410.6,24410.6,24404.75,24407.8,0
2026-07-06T10:32:00+05:30,24408.6,24414.25,24405.75,24411.05,0
2026-07-06T10:33:00+05:30,24411.95,24413.2,24408.55,24410.35,0
2026-07-06T10:34:00+05:30,24411.3,24411.3,24401.5,24402.15,0
2026-07-06T10:35:00+05:30,24404.2,24406.0,24397.85,24400.7,0
2026-07-06T10:36:00+05:30,24401.7,24402.75,24395.5,24395.5,0
2026-07-06T10:37:00+05:30,24397.0,24400.0,24394.35,24396.2,0
2026-07-06T10:38:00+05:30,24398.15,24401.05,24392.65,24394.35,0
2026-07-06T10:39:00+05:30,24394.65,24394.65,24390.5,24393.7,0
2026-07-06T10:40:00+05:30,24395.0,24397.2,24390.2,24393.35,0
2026-07-06T10:41:00+05:30,24394.8,24404.15,24393.15,24403.85,0
2026-07-06T10:42:00+05:30,24404.4,24404.8,24399.65,24401.35,0
2026-07-06T10:43:00+05:30,24401.3,24404.4,24397.3,24398.4,0
2026-07-06T10:44:00+05:30,24400.5,24403.6,24395.75,24403.05,0
2026-07-06T10:45:00+05:30,24404.15,24407.1,24402.55,24403.15,0
2026-07-06T10:46:00+05:30,24404.0,24411.3,24400.95,24410.15,0
2026-07-06T10:47:00+05:30,24411.6,24413.1,24406.8,24410.95,0
2026-07-06T10:48:00+05:30,24411.5,24417.95,24410.0,24415.55,0
2026-07-06T10:49:00+05:30,24415.8,24418.6,24413.0,24416.25,0
2026-07-06T10:50:00+05:30,24417.45,24423.35,24415.3,24421.4,0
2026-07-06T10:51:00+05:30,24422.9,24424.95,24413.25,24413.65,0
2026-07-06T10:52:00+05:30,24414.65,24416.3,24409.45,24414.2,0
2026-07-06T10:53:00+05:30,24415.4,24419.8,24412.5,24417.05,0
2026-07-06T10:54:00+05:30,24417.85,24418.25,24411.2,24413.5,0
2026-07-06T10:55:00+05:30,24414.15,24415.2,24406.15,24411.65,0
2026-07-06T10:56:00+05:30,24412.0,24416.35,24408.4,24415.8,0
2026-07-06T10:57:00+05:30,24416.15,24422.4,24414.2,24420.8,0
2026-07-06T10:58:00+05:30,24421.5,24426.9,24415.85,24423.9,0
2026-07-06T10:59:00+05:30,24424.85,24425.4,24418.55,24424.0,0
2026-07-06T11:00:00+05:30,24424.95,24427.45,24421.8,24424.8,0
2026-07-06T11:01:00+05:30,24425.9,24428.05,24417.15,24421.3,0
2026-07-06T11:02:00+05:30,24421.8,24423.45,24416.25,24416.4,0
2026-07-06T11:03:00+05:30,24417.25,24420.05,24413.95,24414.5,0
2026-07-06T11:04:00+05:30,24415.4,24420.25,24412.4,24417.9,0
2026-07-06T11:05:00+05:30,24418.95,24421.6,24417.85,24421.4,0
2026-07-06T11:06:00+05:30,24422.25,24422.85,24417.15,24417.15,0
2026-07-06T11:07:00+05:30,24418.9,24419.65,24415.65,24415.7,0
2026-07-06T11:08:00+05:30,24417.2,24417.65,24412.65,24416.25,0
2026-07-06T11:09:00+05:30,24416.0,24417.85,24412.35,24414.5,0
2026-07-06T11:10:00+05:30,24414.45,24418.8,24413.15,24417.5,0
2026-07-06T11:11:00+05:30,24418.95,24419.8,24415.15,24417.75,0
2026-07-06T11:12:00+05:30,24419.7,24419.7,24414.1,24415.0,0
2026-07-06T11:13:00+05:30,24416.35,24418.25,24411.4,24416.85,0
2026-07-06T11:14:00+05:30,24418.1,24418.1,24413.7,24415.85,0
2026-07-06T11:15:00+05:30,24416.05,24416.5,24407.05,24407.7,0
2026-07-06T11:16:00+05:30,24408.7,24408.7,24403.6,24405.6,0
2026-07-06T11:17:00+05:30,24407.0,24412.4,24404.6,24410.15,0
2026-07-06T11:18:00+05:30,24410.35,24410.75,24406.8,24407.95,0
2026-07-06T11:19:00+05:30,24409.3,24409.3,24403.95,24405.55,0
2026-07-06T11:20:00+05:30,24407.35,24408.0,24403.1,24403.65,0
2026-07-06T11:21:00+05:30,24406.0,24416.5,24403.65,24415.7,0
2026-07-06T11:22:00+05:30,24416.3,24417.75,24411.85,24413.0,0
2026-07-06T11:23:00+05:30,24415.95,24422.05,24413.8,24420.7,0
2026-07-06T11:24:00+05:30,24421.05,24426.2,24416.15,24423.25,0
2026-07-06T11:25:00+05:30,24425.05,24427.05,24421.9,24422.0,0
2026-07-06T11:26:00+05:30,24423.7,24423.8,24414.2,24417.05,0
2026-07-06T11:27:00+05:30,24417.75,24421.45,24415.5,24419.8,0
2026-07-06T11:28:00+05:30,24421.0,24421.2,24414.05,24416.25,0
2026-07-06T11:29:00+05:30,24417.95,24420.55,24415.8,24419.2,0
2026-07-06T11:30:00+05:30,24419.85,24420.35,24415.55,24417.25,0
2026-07-06T11:31:00+05:30,24418.4,24421.5,24416.75,24418.9,0
2026-07-06T11:32:00+05:30,24419.55,24420.95,24415.6,24420.55,0
2026-07-06T11:33:00+05:30,24419.8,24422.6,24415.4,24419.65,0
2026-07-06T11:34:00+05:30,24421.5,24421.55,24415.35,24418.8,0
2026-07-06T11:35:00+05:30,24419.0,24422.7,24417.6,24418.15,0
2026-07-06T11:36:00+05:30,24418.5,24421.65,24412.85,24413.35,0
2026-07-06T11:37:00+05:30,24412.5,24420.9,24412.35,24420.15,0
2026-07-06T11:38:00+05:30,24420.6,24421.25,24414.8,24418.9,0
2026-07-06T11:39:00+05:30,24418.05,24420.95,24417.25,24418.3,0
2026-07-06T11:40:00+05:30,24418.5,24419.6,24413.35,24414.75,0
2026-07-06T11:41:00+05:30,24414.6,24417.55,24410.65,24414.95,0
2026-07-06T11:42:00+05:30,24415.85,24420.75,24414.65,24417.9,0
2026-07-06T11:43:00+05:30,24417.55,24420.75,24415.25,24419.55,0
2026-07-06T11:44:00+05:30,24419.55,24420.85,24415.6,24417.3,0
2026-07-06T11:45:00+05:30,24416.85,24421.2,24415.15,24421.2,0
2026-07-06T11:46:00+05:30,24421.0,24423.2,24417.6,24422.45,0
2026-07-06T11:47:00+05:30,24422.7,24423.35,24418.1,24421.5,0
2026-07-06T11:48:00+05:30,24421.6,24423.8,24419.0,24422.35,0
2026-07-06T11:49:00+05:30,24422.75,24425.6,24419.35,24420.5,0
2026-07-06T11:50:00+05:30,24419.6,24422.15,24417.1,24419.5,0
2026-07-06T11:51:00+05:30,24418.9,24422.1,24416.45,24419.3,0
2026-07-06T11:52:00+05:30,24419.85,24421.35,24411.05,24412.35,0
2026-07-06T11:53:00+05:30,24412.65,24413.35,24407.9,24411.4,0
2026-07-06T11:54:00+05:30,24411.65,24416.0,24407.85,24415.3,0
2026-07-06T11:55:00+05:30,24414.9,24421.35,24414.75,24420.3,0
2026-07-06T11:56:00+05:30,24420.7,24423.35,24419.15,24420.25,0
2026-07-06T11:57:00+05:30,24420.15,24424.65,24417.1,24424.25,0
2026-07-06T11:58:00+05:30,24424.1,24425.7,24419.55,24422.6,0
2026-07-06T11:59:00+05:30,24421.75,24425.4,24418.2,24425.2,0
2026-07-06T12:00:00+05:30,24424.75,24430.35,24420.1,24430.2,0
2026-07-06T12:01:00+05:30,24429.75,24431.55,24427.3,24429.15,0
2026-07-06T12:02:00+05:30,24429.45,24431.2,24426.15,24428.8,0
2026-07-06T12:03:00+05:30,24429.0,24429.0,24424.65,24426.4,0
2026-07-06T12:04:00+05:30,24425.45,24430.1,24423.95,24427.65,0
2026-07-06T12:05:00+05:30,24427.05,24429.0,24425.2,24426.6,0
2026-07-06T12:06:00+05:30,24426.7,24428.6,24421.45,24425.3,0
2026-07-06T12:07:00+05:30,24425.25,24430.55,24423.15,24430.55,0
2026-07-06T12:08:00+05:30,24430.05,24431.2,24424.5,24426.7,0
2026-07-06T12:09:00+05:30,24426.4,24430.85,24424.4,24430.3,0
2026-07-06T12:10:00+05:30,24430.5,24431.35,24426.7,24428.8,0
2026-07-06T12:11:00+05:30,24428.65,24430.2,24425.25,24426.65,0
2026-07-06T12:12:00+05:30,24427.1,24435.7,24425.8,24435.55,0
2026-07-06T12:13:00+05:30,24434.7,24443.3,24434.15,24440.8,0
2026-07-06T12:14:00+05:30,24441.5,24443.75,24437.75,24443.25,0
2026-07-06T12:15:00+05:30,24443.1,24446.05,24440.45,24445.4,0
2026-07-06T12:16:00+05:30,24444.35,24446.55,24441.05,24445.4,0
2026-07-06T12:17:00+05:30,24444.5,24445.85,24441.9,24444.15,0
2026-07-06T12:18:00+05:30,24443.05,24444.75,24438.75,24442.9,0
2026-07-06T12:19:00+05:30,24442.25,24443.2,24438.4,24442.45,0
2026-07-06T12:20:00+05:30,24441.15,24444.15,24438.1,24440.7,0
2026-07-06T12:21:00+05:30,24440.1,24442.4,24436.4,24438.9,0
2026-07-06T12:22:00+05:30,24438.0,24441.6,24436.7,24439.15,0
2026-07-06T12:23:00+05:30,24439.0,24442.75,24437.75,24441.2,0
2026-07-06T12:24:00+05:30,24440.15,24441.35,24438.1,24441.05,0
2026-07-06T12:25:00+05:30,24440.25,24441.5,24437.2,24439.55,0
2026-07-06T12:26:00+05:30,24440.3,24440.5,24434.85,24440.5,0
2026-07-06T12:27:00+05:30,24440.4,24443.05,24438.15,24442.05,0
2026-07-06T12:28:00+05:30,24442.6,24443.15,24434.5,24437.6,0
2026-07-06T12:29:00+05:30,24438.6,24441.6,24436.15,24441.25,0
2026-07-06T12:30:00+05:30,24440.9,24442.95,24437.45,24441.0,0
2026-07-06T12:31:00+05:30,24440.45,24449.5,24439.15,24447.8,0
2026-07-06T12:32:00+05:30,24448.0,24449.65,24444.15,24448.95,0
2026-07-06T12:33:00+05:30,24449.3,24451.25,24446.1,24449.4,0
2026-07-06T12:34:00+05:30,24448.65,24451.65,24444.1,24450.85,0
2026-07-06T12:35:00+05:30,24450.8,24453.5,24447.3,24451.35,0
2026-07-06T12:36:00+05:30,24450.7,24452.95,24447.6,24449.7,0
2026-07-06T12:37:00+05:30,24449.55,24450.6,24445.85,24448.7,0
2026-07-06T12:38:00+05:30,24449.55,24451.0,24445.1,24448.55,0
2026-07-06T12:39:00+05:30,24447.75,24449.75,24439.4,24440.5,0
2026-07-06T12:40:00+05:30,24439.85,24442.3,24437.65,24438.55,0
2026-07-06T12:41:00+05:30,24438.75,24443.75,24438.6,24438.6,0
2026-07-06T12:42:00+05:30,24438.7,24444.6,24438.7,24442.65,0
2026-07-06T12:43:00+05:30,24442.4,24443.7,24437.0,24443.3,0
2026-07-06T12:44:00+05:30,24443.7,24447.0,24441.3,24444.3,0
2026-07-06T12:45:00+05:30,24443.9,24445.95,24439.25,24444.85,0
2026-07-06T12:46:00+05:30,24444.9,24445.3,24435.95,24437.1,0
2026-07-06T12:47:00+05:30,24437.2,24440.2,24434.8,24436.9,0
2026-07-06T12:48:00+05:30,24436.7,24438.3,24433.2,24435.8,0
2026-07-06T12:49:00+05:30,24435.95,24437.0,24430.15,24436.8,0
2026-07-06T12:50:00+05:30,24437.25,24446.0,24435.7,24445.15,0
2026-07-06T12:51:00+05:30,24443.75,24445.75,24430.75,24430.75,0
2026-07-06T12:52:00+05:30,24431.0,24432.6,24426.0,24432.05,0
2026-07-06T12:53:00+05:30,24432.5,24434.15,24426.35,24430.4,0
2026-07-06T12:54:00+05:30,24430.6,24432.55,24428.05,24430.5,0
2026-07-06T12:55:00+05:30,24430.15,24437.6,24428.4,24435.55,0
2026-07-06T12:56:00+05:30,24436.25,24438.25,24433.2,24436.85,0
2026-07-06T12:57:00+05:30,24436.9,24440.05,24429.15,24431.25,0
2026-07-06T12:58:00+05:30,24431.3,24438.3,24425.6,24436.8,0
2026-07-06T12:59:00+05:30,24438.9,24440.3,24435.35,24439.25,0
2026-07-06T13:00:00+05:30,24439.0,24440.35,24434.35,24437.15,0
2026-07-06T13:01:00+05:30,24437.75,24438.6,24434.6,24434.8,0
2026-07-06T13:02:00+05:30,24435.05,24436.85,24431.15,24434.35,0
2026-07-06T13:03:00+05:30,24434.25,24440.85,24433.35,24439.7,0
2026-07-06T13:04:00+05:30,24440.1,24443.5,24438.05,24442.55,0
2026-07-06T13:05:00+05:30,24442.45,24444.35,24439.3,24443.45,0
2026-07-06T13:06:00+05:30,24443.9,24447.5,24442.2,24444.3,0
2026-07-06T13:07:00+05:30,24444.8,24445.3,24439.35,24443.6,0
2026-07-06T13:08:00+05:30,24443.95,24445.4,24441.4,24442.85,0
2026-07-06T13:09:00+05:30,24442.85,24450.1,24442.5,24448.95,0
2026-07-06T13:10:00+05:30,24448.4,24455.4,24446.0,24449.7,0
2026-07-06T13:11:00+05:30,24450.0,24451.2,24445.3,24449.05,0
2026-07-06T13:12:00+05:30,24448.7,24449.9,24444.55,24447.6,0
2026-07-06T13:13:00+05:30,24447.0,24450.05,24446.35,24448.5,0
2026-07-06T13:14:00+05:30,24449.55,24451.0,24447.9,24449.25,0
2026-07-06T13:15:00+05:30,24449.25,24451.15,24447.55,24448.4,0
2026-07-06T13:16:00+05:30,24447.8,24449.1,24444.3,24446.3,0
2026-07-06T13:17:00+05:30,24446.85,24447.15,24442.5,24444.8,0
2026-07-06T13:18:00+05:30,24444.7,24451.1,24442.7,24447.0,0
2026-07-06T13:19:00+05:30,24447.6,24448.25,24440.4,24440.4,0
2026-07-06T13:20:00+05:30,24440.6,24441.95,24435.75,24439.0,0
2026-07-06T13:21:00+05:30,24439.2,24443.6,24436.5,24442.45,0
2026-07-06T13:22:00+05:30,24442.6,24443.75,24440.15,24442.2,0
2026-07-06T13:23:00+05:30,24442.55,24444.6,24440.5,24444.6,0
2026-07-06T13:24:00+05:30,24443.95,24446.95,24441.2,24442.6,0
2026-07-06T13:25:00+05:30,24442.75,24443.35,24437.95,24438.45,0
2026-07-06T13:26:00+05:30,24439.55,24441.6,24435.75,24438.4,0
2026-07-06T13:27:00+05:30,24435.85,24442.95,24434.95,24442.35,0
2026-07-06T13:28:00+05:30,24441.45,24443.35,24439.35,24441.6,0
2026-07-06T13:29:00+05:30,24441.35,24443.75,24437.45,24442.85,0
2026-07-06T13:30:00+05:30,24442.45,24444.25,24439.5,24443.1,0
2026-07-06T13:31:00+05:30,24442.15,24447.15,24440.35,24447.15,0
2026-07-06T13:32:00+05:30,24446.25,24448.5,24443.95,24446.3,0
2026-07-06T13:33:00+05:30,24446.45,24447.75,24437.3,24438.3,0
2026-07-06T13:34:00+05:30,24437.4,24439.4,24434.0,24438.5,0
2026-07-06T13:35:00+05:30,24440.1,24445.75,24437.3,24444.2,0
2026-07-06T13:36:00+05:30,24444.35,24448.2,24442.45,24447.35,0
2026-07-06T13:37:00+05:30,24447.1,24448.7,24443.45,24448.1,0
2026-07-06T13:38:00+05:30,24449.3,24458.65,24447.15,24455.85,0
2026-07-06T13:39:00+05:30,24455.75,24456.65,24451.9,24451.9,0
2026-07-06T13:40:00+05:30,24452.15,24454.45,24449.45,24452.75,0
2026-07-06T13:41:00+05:30,24452.65,24454.85,24449.85,24450.4,0
2026-07-06T13:42:00+05:30,24450.7,24451.35,24440.9,24442.35,0
2026-07-06T13:43:00+05:30,24439.75,24443.25,24438.8,24441.45,0
2026-07-06T13:44:00+05:30,24439.4,24442.95,24436.0,24437.55,0
2026-07-06T13:45:00+05:30,24437.7,24439.75,24436.45,24438.5,0
2026-07-06T13:46:00+05:30,24437.35,24438.9,24433.1,24434.05,0
2026-07-06T13:47:00+05:30,24433.95,24437.3,24431.85,24434.75,0
2026-07-06T13:48:00+05:30,24433.75,24435.25,24428.35,24429.4,0
2026-07-06T13:49:00+05:30,24429.35,24434.2,24427.95,24430.9,0
2026-07-06T13:50:00+05:30,24431.2,24434.25,24428.9,24430.7,0
2026-07-06T13:51:00+05:30,24432.95,24432.95,24427.95,24432.0,0
2026-07-06T13:52:00+05:30,24432.0,24432.0,24417.75,24421.25,0
2026-07-06T13:53:00+05:30,24420.15,24423.1,24417.15,24421.05,0
2026-07-06T13:54:00+05:30,24421.05,24423.25,24414.85,24416.5,0
2026-07-06T13:55:00+05:30,24416.5,24417.3,24409.3,24413.4,0
2026-07-06T13:56:00+05:30,24413.05,24415.95,24411.15,24412.55,0
2026-07-06T13:57:00+05:30,24412.1,24415.4,24409.25,24415.3,0
2026-07-06T13:58:00+05:30,24415.15,24416.2,24410.65,24412.2,0
2026-07-06T13:59:00+05:30,24412.35,24412.35,24406.1,24409.15,0
2026-07-06T14:00:00+05:30,24410.1,24411.95,24407.05,24411.6,0
2026-07-06T14:01:00+05:30,24412.25,24413.3,24408.85,24410.65,0
2026-07-06T14:02:00+05:30,24410.45,24413.65,24409.2,24411.9,0
2026-07-06T14:03:00+05:30,24412.4,24416.1,24409.9,24413.0,0
2026-07-06T14:04:00+05:30,24413.0,24417.75,24409.4,24417.15,0
2026-07-06T14:05:00+05:30,24417.15,24423.6,24416.4,24420.5,0
2026-07-06T14:06:00+05:30,24420.1,24421.0,24406.85,24410.65,0
2026-07-06T14:07:00+05:30,24411.25,24412.0,24406.5,24406.5,0
2026-07-06T14:08:00+05:30,24407.1,24410.3,24403.05,24408.45,0
2026-07-06T14:09:00+05:30,24408.3,24409.6,24405.25,24408.15,0
2026-07-06T14:10:00+05:30,24408.25,24415.15,24406.65,24412.5,0
2026-07-06T14:11:00+05:30,24412.45,24414.1,24408.4,24413.3,0
2026-07-06T14:12:00+05:30,24413.7,24414.15,24408.45,24410.25,0
2026-07-06T14:13:00+05:30,24410.3,24411.3,24406.85,24408.8,0
2026-07-06T14:14:00+05:30,24408.9,24409.55,24399.15,24400.85,0
2026-07-06T14:15:00+05:30,24401.1,24402.8,24398.0,24402.0,0
2026-07-06T14:16:00+05:30,24401.8,24404.75,24398.7,24403.45,0
2026-07-06T14:17:00+05:30,24403.65,24407.55,24401.9,24404.8,0
2026-07-06T14:18:00+05:30,24404.75,24406.45,24403.05,24405.3,0
2026-07-06T14:19:00+05:30,24404.85,24405.75,24400.05,24401.4,0
2026-07-06T14:20:00+05:30,24401.9,24402.75,24396.35,24398.4,0
2026-07-06T14:21:00+05:30,24398.75,24407.95,24397.2,24402.9,0
2026-07-06T14:22:00+05:30,24403.7,24405.3,24401.55,24403.05,0
2026-07-06T14:23:00+05:30,24403.65,24410.1,24402.75,24406.2,0
2026-07-06T14:24:00+05:30,24406.25,24411.0,24405.05,24410.45,0
2026-07-06T14:25:00+05:30,24410.25,24411.45,24404.9,24410.75,0
2026-07-06T14:26:00+05:30,24411.1,24414.35,24407.9,24412.4,0
2026-07-06T14:27:00+05:30,24412.4,24416.2,24409.8,24412.45,0
2026-07-06T14:28:00+05:30,24412.9,24413.3,24401.5,24406.35,0
2026-07-06T14:29:00+05:30,24406.5,24407.4,24400.9,24405.6,0
2026-07-06T14:30:00+05:30,24405.75,24408.0,24402.4,24404.7,0
2026-07-06T14:31:00+05:30,24405.2,24407.95,24402.65,24407.25,0
2026-07-06T14:32:00+05:30,24407.5,24409.1,24404.95,24407.1,0
2026-07-06T14:33:00+05:30,24407.15,24408.55,24403.65,24406.5,0
2026-07-06T14:34:00+05:30,24406.75,24410.8,24405.75,24409.4,0
2026-07-06T14:35:00+05:30,24409.5,24412.2,24407.25,24411.6,0
2026-07-06T14:36:00+05:30,24411.35,24416.9,24408.85,24414.0,0
2026-07-06T14:37:00+05:30,24413.7,24417.9,24410.6,24416.7,0
2026-07-06T14:38:00+05:30,24416.65,24420.4,24414.85,24416.4,0
2026-07-06T14:39:00+05:30,24416.65,24417.45,24409.3,24410.3,0
2026-07-06T14:40:00+05:30,24410.7,24412.45,24406.9,24408.75,0
2026-07-06T14:41:00+05:30,24409.0,24410.55,24404.8,24407.45,0
2026-07-06T14:42:00+05:30,24407.25,24408.6,24403.3,24404.45,0
2026-07-06T14:43:00+05:30,24404.85,24407.05,24398.0,24399.95,0
2026-07-06T14:44:00+05:30,24400.0,24402.3,24395.1,24397.1,0
2026-07-06T14:45:00+05:30,24397.3,24403.15,24396.55,24402.35,0
2026-07-06T14:46:00+05:30,24402.4,24402.4,24396.25,24399.2,0
2026-07-06T14:47:00+05:30,24399.15,24400.55,24394.25,24394.95,0
2026-07-06T14:48:00+05:30,24394.7,24395.25,24385.85,24389.25,0
2026-07-06T14:49:00+05:30,24389.0,24390.95,24382.4,24384.35,0
2026-07-06T14:50:00+05:30,24384.4,24395.2,24382.85,24394.7,0
2026-07-06T14:51:00+05:30,24394.65,24404.8,24393.25,24402.1,0
2026-07-06T14:52:00+05:30,24402.0,24402.55,24392.75,24394.05,0
2026-07-06T14:53:00+05:30,24393.6,24408.85,24392.55,24408.1,0
2026-07-06T14:54:00+05:30,24407.9,24410.95,24405.4,24409.95,0
2026-07-06T14:55:00+05:30,24410.25,24410.9,24404.3,24405.8,0
2026-07-06T14:56:00+05:30,24405.5,24415.45,24404.85,24415.25,0
2026-07-06T14:57:00+05:30,24415.65,24417.1,24412.35,24415.35,0
2026-07-06T14:58:00+05:30,24414.65,24416.3,24409.05,24410.65,0
2026-07-06T14:59:00+05:30,24410.1,24411.7,24401.45,24404.6,0
2026-07-06T15:00:00+05:30,24405.8,24423.25,24405.8,24422.9,0
2026-07-06T15:01:00+05:30,24423.2,24424.9,24418.55,24420.6,0
2026-07-06T15:02:00+05:30,24421.1,24422.1,24416.8,24420.15,0
2026-07-06T15:03:00+05:30,24420.0,24425.65,24418.85,24422.05,0
2026-07-06T15:04:00+05:30,24422.9,24429.55,24420.9,24428.35,0
2026-07-06T15:05:00+05:30,24428.45,24432.05,24426.9,24431.15,0
2026-07-06T15:06:00+05:30,24432.3,24436.1,24431.05,24434.15,0
2026-07-06T15:07:00+05:30,24434.8,24440.15,24433.55,24439.85,0
2026-07-06T15:08:00+05:30,24439.95,24447.45,24438.75,24446.1,0
2026-07-06T15:09:00+05:30,24446.1,24447.65,24440.55,24440.55,0
2026-07-06T15:10:00+05:30,24440.45,24442.95,24437.6,24440.3,0
2026-07-06T15:11:00+05:30,24440.7,24441.65,24437.85,24439.85,0
2026-07-06T15:12:00+05:30,24440.1,24442.3,24437.7,24440.9,0
2026-07-06T15:13:00+05:30,24440.3,24442.8,24436.25,24438.0,0
2026-07-06T15:14:00+05:30,24438.2,24438.65,24435.6,24437.2,0
2026-07-06T15:15:00+05:30,24438.2,24438.2,24430.15,24433.8,0
2026-07-06T15:16:00+05:30,24434.65,24435.4,24431.25,24434.45,0
2026-07-06T15:17:00+05:30,24434.1,24435.35,24431.05,24433.85,0
2026-07-06T15:18:00+05:30,24434.0,24436.2,24429.8,24434.55,0
2026-07-06T15:19:00+05:30,24434.1,24436.0,24430.9,24433.1,0
2026-07-06T15:20:00+05:30,24432.75,24436.55,24431.95,24435.2,0
2026-07-06T15:21:00+05:30,24436.05,24436.6,24430.7,24433.15,0
2026-07-06T15:22:00+05:30,24433.9,24435.5,24431.05,24432.7,0
2026-07-06T15:23:00+05:30,24434.1,24435.05,24430.6,24433.2,0
2026-07-06T15:24:00+05:30,24434.35,24438.3,24431.5,24437.5,0
2026-07-06T15:25:00+05:30,24436.9,24441.4,24435.3,24437.95,0
2026-07-06T15:26:00+05:30,24439.25,24440.1,24433.5,24434.05,0
2026-07-06T15:27:00+05:30,24436.4,24436.4,24426.7,24427.45,0
2026-07-06T15:28:00+05:30,24430.35,24432.85,24422.35,24427.4,0
2026-07-06T15:29:00+05:30,24427.05,24428.05,24417.95,24423.95,0
2026-07-07T09:15:00+05:30,24464.45,24488.45,24430.65,24464.4,0
2026-07-07T09:16:00+05:30,24466.05,24469.6,24445.2,24451.65,0
2026-07-07T09:17:00+05:30,24451.05,24474.75,24451.05,24474.75,0
2026-07-07T09:18:00+05:30,24474.6,24476.65,24458.6,24459.8,0
2026-07-07T09:19:00+05:30,24458.5,24463.45,24451.95,24460.65,0
2026-07-07T09:20:00+05:30,24460.2,24474.8,24458.15,24466.55,0
2026-07-07T09:21:00+05:30,24465.6,24474.9,24460.75,24462.1,0
2026-07-07T09:22:00+05:30,24462.7,24467.0,24449.1,24451.9,0
2026-07-07T09:23:00+05:30,24452.2,24455.5,24446.0,24454.45,0
2026-07-07T09:24:00+05:30,24455.2,24460.2,24452.3,24458.05,0
2026-07-07T09:25:00+05:30,24458.0,24459.45,24448.65,24454.25,0
2026-07-07T09:26:00+05:30,24454.05,24455.4,24439.0,24441.5,0
2026-07-07T09:27:00+05:30,24439.6,24442.0,24427.0,24436.3,0
2026-07-07T09:28:00+05:30,24435.7,24452.7,24435.25,24452.65,0
2026-07-07T09:29:00+05:30,24453.05,24460.95,24448.35,24455.85,0
2026-07-07T09:30:00+05:30,24456.8,24458.15,24442.55,24443.05,0
2026-07-07T09:31:00+05:30,24442.95,24446.9,24440.4,24443.2,0
2026-07-07T09:32:00+05:30,24442.45,24443.05,24432.45,24433.55,0
2026-07-07T09:33:00+05:30,24433.55,24438.65,24431.35,24434.4,0
2026-07-07T09:34:00+05:30,24435.4,24440.15,24426.15,24427.05,0
2026-07-07T09:35:00+05:30,24427.6,24446.55,24423.5,24444.4,0
2026-07-07T09:36:00+05:30,24444.05,24458.85,24443.75,24456.7,0
2026-07-07T09:37:00+05:30,24456.45,24459.95,24447.15,24449.5,0
2026-07-07T09:38:00+05:30,24450.45,24454.15,24444.6,24444.6,0
2026-07-07T09:39:00+05:30,24444.9,24444.9,24436.1,24439.25,0
2026-07-07T09:40:00+05:30,24439.8,24452.7,24439.75,24449.7,0
2026-07-07T09:41:00+05:30,24449.2,24455.55,24447.0,24454.15,0
2026-07-07T09:42:00+05:30,24454.9,24462.3,24452.45,24460.05,0
2026-07-07T09:43:00+05:30,24460.15,24462.7,24455.75,24460.2,0
2026-07-07T09:44:00+05:30,24460.65,24461.15,24454.1,24459.2,0
2026-07-07T09:45:00+05:30,24458.9,24461.8,24455.7,24459.25,0
2026-07-07T09:46:00+05:30,24460.15,24471.6,24457.35,24469.3,0
2026-07-07T09:47:00+05:30,24469.0,24469.8,24453.45,24453.45,0
2026-07-07T09:48:00+05:30,24452.5,24461.45,24450.45,24461.3,0
2026-07-07T09:49:00+05:30,24461.15,24467.5,24460.2,24465.55,0
2026-07-07T09:50:00+05:30,24465.55,24472.6,24458.9,24458.9,0
2026-07-07T09:51:00+05:30,24459.65,24473.85,24459.65,24472.5,0
2026-07-07T09:52:00+05:30,24471.95,24472.1,24460.55,24464.85,0
2026-07-07T09:53:00+05:30,24465.0,24468.5,24462.75,24466.1,0
2026-07-07T09:54:00+05:30,24466.0,24468.65,24462.7,24464.0,0
2026-07-07T09:55:00+05:30,24463.95,24471.9,24463.9,24469.1,0
2026-07-07T09:56:00+05:30,24468.6,24473.3,24465.15,24469.85,0
2026-07-07T09:57:00+05:30,24469.05,24472.0,24465.7,24470.0,0
2026-07-07T09:58:00+05:30,24469.95,24474.85,24468.15,24474.55,0
2026-07-07T09:59:00+05:30,24474.5,24476.8,24471.25,24475.55,0
2026-07-07T10:00:00+05:30,24474.9,24477.3,24471.8,24474.45,0
2026-07-07T10:01:00+05:30,24474.15,24482.6,24473.7,24480.2,0
2026-07-07T10:02:00+05:30,24480.1,24486.1,24477.15,24483.55,0
2026-07-07T10:03:00+05:30,24483.25,24487.25,24482.65,24485.9,0
2026-07-07T10:04:00+05:30,24485.9,24486.65,24476.55,24479.0,0
2026-07-07T10:05:00+05:30,24478.55,24479.95,24472.9,24474.0,0
2026-07-07T10:06:00+05:30,24474.7,24477.75,24467.75,24471.1,0
2026-07-07T10:07:00+05:30,24470.05,24485.05,24469.5,24484.15,0
2026-07-07T10:08:00+05:30,24484.25,24488.65,24480.7,24485.45,0
2026-07-07T10:09:00+05:30,24485.2,24489.8,24484.15,24489.15,0
2026-07-07T10:10:00+05:30,24488.9,24492.7,24482.45,24490.8,0
2026-07-07T10:11:00+05:30,24490.6,24492.05,24488.15,24489.5,0
2026-07-07T10:12:00+05:30,24489.1,24491.8,24485.3,24490.6,0
2026-07-07T10:13:00+05:30,24490.6,24495.7,24488.65,24491.15,0
2026-07-07T10:14:00+05:30,24489.5,24493.65,24482.35,24483.25,0
2026-07-07T10:15:00+05:30,24483.35,24487.65,24482.15,24482.35,0
2026-07-07T10:16:00+05:30,24482.3,24492.45,24481.4,24490.3,0
2026-07-07T10:17:00+05:30,24490.45,24494.4,24488.25,24493.5,0
2026-07-07T10:18:00+05:30,24494.1,24496.85,24488.1,24490.65,0
2026-07-07T10:19:00+05:30,24490.4,24497.15,24489.65,24494.85,0
2026-07-07T10:20:00+05:30,24494.15,24495.9,24491.45,24492.05,0
2026-07-07T10:21:00+05:30,24492.55,24503.45,24490.2,24498.95,0
2026-07-07T10:22:00+05:30,24499.25,24505.1,24495.05,24502.55,0
2026-07-07T10:23:00+05:30,24502.8,24504.45,24496.75,24500.75,0
2026-07-07T10:24:00+05:30,24501.2,24501.2,24491.95,24493.45,0
2026-07-07T10:25:00+05:30,24493.8,24498.65,24490.6,24491.6,0
2026-07-07T10:26:00+05:30,24490.95,24492.8,24485.8,24492.35,0
2026-07-07T10:27:00+05:30,24491.75,24501.85,24491.75,24497.25,0
2026-07-07T10:28:00+05:30,24497.5,24498.3,24489.75,24490.35,0
2026-07-07T10:29:00+05:30,24490.35,24493.45,24487.95,24490.45,0
2026-07-07T10:30:00+05:30,24490.7,24497.6,24490.0,24492.35,0
2026-07-07T10:31:00+05:30,24492.45,24493.95,24487.85,24488.1,0
2026-07-07T10:32:00+05:30,24488.35,24490.4,24484.45,24490.0,0
2026-07-07T10:33:00+05:30,24489.75,24494.1,24486.95,24489.55,0
2026-07-07T10:34:00+05:30,24489.8,24495.1,24487.75,24490.85,0
2026-07-07T10:35:00+05:30,24490.35,24492.5,24486.0,24488.9,0
2026-07-07T10:36:00+05:30,24489.4,24493.15,24487.85,24492.65,0
2026-07-07T10:37:00+05:30,24492.75,24493.45,24488.7,24492.8,0
2026-07-07T10:38:00+05:30,24492.3,24496.4,24491.7,24496.3,0
2026-07-07T10:39:00+05:30,24496.0,24497.05,24482.9,24484.8,0
2026-07-07T10:40:00+05:30,24485.1,24486.5,24474.75,24477.45,0
2026-07-07T10:41:00+05:30,24475.75,24478.95,24471.2,24475.3,0
2026-07-07T10:42:00+05:30,24475.05,24490.35,24474.6,24488.5,0
2026-07-07T10:43:00+05:30,24488.75,24492.4,24482.3,24484.95,0
2026-07-07T10:44:00+05:30,24485.0,24486.25,24469.1,24470.15,0
2026-07-07T10:45:00+05:30,24470.7,24475.7,24465.35,24473.3,0
2026-07-07T10:46:00+05:30,24473.05,24482.15,24471.05,24479.3,0
2026-07-07T10:47:00+05:30,24478.95,24479.65,24473.0,24476.25,0
2026-07-07T10:48:00+05:30,24474.7,24488.7,24474.7,24488.7,0
2026-07-07T10:49:00+05:30,24488.75,24491.1,24484.15,24488.9,0
2026-07-07T10:50:00+05:30,24488.15,24489.5,24472.55,24474.65,0
2026-07-07T10:51:00+05:30,24474.45,24483.3,24474.45,24481.1,0
2026-07-07T10:52:00+05:30,24480.65,24483.95,24475.25,24476.75,0
2026-07-07T10:53:00+05:30,24475.1,24476.8,24469.85,24476.25,0
2026-07-07T10:54:00+05:30,24477.15,24482.2,24473.8,24479.75,0
2026-07-07T10:55:00+05:30,24479.5,24480.6,24471.5,24471.95,0
2026-07-07T10:56:00+05:30,24472.15,24477.05,24470.9,24472.25,0
2026-07-07T10:57:00+05:30,24472.35,24479.1,24472.35,24478.65,0
2026-07-07T10:58:00+05:30,24479.15,24479.15,24472.3,24473.3,0
2026-07-07T10:59:00+05:30,24473.6,24482.75,24472.4,24480.75,0
2026-07-07T11:00:00+05:30,24480.85,24493.65,24480.05,24490.5,0
2026-07-07T11:01:00+05:30,24490.25,24491.95,24483.5,24484.55,0
2026-07-07T11:02:00+05:30,24483.95,24490.75,24483.25,24489.9,0
2026-07-07T11:03:00+05:30,24490.2,24495.35,24489.65,24494.65,0
2026-07-07T11:04:00+05:30,24494.15,24499.25,24491.95,24493.8,0
2026-07-07T11:05:00+05:30,24494.4,24505.85,24493.2,24505.1,0
2026-07-07T11:06:00+05:30,24505.1,24509.05,24504.6,24506.15,0
2026-07-07T11:07:00+05:30,24506.2,24507.4,24498.2,24499.15,0
2026-07-07T11:08:00+05:30,24499.75,24508.45,24499.5,24504.95,0
2026-07-07T11:09:00+05:30,24504.6,24506.05,24501.6,24504.55,0
2026-07-07T11:10:00+05:30,24504.4,24506.15,24501.7,24505.3,0
2026-07-07T11:11:00+05:30,24504.7,24510.45,24502.5,24509.7,0
2026-07-07T11:12:00+05:30,24509.5,24513.0,24506.6,24511.5,0
2026-07-07T11:13:00+05:30,24511.9,24514.85,24511.15,24512.8,0
2026-07-07T11:14:00+05:30,24513.15,24518.1,24509.9,24512.6,0
2026-07-07T11:15:00+05:30,24512.55,24513.5,24507.85,24511.6,0
2026-07-07T11:16:00+05:30,24511.1,24512.1,24507.1,24508.85,0
2026-07-07T11:17:00+05:30,24508.45,24512.2,24505.8,24508.95,0
2026-07-07T11:18:00+05:30,24509.05,24509.4,24503.95,24504.9,0
2026-07-07T11:19:00+05:30,24505.55,24508.4,24502.25,24506.5,0
2026-07-07T11:20:00+05:30,24506.5,24512.75,24503.75,24509.25,0
2026-07-07T11:21:00+05:30,24510.1,24515.15,24507.0,24513.3,0
2026-07-07T11:22:00+05:30,24512.95,24519.9,24512.8,24518.2,0
2026-07-07T11:23:00+05:30,24517.35,24519.05,24506.7,24510.2,0
2026-07-07T11:24:00+05:30,24510.0,24512.95,24507.25,24510.1,0
2026-07-07T11:25:00+05:30,24509.7,24521.15,24509.7,24520.05,0
2026-07-07T11:26:00+05:30,24520.2,24525.75,24519.3,24523.85,0
2026-07-07T11:27:00+05:30,24522.7,24524.3,24516.65,24519.5,0
2026-07-07T11:28:00+05:30,24519.0,24520.85,24513.1,24517.15,0
2026-07-07T11:29:00+05:30,24516.75,24520.25,24513.8,24519.55,0
2026-07-07T11:30:00+05:30,24519.4,24523.2,24516.35,24517.85,0
2026-07-07T11:31:00+05:30,24517.6,24520.2,24515.9,24519.1,0
2026-07-07T11:32:00+05:30,24518.75,24524.3,24515.95,24517.15,0
2026-07-07T11:33:00+05:30,24517.75,24521.7,24517.0,24519.45,0
2026-07-07T11:34:00+05:30,24519.15,24520.05,24514.2,24515.05,0
2026-07-07T11:35:00+05:30,24514.65,24518.55,24511.55,24513.75,0
2026-07-07T11:36:00+05:30,24513.75,24517.05,24513.15,24513.65,0
2026-07-07T11:37:00+05:30,24512.95,24514.85,24510.15,24514.1,0
2026-07-07T11:38:00+05:30,24513.95,24517.15,24511.65,24511.65,0
2026-07-07T11:39:00+05:30,24511.75,24517.2,24510.45,24516.0,0
2026-07-07T11:40:00+05:30,24516.15,24518.35,24512.65,24514.05,0
2026-07-07T11:41:00+05:30,24513.3,24515.15,24511.55,24513.45,0
2026-07-07T11:42:00+05:30,24514.85,24516.2,24508.55,24509.05,0
2026-07-07T11:43:00+05:30,24509.05,24512.5,24507.85,24510.85,0
2026-07-07T11:44:00+05:30,24510.8,24514.25,24509.1,24510.4,0
2026-07-07T11:45:00+05:30,24510.45,24515.55,24508.7,24514.5,0
2026-07-07T11:46:00+05:30,24514.5,24516.2,24511.5,24512.45,0
2026-07-07T11:47:00+05:30,24511.5,24514.2,24505.5,24507.9,0
2026-07-07T11:48:00+05:30,24507.25,24511.45,24503.45,24509.25,0
2026-07-07T11:49:00+05:30,24509.25,24511.15,24503.05,24506.1,0
2026-07-07T11:50:00+05:30,24505.95,24518.9,24503.65,24517.25,0
2026-07-07T11:51:00+05:30,24517.1,24517.85,24510.95,24514.75,0
2026-07-07T11:52:00+05:30,24514.35,24515.45,24509.65,24514.3,0
2026-07-07T11:53:00+05:30,24514.5,24519.65,24513.45,24517.5,0
2026-07-07T11:54:00+05:30,24516.35,24521.75,24515.25,24520.6,0
2026-07-07T11:55:00+05:30,24520.9,24526.85,24519.4,24521.8,0
2026-07-07T11:56:00+05:30,24522.25,24525.5,24519.15,24522.2,0
2026-07-07T11:57:00+05:30,24522.2,24525.3,24520.4,24520.55,0
2026-07-07T11:58:00+05:30,24520.7,24525.3,24518.95,24524.25,0
2026-07-07T11:59:00+05:30,24524.45,24528.0,24523.15,24524.6,0
2026-07-07T12:00:00+05:30,24525.15,24530.9,24524.05,24525.55,0
2026-07-07T12:01:00+05:30,24526.15,24529.9,24523.55,24524.0,0
2026-07-07T12:02:00+05:30,24523.35,24526.2,24518.15,24518.15,0
2026-07-07T12:03:00+05:30,24520.35,24523.0,24518.35,24520.2,0
2026-07-07T12:04:00+05:30,24519.85,24522.8,24519.5,24521.2,0
2026-07-07T12:05:00+05:30,24521.15,24525.65,24521.0,24524.95,0
2026-07-07T12:06:00+05:30,24524.65,24526.7,24519.65,24521.15,0
2026-07-07T12:07:00+05:30,24521.0,24523.8,24519.2,24520.15,0
2026-07-07T12:08:00+05:30,24520.45,24522.0,24514.0,24519.7,0
2026-07-07T12:09:00+05:30,24519.7,24523.6,24518.15,24518.95,0
2026-07-07T12:10:00+05:30,24519.25,24522.1,24515.0,24516.55,0
2026-07-07T12:11:00+05:30,24517.1,24519.75,24513.9,24514.25,0
2026-07-07T12:12:00+05:30,24514.45,24515.4,24507.75,24512.5,0
2026-07-07T12:13:00+05:30,24511.95,24512.65,24500.8,24502.4,0
2026-07-07T12:14:00+05:30,24502.4,24505.6,24499.3,24504.8,0
2026-07-07T12:15:00+05:30,24504.7,24511.8,24504.3,24507.05,0
2026-07-07T12:16:00+05:30,24507.35,24508.2,24490.35,24491.7,0
2026-07-07T12:17:00+05:30,24490.95,24497.95,24490.5,24494.25,0
2026-07-07T12:18:00+05:30,24494.05,24495.8,24488.7,24489.55,0
2026-07-07T12:19:00+05:30,24489.3,24490.1,24485.9,24486.7,0
2026-07-07T12:20:00+05:30,24486.65,24496.85,24486.65,24496.85,0
2026-07-07T12:21:00+05:30,24496.05,24500.5,24492.8,24495.4,0
2026-07-07T12:22:00+05:30,24495.9,24499.55,24494.7,24499.55,0
2026-07-07T12:23:00+05:30,24499.35,24503.1,24493.55,24498.2,0
2026-07-07T12:24:00+05:30,24497.55,24498.35,24488.95,24493.65,0
2026-07-07T12:25:00+05:30,24494.45,24499.5,24491.25,24495.6,0
2026-07-07T12:26:00+05:30,24495.05,24497.15,24493.15,24496.75,0
2026-07-07T12:27:00+05:30,24496.7,24498.15,24491.1,24497.2,0
2026-07-07T12:28:00+05:30,24497.5,24500.45,24495.3,24498.0,0
2026-07-07T12:29:00+05:30,24498.0,24499.1,24492.05,24493.1,0
2026-07-07T12:30:00+05:30,24492.95,24495.0,24487.55,24489.25,0
2026-07-07T12:31:00+05:30,24489.15,24490.05,24478.6,24478.8,0
2026-07-07T12:32:00+05:30,24479.0,24480.0,24467.7,24474.8,0
2026-07-07T12:33:00+05:30,24474.8,24474.95,24461.65,24465.1,0
2026-07-07T12:34:00+05:30,24465.65,24474.45,24465.0,24474.0,0
2026-07-07T12:35:00+05:30,24473.65,24474.1,24465.9,24466.3,0
2026-07-07T12:36:00+05:30,24465.95,24473.65,24462.2,24463.25,0
2026-07-07T12:37:00+05:30,24463.05,24466.9,24458.7,24464.6,0
2026-07-07T12:38:00+05:30,24466.2,24466.2,24452.3,24454.0,0
2026-07-07T12:39:00+05:30,24453.15,24465.35,24446.05,24464.55,0
2026-07-07T12:40:00+05:30,24464.25,24464.7,24458.6,24459.5,0
2026-07-07T12:41:00+05:30,24460.55,24463.05,24458.8,24461.1,0
2026-07-07T12:42:00+05:30,24461.3,24464.05,24459.75,24463.4,0
2026-07-07T12:43:00+05:30,24463.7,24471.9,24462.65,24470.05,0
2026-07-07T12:44:00+05:30,24469.9,24475.7,24469.45,24472.4,0
2026-07-07T12:45:00+05:30,24473.2,24479.15,24460.2,24462.4,0
2026-07-07T12:46:00+05:30,24460.85,24466.2,24460.6,24465.55,0
2026-07-07T12:47:00+05:30,24465.35,24471.25,24464.65,24470.8,0
2026-07-07T12:48:00+05:30,24470.55,24472.65,24467.1,24469.55,0
2026-07-07T12:49:00+05:30,24468.95,24472.7,24465.15,24468.6,0
2026-07-07T12:50:00+05:30,24469.15,24479.65,24464.9,24473.65,0
2026-07-07T12:51:00+05:30,24473.95,24478.3,24468.8,24471.9,0
2026-07-07T12:52:00+05:30,24471.4,24472.55,24460.1,24460.9,0
2026-07-07T12:53:00+05:30,24459.85,24467.55,24457.25,24459.0,0
2026-07-07T12:54:00+05:30,24458.95,24463.85,24457.15,24463.65,0
2026-07-07T12:55:00+05:30,24462.9,24464.4,24451.1,24452.15,0
2026-07-07T12:56:00+05:30,24451.2,24463.0,24448.5,24458.4,0
2026-07-07T12:57:00+05:30,24458.15,24460.7,24450.7,24455.4,0
2026-07-07T12:58:00+05:30,24455.25,24469.4,24453.75,24461.7,0
2026-07-07T12:59:00+05:30,24462.1,24469.65,24458.8,24468.55,0
2026-07-07T13:00:00+05:30,24467.7,24468.45,24459.0,24463.75,0
2026-07-07T13:01:00+05:30,24464.85,24465.75,24459.2,24459.45,0
2026-07-07T13:02:00+05:30,24460.2,24463.6,24457.4,24461.5,0
2026-07-07T13:03:00+05:30,24462.05,24462.95,24455.15,24456.15,0
2026-07-07T13:04:00+05:30,24455.45,24462.6,24455.45,24460.65,0
2026-07-07T13:05:00+05:30,24460.5,24462.1,24455.0,24455.95,0
2026-07-07T13:06:00+05:30,24455.05,24457.9,24453.45,24456.25,0
2026-07-07T13:07:00+05:30,24456.05,24457.65,24453.45,24455.1,0
2026-07-07T13:08:00+05:30,24455.8,24456.15,24448.95,24450.15,0
2026-07-07T13:09:00+05:30,24449.35,24450.15,24446.3,24449.15,0
2026-07-07T13:10:00+05:30,24448.95,24452.9,24446.85,24447.6,0
2026-07-07T13:11:00+05:30,24447.15,24449.25,24432.8,24433.6,0
2026-07-07T13:12:00+05:30,24435.05,24435.55,24426.2,24426.95,0
2026-07-07T13:13:00+05:30,24425.6,24431.75,24425.45,24429.8,0
2026-07-07T13:14:00+05:30,24429.55,24440.45,24429.55,24436.45,0
2026-07-07T13:15:00+05:30,24436.2,24438.9,24430.3,24431.8,0
2026-07-07T13:16:00+05:30,24430.9,24435.1,24427.25,24429.45,0
2026-07-07T13:17:00+05:30,24429.25,24432.3,24426.35,24428.65,0
2026-07-07T13:18:00+05:30,24428.15,24430.45,24425.2,24425.75,0
2026-07-07T13:19:00+05:30,24425.8,24428.25,24419.6,24424.75,0
2026-07-07T13:20:00+05:30,24424.85,24425.8,24420.25,24423.45,0
2026-07-07T13:21:00+05:30,24423.3,24428.9,24421.25,24427.65,0
2026-07-07T13:22:00+05:30,24427.9,24429.15,24425.0,24426.1,0
2026-07-07T13:23:00+05:30,24425.75,24427.9,24422.35,24427.65,0
2026-07-07T13:24:00+05:30,24427.4,24429.6,24425.5,24426.1,0
2026-07-07T13:25:00+05:30,24426.25,24436.25,24426.25,24435.3,0
2026-07-07T13:26:00+05:30,24434.6,24439.4,24433.0,24436.65,0
2026-07-07T13:27:00+05:30,24436.75,24443.1,24436.1,24440.4,0
2026-07-07T13:28:00+05:30,24440.9,24445.15,24439.35,24439.6,0
2026-07-07T13:29:00+05:30,24439.35,24445.0,24438.5,24443.1,0
2026-07-07T13:30:00+05:30,24442.65,24445.6,24435.15,24435.6,0
2026-07-07T13:31:00+05:30,24435.5,24438.65,24433.1,24434.0,0
2026-07-07T13:32:00+05:30,24432.95,24440.2,24430.9,24438.8,0
2026-07-07T13:33:00+05:30,24440.1,24440.85,24435.4,24436.55,0
2026-07-07T13:34:00+05:30,24436.35,24437.75,24430.3,24431.15,0
2026-07-07T13:35:00+05:30,24431.0,24437.25,24430.75,24434.4,0
2026-07-07T13:36:00+05:30,24433.65,24435.7,24426.95,24427.7,0
2026-07-07T13:37:00+05:30,24428.3,24432.45,24425.7,24427.15,0
2026-07-07T13:38:00+05:30,24425.9,24430.95,24422.1,24423.05,0
2026-07-07T13:39:00+05:30,24423.45,24426.6,24418.45,24426.45,0
2026-07-07T13:40:00+05:30,24426.5,24433.1,24425.3,24426.0,0
2026-07-07T13:41:00+05:30,24424.95,24431.8,24424.55,24429.0,0
2026-07-07T13:42:00+05:30,24429.3,24438.15,24428.95,24437.2,0
2026-07-07T13:43:00+05:30,24437.35,24443.35,24436.65,24442.25,0
2026-07-07T13:44:00+05:30,24441.45,24446.05,24437.8,24438.2,0
2026-07-07T13:45:00+05:30,24439.0,24442.1,24437.75,24439.1,0
2026-07-07T13:46:00+05:30,24439.15,24453.7,24439.15,24443.3,0
2026-07-07T13:47:00+05:30,24443.5,24444.65,24437.3,24439.25,0
2026-07-07T13:48:00+05:30,24439.75,24444.8,24438.7,24439.95,0
2026-07-07T13:49:00+05:30,24439.8,24444.15,24435.1,24435.6,0
2026-07-07T13:50:00+05:30,24434.3,24439.75,24433.4,24437.55,0
2026-07-07T13:51:00+05:30,24437.6,24443.3,24437.15,24438.3,0
2026-07-07T13:52:00+05:30,24438.4,24445.4,24437.65,24443.05,0
2026-07-07T13:53:00+05:30,24442.45,24444.6,24438.4,24441.6,0
2026-07-07T13:54:00+05:30,24442.7,24444.25,24435.15,24435.4,0
2026-07-07T13:55:00+05:30,24434.65,24444.25,24433.75,24442.95,0
2026-07-07T13:56:00+05:30,24442.95,24445.65,24440.2,24441.0,0
2026-07-07T13:57:00+05:30,24439.7,24446.05,24439.7,24445.55,0
2026-07-07T13:58:00+05:30,24445.3,24453.65,24440.8,24451.1,0
2026-07-07T13:59:00+05:30,24450.4,24457.05,24450.0,24452.2,0
2026-07-07T14:00:00+05:30,24451.85,24453.4,24444.0,24445.65,0
2026-07-07T14:01:00+05:30,24446.2,24451.85,24443.05,24450.7,0
2026-07-07T14:02:00+05:30,24450.95,24452.9,24446.45,24448.55,0
2026-07-07T14:03:00+05:30,24448.5,24455.85,24447.6,24455.0,0
2026-07-07T14:04:00+05:30,24454.75,24456.25,24449.2,24453.4,0
2026-07-07T14:05:00+05:30,24452.95,24459.5,24450.95,24457.85,0
2026-07-07T14:06:00+05:30,24457.35,24459.1,24452.2,24456.65,0
2026-07-07T14:07:00+05:30,24455.85,24460.35,24449.15,24453.15,0
2026-07-07T14:08:00+05:30,24452.4,24463.3,24452.2,24459.85,0
2026-07-07T14:09:00+05:30,24459.85,24464.9,24459.1,24463.65,0
2026-07-07T14:10:00+05:30,24463.7,24467.65,24461.65,24462.5,0
2026-07-07T14:11:00+05:30,24462.45,24463.4,24459.75,24460.05,0
2026-07-07T14:12:00+05:30,24460.2,24463.15,24458.25,24459.7,0
2026-07-07T14:13:00+05:30,24458.4,24463.0,24457.95,24461.55,0
2026-07-07T14:14:00+05:30,24461.25,24464.55,24460.55,24461.4,0
2026-07-07T14:15:00+05:30,24461.5,24465.45,24459.55,24461.2,0
2026-07-07T14:16:00+05:30,24461.25,24462.35,24454.3,24456.85,0
2026-07-07T14:17:00+05:30,24455.5,24458.1,24451.85,24454.55,0
2026-07-07T14:18:00+05:30,24454.65,24456.85,24453.35,24455.3,0
2026-07-07T14:19:00+05:30,24455.4,24459.6,24455.15,24456.45,0
2026-07-07T14:20:00+05:30,24456.6,24458.55,24453.5,24453.5,0
2026-07-07T14:21:00+05:30,24454.3,24455.6,24448.95,24450.15,0
2026-07-07T14:22:00+05:30,24449.75,24455.8,24448.25,24452.5,0
2026-07-07T14:23:00+05:30,24452.45,24458.15,24451.4,24454.25,0
2026-07-07T14:24:00+05:30,24454.15,24454.5,24448.05,24448.35,0
2026-07-07T14:25:00+05:30,24448.75,24453.15,24446.95,24452.0,0
2026-07-07T14:26:00+05:30,24451.35,24453.95,24450.85,24452.45,0
2026-07-07T14:27:00+05:30,24452.2,24456.45,24450.85,24454.8,0
2026-07-07T14:28:00+05:30,24453.35,24458.2,24451.8,24455.1,0
2026-07-07T14:29:00+05:30,24454.8,24457.25,24453.2,24453.55,0
2026-07-07T14:30:00+05:30,24453.9,24458.65,24453.9,24457.65,0
2026-07-07T14:31:00+05:30,24457.65,24461.0,24456.25,24459.1,0
2026-07-07T14:32:00+05:30,24459.35,24462.8,24456.85,24458.15,0
2026-07-07T14:33:00+05:30,24458.35,24463.55,24457.85,24462.55,0
2026-07-07T14:34:00+05:30,24462.75,24463.25,24455.9,24459.0,0
2026-07-07T14:35:00+05:30,24459.0,24465.55,24458.55,24461.9,0
2026-07-07T14:36:00+05:30,24462.6,24470.5,24460.9,24469.5,0
2026-07-07T14:37:00+05:30,24469.5,24473.05,24464.75,24466.4,0
2026-07-07T14:38:00+05:30,24467.1,24468.4,24463.9,24465.2,0
2026-07-07T14:39:00+05:30,24465.15,24469.6,24463.4,24465.8,0
2026-07-07T14:40:00+05:30,24465.9,24467.65,24454.95,24455.55,0
2026-07-07T14:41:00+05:30,24456.5,24460.15,24455.15,24457.6,0
2026-07-07T14:42:00+05:30,24458.15,24468.1,24458.15,24466.1,0
2026-07-07T14:43:00+05:30,24466.0,24468.3,24462.4,24465.9,0
2026-07-07T14:44:00+05:30,24466.15,24467.0,24462.25,24465.6,0
2026-07-07T14:45:00+05:30,24465.55,24468.7,24464.35,24465.4,0
2026-07-07T14:46:00+05:30,24465.3,24469.8,24464.35,24466.3,0
2026-07-07T14:47:00+05:30,24466.15,24470.9,24465.25,24465.75,0
2026-07-07T14:48:00+05:30,24466.15,24468.7,24455.6,24459.1,0
2026-07-07T14:49:00+05:30,24459.05,24468.3,24459.05,24466.0,0
2026-07-07T14:50:00+05:30,24466.2,24468.5,24463.6,24465.6,0
2026-07-07T14:51:00+05:30,24465.75,24467.9,24462.45,24467.15,0
2026-07-07T14:52:00+05:30,24466.95,24469.4,24464.7,24465.9,0
2026-07-07T14:53:00+05:30,24466.75,24468.4,24462.4,24462.5,0
2026-07-07T14:54:00+05:30,24462.0,24467.25,24462.0,24464.4,0
2026-07-07T14:55:00+05:30,24464.6,24470.05,24464.3,24466.45,0
2026-07-07T14:56:00+05:30,24465.7,24467.7,24461.1,24465.3,0
2026-07-07T14:57:00+05:30,24465.85,24471.4,24461.1,24462.8,0
2026-07-07T14:58:00+05:30,24464.0,24467.1,24459.3,24461.3,0
2026-07-07T14:59:00+05:30,24461.65,24461.65,24453.85,24456.1,0
2026-07-07T15:00:00+05:30,24456.4,24459.35,24434.5,24437.25,0
2026-07-07T15:01:00+05:30,24437.5,24439.95,24430.45,24430.5,0
2026-07-07T15:02:00+05:30,24430.8,24430.8,24412.35,24417.85,0
2026-07-07T15:03:00+05:30,24418.6,24429.95,24417.25,24429.05,0
2026-07-07T15:04:00+05:30,24429.3,24429.75,24421.35,24426.9,0
2026-07-07T15:05:00+05:30,24426.5,24426.95,24412.4,24412.85,0
2026-07-07T15:06:00+05:30,24413.6,24421.0,24412.65,24418.85,0
2026-07-07T15:07:00+05:30,24419.0,24419.6,24410.2,24417.25,0
2026-07-07T15:08:00+05:30,24416.95,24424.4,24405.85,24406.65,0
2026-07-07T15:09:00+05:30,24407.45,24416.65,24404.85,24405.05,0
2026-07-07T15:10:00+05:30,24405.7,24406.05,24398.45,24398.85,0
2026-07-07T15:11:00+05:30,24399.45,24399.45,24390.15,24395.85,0
2026-07-07T15:12:00+05:30,24395.5,24397.35,24391.5,24392.2,0
2026-07-07T15:13:00+05:30,24392.75,24397.35,24391.25,24395.9,0
2026-07-07T15:14:00+05:30,24396.45,24399.15,24394.7,24397.85,0
2026-07-07T15:15:00+05:30,24398.5,24401.75,24397.55,24399.9,0
2026-07-07T15:16:00+05:30,24400.65,24400.65,24391.0,24391.9,0
2026-07-07T15:17:00+05:30,24391.8,24392.6,24385.2,24388.05,0
2026-07-07T15:18:00+05:30,24387.95,24389.1,24383.35,24386.15,0
2026-07-07T15:19:00+05:30,24386.2,24391.35,24382.65,24389.0,0
2026-07-07T15:20:00+05:30,24389.05,24389.35,24380.4,24381.65,0
2026-07-07T15:21:00+05:30,24381.25,24383.5,24376.4,24377.45,0
2026-07-07T15:22:00+05:30,24377.05,24377.4,24368.55,24370.9,0
2026-07-07T15:23:00+05:30,24370.0,24372.5,24367.6,24370.65,0
2026-07-07T15:24:00+05:30,24369.85,24370.4,24366.8,24368.7,0
2026-07-07T15:25:00+05:30,24368.6,24371.85,24362.1,24362.75,0
2026-07-07T15:26:00+05:30,24362.75,24363.2,24354.9,24356.45,0
2026-07-07T15:27:00+05:30,24356.5,24364.95,24356.1,24360.0,0
2026-07-07T15:28:00+05:30,24359.7,24362.05,24351.35,24352.7,0
2026-07-07T15:29:00+05:30,24351.25,24359.15,24348.95,24355.1,0
2026-07-08T09:15:00+05:30,24259.55,24283.25,24229.9,24273.5,0
2026-07-08T09:16:00+05:30,24276.15,24281.05,24255.0,24277.35,0
2026-07-08T09:17:00+05:30,24277.85,24282.8,24270.4,24274.55,0
2026-07-08T09:18:00+05:30,24275.0,24285.3,24273.45,24276.4,0
2026-07-08T09:19:00+05:30,24277.5,24288.75,24274.9,24284.45,0
2026-07-08T09:20:00+05:30,24285.5,24295.25,24279.25,24284.95,0
2026-07-08T09:21:00+05:30,24287.25,24288.55,24275.65,24279.8,0
2026-07-08T09:22:00+05:30,24281.35,24282.0,24259.65,24259.65,0
2026-07-08T09:23:00+05:30,24264.3,24264.65,24253.7,24257.95,0
2026-07-08T09:24:00+05:30,24259.45,24263.25,24246.0,24246.0,0
2026-07-08T09:25:00+05:30,24246.5,24248.25,24234.95,24245.9,0
2026-07-08T09:26:00+05:30,24246.85,24247.85,24237.7,24242.25,0
2026-07-08T09:27:00+05:30,24244.4,24245.4,24236.45,24239.65,0
2026-07-08T09:28:00+05:30,24239.3,24239.75,24233.45,24235.65,0
2026-07-08T09:29:00+05:30,24237.75,24240.9,24232.05,24239.2,0
2026-07-08T09:30:00+05:30,24239.6,24240.9,24218.45,24224.55,0
2026-07-08T09:31:00+05:30,24226.9,24229.15,24219.75,24227.2,0
2026-07-08T09:32:00+05:30,24227.85,24230.4,24224.65,24229.85,0
2026-07-08T09:33:00+05:30,24230.8,24233.95,24219.4,24222.15,0
2026-07-08T09:34:00+05:30,24222.5,24223.2,24215.3,24220.05,0
2026-07-08T09:35:00+05:30,24221.45,24224.8,24213.45,24223.45,0
2026-07-08T09:36:00+05:30,24224.0,24224.0,24211.65,24213.25,0
2026-07-08T09:37:00+05:30,24215.0,24216.35,24208.45,24212.65,0
2026-07-08T09:38:00+05:30,24212.35,24220.45,24207.2,24219.6,0
2026-07-08T09:39:00+05:30,24221.15,24221.45,24214.6,24217.15,0
2026-07-08T09:40:00+05:30,24217.65,24223.2,24213.15,24220.2,0
2026-07-08T09:41:00+05:30,24221.15,24235.45,24217.6,24233.4,0
2026-07-08T09:42:00+05:30,24233.15,24234.05,24220.3,24225.25,0
2026-07-08T09:43:00+05:30,24225.65,24231.25,24222.35,24228.05,0
2026-07-08T09:44:00+05:30,24228.65,24229.1,24223.8,24226.15,0
2026-07-08T09:45:00+05:30,24227.45,24233.2,24223.35,24229.85,0
2026-07-08T09:46:00+05:30,24230.85,24242.3,24229.85,24241.05,0
2026-07-08T09:47:00+05:30,24242.2,24242.2,24234.25,24240.3,0
2026-07-08T09:48:00+05:30,24240.95,24244.55,24234.75,24243.4,0
2026-07-08T09:49:00+05:30,24243.35,24250.4,24241.5,24248.9,0
2026-07-08T09:50:00+05:30,24250.5,24256.2,24243.8,24250.95,0
2026-07-08T09:51:00+05:30,24251.55,24251.55,24242.6,24246.75,0
2026-07-08T09:52:00+05:30,24247.4,24262.4,24246.6,24260.45,0
2026-07-08T09:53:00+05:30,24261.7,24267.15,24255.9,24265.55,0
2026-07-08T09:54:00+05:30,24265.1,24266.95,24249.1,24251.1,0
2026-07-08T09:55:00+05:30,24252.45,24263.75,24246.95,24262.9,0
2026-07-08T09:56:00+05:30,24261.85,24262.15,24256.0,24259.7,0
2026-07-08T09:57:00+05:30,24260.3,24260.55,24247.6,24248.25,0
2026-07-08T09:58:00+05:30,24247.8,24252.0,24244.25,24250.35,0
2026-07-08T09:59:00+05:30,24250.95,24259.7,24249.55,24251.75,0
2026-07-08T10:00:00+05:30,24250.85,24254.25,24245.55,24245.7,0
2026-07-08T10:01:00+05:30,24245.2,24247.85,24241.1,24245.9,0
2026-07-08T10:02:00+05:30,24247.2,24250.65,24245.0,24249.05,0
2026-07-08T10:03:00+05:30,24249.4,24249.4,24241.0,24244.35,0
2026-07-08T10:04:00+05:30,24244.75,24247.15,24238.25,24241.3,0
2026-07-08T10:05:00+05:30,24240.85,24243.25,24235.8,24239.2,0
2026-07-08T10:06:00+05:30,24239.1,24245.9,24233.0,24245.05,0
2026-07-08T10:07:00+05:30,24244.2,24247.3,24240.0,24246.2,0
2026-07-08T10:08:00+05:30,24245.35,24246.2,24233.2,24236.4,0
2026-07-08T10:09:00+05:30,24236.7,24242.5,24233.8,24240.7,0
2026-07-08T10:10:00+05:30,24240.65,24253.45,24236.9,24253.2,0
2026-07-08T10:11:00+05:30,24253.45,24254.75,24249.25,24250.4,0
2026-07-08T10:12:00+05:30,24250.85,24258.1,24244.7,24249.5,0
2026-07-08T10:13:00+05:30,24250.75,24250.75,24234.9,24239.5,0
2026-07-08T10:14:00+05:30,24238.2,24241.05,24235.65,24238.2,0
2026-07-08T10:15:00+05:30,24236.2,24236.2,24229.1,24232.05,0
2026-07-08T10:16:00+05:30,24232.3,24238.75,24229.6,24233.4,0
2026-07-08T10:17:00+05:30,24234.25,24238.0,24231.1,24233.05,0
2026-07-08T10:18:00+05:30,24232.3,24236.85,24228.3,24236.2,0
2026-07-08T10:19:00+05:30,24235.7,24250.8,24233.85,24250.8,0
2026-07-08T10:20:00+05:30,24249.8,24251.5,24240.25,24241.65,0
2026-07-08T10:21:00+05:30,24241.25,24244.2,24238.55,24241.65,0
2026-07-08T10:22:00+05:30,24241.5,24242.55,24236.75,24239.1,0
2026-07-08T10:23:00+05:30,24239.3,24241.55,24233.25,24234.95,0
2026-07-08T10:24:00+05:30,24233.75,24235.4,24223.15,24224.15,0
2026-07-08T10:25:00+05:30,24224.5,24225.05,24219.25,24224.4,0
2026-07-08T10:26:00+05:30,24224.5,24232.1,24222.6,24230.95,0
2026-07-08T10:27:00+05:30,24231.65,24239.5,24230.05,24237.25,0
2026-07-08T10:28:00+05:30,24236.9,24247.2,24234.9,24245.1,0
2026-07-08T10:29:00+05:30,24246.1,24247.65,24240.85,24245.2,0
2026-07-08T10:30:00+05:30,24246.1,24257.7,24245.75,24255.35,0
2026-07-08T10:31:00+05:30,24257.35,24265.35,24255.0,24262.15,0
2026-07-08T10:32:00+05:30,24263.15,24265.0,24254.15,24257.05,0
2026-07-08T10:33:00+05:30,24257.8,24260.4,24250.35,24255.05,0
2026-07-08T10:34:00+05:30,24256.75,24259.1,24252.15,24254.25,0
2026-07-08T10:35:00+05:30,24254.9,24261.65,24253.0,24261.25,0
2026-07-08T10:36:00+05:30,24260.5,24266.8,24257.75,24265.5,0
2026-07-08T10:37:00+05:30,24266.55,24277.65,24262.55,24276.95,0
2026-07-08T10:38:00+05:30,24277.65,24283.1,24270.85,24279.85,0
2026-07-08T10:39:00+05:30,24280.3,24283.7,24277.4,24283.3,0
2026-07-08T10:40:00+05:30,24283.65,24284.35,24277.9,24281.15,0
2026-07-08T10:41:00+05:30,24281.15,24289.5,24278.0,24287.55,0
2026-07-08T10:42:00+05:30,24288.75,24293.2,24284.8,24291.0,0
2026-07-08T10:43:00+05:30,24293.1,24294.2,24287.35,24293.5,0
2026-07-08T10:44:00+05:30,24292.95,24293.35,24279.25,24279.25,0
2026-07-08T10:45:00+05:30,24281.45,24283.15,24274.25,24281.05,0
2026-07-08T10:46:00+05:30,24282.85,24282.85,24275.7,24276.55,0
2026-07-08T10:47:00+05:30,24276.2,24280.05,24269.15,24270.0,0
2026-07-08T10:48:00+05:30,24271.25,24275.15,24268.75,24274.45,0
2026-07-08T10:49:00+05:30,24274.15,24278.25,24272.0,24277.4,0
2026-07-08T10:50:00+05:30,24278.1,24279.85,24273.35,24276.95,0
2026-07-08T10:51:00+05:30,24278.15,24283.25,24273.6,24277.4,0
2026-07-08T10:52:00+05:30,24278.3,24282.0,24273.2,24276.3,0
2026-07-08T10:53:00+05:30,24277.5,24278.9,24273.35,24275.0,0
2026-07-08T10:54:00+05:30,24276.05,24276.45,24270.6,24273.25,0
2026-07-08T10:55:00+05:30,24273.85,24278.3,24269.2,24276.4,0
2026-07-08T10:56:00+05:30,24277.5,24286.35,24275.55,24285.05,0
2026-07-08T10:57:00+05:30,24286.05,24289.05,24279.95,24288.4,0
2026-07-08T10:58:00+05:30,24288.65,24291.55,24284.3,24290.55,0
2026-07-08T10:59:00+05:30,24291.9,24294.3,24287.2,24293.5,0
2026-07-08T11:00:00+05:30,24294.55,24294.55,24288.0,24289.65,0
2026-07-08T11:01:00+05:30,24291.45,24293.9,24288.1,24292.75,0
2026-07-08T11:02:00+05:30,24293.0,24298.3,24292.3,24294.85,0
2026-07-08T11:03:00+05:30,24295.85,24298.15,24284.55,24288.0,0
2026-07-08T11:04:00+05:30,24288.6,24289.2,24285.45,24288.75,0
2026-07-08T11:05:00+05:30,24289.55,24295.7,24288.2,24288.9,0
2026-07-08T11:06:00+05:30,24289.05,24290.45,24281.6,24283.05,0
2026-07-08T11:07:00+05:30,24283.7,24286.8,24280.9,24285.65,0
2026-07-08T11:08:00+05:30,24285.55,24288.5,24282.65,24288.4,0
2026-07-08T11:09:00+05:30,24288.65,24291.85,24287.15,24290.2,0
2026-07-08T11:10:00+05:30,24290.95,24290.95,24281.15,24283.55,0
2026-07-08T11:11:00+05:30,24284.5,24288.4,24281.5,24286.95,0
2026-07-08T11:12:00+05:30,24287.7,24297.5,24286.5,24296.8,0
2026-07-08T11:13:00+05:30,24297.35,24300.0,24292.35,24294.3,0
2026-07-08T11:14:00+05:30,24295.1,24296.3,24288.6,24290.55,0
2026-07-08T11:15:00+05:30,24290.8,24291.0,24283.85,24285.45,0
2026-07-08T11:16:00+05:30,24286.1,24286.1,24280.05,24285.1,0
2026-07-08T11:17:00+05:30,24285.5,24288.2,24282.25,24285.5,0
2026-07-08T11:18:00+05:30,24287.1,24287.95,24277.75,24279.5,0
2026-07-08T11:19:00+05:30,24280.15,24283.85,24278.4,24282.65,0
2026-07-08T11:20:00+05:30,24283.8,24286.35,24276.9,24284.3,0
2026-07-08T11:21:00+05:30,24284.75,24284.75,24276.45,24277.7,0
2026-07-08T11:22:00+05:30,24277.85,24280.0,24274.75,24276.8,0
2026-07-08T11:23:00+05:30,24277.65,24278.7,24274.8,24276.1,0
2026-07-08T11:24:00+05:30,24276.2,24289.05,24275.0,24286.5,0
2026-07-08T11:25:00+05:30,24287.9,24294.4,24286.8,24292.1,0
2026-07-08T11:26:00+05:30,24291.6,24291.95,24283.05,24283.45,0
2026-07-08T11:27:00+05:30,24284.75,24290.75,24282.15,24290.0,0
2026-07-08T11:28:00+05:30,24290.95,24290.95,24283.7,24286.65,0
2026-07-08T11:29:00+05:30,24287.25,24287.25,24278.4,24285.15,0
2026-07-08T11:30:00+05:30,24286.2,24286.2,24275.4,24278.55,0
2026-07-08T11:31:00+05:30,24279.15,24282.75,24276.85,24280.95,0
2026-07-08T11:32:00+05:30,24281.1,24281.1,24274.05,24275.7,0
2026-07-08T11:33:00+05:30,24275.2,24276.55,24268.95,24268.95,0
2026-07-08T11:34:00+05:30,24269.75,24270.8,24263.65,24269.5,0
2026-07-08T11:35:00+05:30,24270.25,24270.25,24257.6,24261.35,0
2026-07-08T11:36:00+05:30,24261.05,24270.4,24259.2,24268.75,0
2026-07-08T11:37:00+05:30,24269.75,24269.75,24261.3,24266.4,0
2026-07-08T11:38:00+05:30,24266.95,24268.65,24261.6,24263.65,0
2026-07-08T11:39:00+05:30,24264.2,24267.75,24261.15,24267.25,0
2026-07-08T11:40:00+05:30,24267.25,24270.25,24264.75,24266.25,0
2026-07-08T11:41:00+05:30,24265.5,24267.7,24258.45,24261.7,0
2026-07-08T11:42:00+05:30,24262.2,24263.7,24259.5,24261.75,0
2026-07-08T11:43:00+05:30,24262.1,24263.7,24258.8,24259.75,0
2026-07-08T11:44:00+05:30,24260.75,24260.75,24252.55,24259.0,0
2026-07-08T11:45:00+05:30,24259.6,24261.5,24257.65,24260.4,0
2026-07-08T11:46:00+05:30,24261.55,24261.55,24252.15,24253.75,0
2026-07-08T11:47:00+05:30,24254.05,24258.7,24252.7,24257.65,0
2026-07-08T11:48:00+05:30,24258.95,24260.75,24255.25,24259.7,0
2026-07-08T11:49:00+05:30,24259.2,24260.0,24248.85,24251.2,0
2026-07-08T11:50:00+05:30,24252.3,24254.05,24249.6,24252.85,0
2026-07-08T11:51:00+05:30,24254.0,24254.0,24244.0,24251.15,0
2026-07-08T11:52:00+05:30,24251.55,24251.55,24245.3,24247.5,0
2026-07-08T11:53:00+05:30,24249.0,24255.35,24246.5,24254.1,0
2026-07-08T11:54:00+05:30,24254.65,24255.75,24248.85,24252.85,0
2026-07-08T11:55:00+05:30,24254.85,24259.45,24251.6,24256.35,0
2026-07-08T11:56:00+05:30,24256.95,24256.95,24236.1,24236.6,0
2026-07-08T11:57:00+05:30,24236.45,24238.2,24233.6,24237.1,0
2026-07-08T11:58:00+05:30,24238.45,24249.25,24236.2,24249.0,0
2026-07-08T11:59:00+05:30,24249.75,24250.05,24242.65,24248.95,0
2026-07-08T12:00:00+05:30,24249.65,24252.35,24242.35,24246.15,0
2026-07-08T12:01:00+05:30,24247.0,24247.0,24238.1,24240.9,0
2026-07-08T12:02:00+05:30,24240.25,24245.8,24237.2,24237.95,0
2026-07-08T12:03:00+05:30,24239.25,24244.2,24235.7,24235.85,0
2026-07-08T12:04:00+05:30,24237.3,24239.65,24233.85,24234.95,0
2026-07-08T12:05:00+05:30,24235.4,24241.2,24234.1,24240.3,0
2026-07-08T12:06:00+05:30,24241.0,24243.9,24237.5,24238.15,0
2026-07-08T12:07:00+05:30,24240.0,24242.2,24235.3,24238.35,0
2026-07-08T12:08:00+05:30,24238.35,24239.1,24229.3,24230.9,0
2026-07-08T12:09:00+05:30,24232.5,24233.5,24225.6,24226.95,0
2026-07-08T12:10:00+05:30,24229.0,24229.2,24218.4,24223.5,0
2026-07-08T12:11:00+05:30,24224.8,24233.85,24222.25,24231.4,0
2026-07-08T12:12:00+05:30,24231.35,24232.95,24225.55,24228.0,0
2026-07-08T12:13:00+05:30,24229.25,24229.45,24222.45,24223.95,0
2026-07-08T12:14:00+05:30,24226.0,24226.15,24222.0,24222.4,0
2026-07-08T12:15:00+05:30,24224.05,24224.05,24216.2,24217.25,0
2026-07-08T12:16:00+05:30,24219.6,24219.6,24208.4,24209.4,0
2026-07-08T12:17:00+05:30,24211.5,24224.3,24210.6,24223.4,0
2026-07-08T12:18:00+05:30,24225.6,24231.25,24218.85,24230.4,0
2026-07-08T12:19:00+05:30,24232.25,24233.95,24227.8,24230.5,0
2026-07-08T12:20:00+05:30,24231.7,24234.25,24224.7,24225.45,0
2026-07-08T12:21:00+05:30,24226.55,24227.0,24223.75,24224.55,0
2026-07-08T12:22:00+05:30,24226.35,24226.35,24220.7,24222.0,0
2026-07-08T12:23:00+05:30,24222.65,24222.65,24214.4,24216.0,0
2026-07-08T12:24:00+05:30,24216.55,24217.35,24205.0,24206.0,0
2026-07-08T12:25:00+05:30,24207.65,24213.45,24203.4,24209.9,0
2026-07-08T12:26:00+05:30,24211.2,24216.15,24206.55,24213.95,0
2026-07-08T12:27:00+05:30,24215.45,24215.45,24209.7,24211.0,0
2026-07-08T12:28:00+05:30,24212.0,24212.2,24204.6,24206.55,0
2026-07-08T12:29:00+05:30,24208.4,24210.0,24202.55,24206.55,0
2026-07-08T12:30:00+05:30,24207.6,24208.4,24203.05,24203.6,0
2026-07-08T12:31:00+05:30,24204.85,24204.85,24189.2,24192.05,0
2026-07-08T12:32:00+05:30,24193.7,24202.7,24192.9,24201.5,0
2026-07-08T12:33:00+05:30,24201.5,24204.7,24195.85,24197.25,0
2026-07-08T12:34:00+05:30,24198.65,24198.65,24191.9,24195.4,0
2026-07-08T12:35:00+05:30,24196.15,24197.55,24192.8,24196.25,0
2026-07-08T12:36:00+05:30,24197.4,24197.5,24194.05,24195.95,0
2026-07-08T12:37:00+05:30,24196.85,24198.35,24193.05,24196.95,0
2026-07-08T12:38:00+05:30,24198.05,24199.4,24191.75,24192.1,0
2026-07-08T12:39:00+05:30,24193.5,24193.5,24184.0,24191.85,0
2026-07-08T12:40:00+05:30,24191.9,24192.55,24189.0,24192.0,0
2026-07-08T12:41:00+05:30,24192.35,24196.95,24189.45,24195.25,0
2026-07-08T12:42:00+05:30,24196.85,24196.85,24187.35,24189.85,0
2026-07-08T12:43:00+05:30,24191.6,24193.0,24186.95,24191.7,0
2026-07-08T12:44:00+05:30,24192.35,24206.35,24190.8,24204.7,0
2026-07-08T12:45:00+05:30,24206.1,24209.35,24197.85,24199.45,0
2026-07-08T12:46:00+05:30,24201.4,24205.85,24198.6,24203.05,0
2026-07-08T12:47:00+05:30,24203.95,24210.3,24200.1,24205.25,0
2026-07-08T12:48:00+05:30,24206.05,24206.5,24200.5,24201.75,0
2026-07-08T12:49:00+05:30,24202.5,24206.15,24200.3,24204.55,0
2026-07-08T12:50:00+05:30,24205.9,24214.95,24203.95,24214.05,0
2026-07-08T12:51:00+05:30,24215.35,24219.05,24209.7,24215.9,0
2026-07-08T12:52:00+05:30,24216.55,24216.65,24208.15,24209.3,0
2026-07-08T12:53:00+05:30,24210.95,24213.05,24206.5,24211.85,0
2026-07-08T12:54:00+05:30,24213.0,24221.35,24211.25,24219.3,0
2026-07-08T12:55:00+05:30,24220.75,24225.3,24213.15,24213.9,0
2026-07-08T12:56:00+05:30,24215.15,24216.2,24210.6,24214.65,0
2026-07-08T12:57:00+05:30,24215.4,24217.85,24213.4,24216.8,0
2026-07-08T12:58:00+05:30,24216.95,24220.75,24215.5,24218.6,0
2026-07-08T12:59:00+05:30,24220.65,24220.65,24213.2,24215.9,0
2026-07-08T13:00:00+05:30,24217.15,24222.4,24214.8,24222.0,0
2026-07-08T13:01:00+05:30,24223.1,24225.1,24217.7,24222.2,0
2026-07-08T13:02:00+05:30,24223.9,24228.25,24220.7,24227.7,0
2026-07-08T13:03:00+05:30,24228.55,24232.6,24225.5,24232.3,0
2026-07-08T13:04:00+05:30,24233.35,24233.35,24224.0,24225.25,0
2026-07-08T13:05:00+05:30,24226.55,24229.35,24223.95,24226.1,0
2026-07-08T13:06:00+05:30,24227.2,24234.05,24225.75,24233.95,0
2026-07-08T13:07:00+05:30,24234.45,24235.8,24230.1,24230.65,0
2026-07-08T13:08:00+05:30,24231.8,24231.9,24224.25,24224.95,0
2026-07-08T13:09:00+05:30,24226.7,24226.7,24216.2,24218.8,0
2026-07-08T13:10:00+05:30,24219.95,24219.95,24214.95,24218.95,0
2026-07-08T13:11:00+05:30,24219.75,24223.95,24217.85,24219.9,0
2026-07-08T13:12:00+05:30,24221.25,24222.8,24217.7,24218.0,0
2026-07-08T13:13:00+05:30,24220.35,24220.75,24216.4,24219.3,0
2026-07-08T13:14:00+05:30,24221.4,24221.4,24215.3,24216.95,0
2026-07-08T13:15:00+05:30,24217.95,24221.15,24213.8,24214.0,0
2026-07-08T13:16:00+05:30,24215.2,24217.65,24210.0,24214.6,0
2026-07-08T13:17:00+05:30,24217.05,24219.3,24209.5,24217.9,0
2026-07-08T13:18:00+05:30,24219.15,24221.9,24217.5,24218.3,0
2026-07-08T13:19:00+05:30,24218.9,24225.7,24215.0,24224.45,0
2026-07-08T13:20:00+05:30,24225.45,24230.1,24217.4,24221.7,0
2026-07-08T13:21:00+05:30,24222.75,24225.55,24217.25,24221.15,0
2026-07-08T13:22:00+05:30,24221.25,24222.45,24217.25,24219.9,0
2026-07-08T13:23:00+05:30,24220.8,24222.4,24214.4,24221.2,0
2026-07-08T13:24:00+05:30,24222.0,24226.25,24218.7,24225.65,0
2026-07-08T13:25:00+05:30,24228.2,24228.2,24219.35,24219.75,0
2026-07-08T13:26:00+05:30,24221.0,24226.9,24219.0,24223.05,0
2026-07-08T13:27:00+05:30,24224.2,24224.2,24216.4,24216.8,0
2026-07-08T13:28:00+05:30,24218.35,24220.9,24214.0,24214.55,0
2026-07-08T13:29:00+05:30,24215.7,24219.8,24214.6,24216.3,0
2026-07-08T13:30:00+05:30,24217.55,24220.4,24215.05,24215.2,0
2026-07-08T13:31:00+05:30,24216.2,24216.2,24208.75,24211.2,0
2026-07-08T13:32:00+05:30,24210.65,24215.15,24207.9,24214.9,0
2026-07-08T13:33:00+05:30,24215.85,24215.85,24208.05,24210.35,0
2026-07-08T13:34:00+05:30,24211.0,24211.0,24205.7,24208.8,0
2026-07-08T13:35:00+05:30,24209.7,24214.45,24207.2,24214.45,0
2026-07-08T13:36:00+05:30,24214.7,24214.75,24210.6,24212.8,0
2026-07-08T13:37:00+05:30,24214.1,24214.1,24205.4,24206.9,0
2026-07-08T13:38:00+05:30,24207.3,24210.7,24205.1,24210.4,0
2026-07-08T13:39:00+05:30,24210.85,24220.5,24210.25,24214.25,0
2026-07-08T13:40:00+05:30,24215.05,24215.5,24209.45,24215.0,0
2026-07-08T13:41:00+05:30,24215.0,24215.45,24211.0,24213.6,0
2026-07-08T13:42:00+05:30,24215.55,24216.6,24206.05,24207.1,0
2026-07-08T13:43:00+05:30,24207.4,24211.7,24200.1,24202.4,0
2026-07-08T13:44:00+05:30,24203.1,24205.9,24200.4,24205.15,0
2026-07-08T13:45:00+05:30,24206.1,24209.05,24205.0,24207.8,0
2026-07-08T13:46:00+05:30,24207.85,24208.25,24170.6,24170.6,0
2026-07-08T13:47:00+05:30,24171.6,24171.6,24120.5,24120.65,0
2026-07-08T13:48:00+05:30,24121.55,24132.9,24106.95,24128.85,0
2026-07-08T13:49:00+05:30,24130.8,24130.8,24113.6,24120.2,0
2026-07-08T13:50:00+05:30,24120.75,24121.75,24097.4,24098.0,0
2026-07-08T13:51:00+05:30,24098.2,24103.5,24088.6,24100.8,0
2026-07-08T13:52:00+05:30,24101.0,24101.2,24085.45,24093.1,0
2026-07-08T13:53:00+05:30,24093.65,24093.65,24076.5,24076.95,0
2026-07-08T13:54:00+05:30,24078.65,24078.65,24057.3,24064.25,0
2026-07-08T13:55:00+05:30,24064.5,24065.4,24053.1,24056.8,0
2026-07-08T13:56:00+05:30,24056.65,24081.55,24052.3,24074.2,0
2026-07-08T13:57:00+05:30,24076.7,24076.7,24048.35,24049.9,0
2026-07-08T13:58:00+05:30,24050.6,24051.8,24022.1,24027.0,0
2026-07-08T13:59:00+05:30,24028.6,24028.6,24007.9,24009.55,0
2026-07-08T14:00:00+05:30,24012.05,24026.9,24006.65,24010.45,0
2026-07-08T14:01:00+05:30,24011.15,24011.15,23993.75,24001.3,0
2026-07-08T14:02:00+05:30,24001.9,24001.9,23980.9,23988.55,0
2026-07-08T14:03:00+05:30,23988.9,23993.65,23978.5,23981.6,0
2026-07-08T14:04:00+05:30,23982.25,23990.35,23969.25,23976.4,0
2026-07-08T14:05:00+05:30,23975.95,23982.55,23938.85,23940.2,0
2026-07-08T14:06:00+05:30,23942.05,23951.55,23933.55,23950.6,0
2026-07-08T14:07:00+05:30,23950.9,23972.4,23948.25,23966.4,0
2026-07-08T14:08:00+05:30,23967.9,23969.15,23951.75,23951.75,0
2026-07-08T14:09:00+05:30,23953.05,23953.05,23915.7,23923.85,0
2026-07-08T14:10:00+05:30,23926.5,23926.5,23901.95,23908.3,0
2026-07-08T14:11:00+05:30,23909.8,23934.5,23901.6,23907.05,0
2026-07-08T14:12:00+05:30,23909.05,23910.45,23891.55,23895.25,0
2026-07-08T14:13:00+05:30,23899.75,23908.35,23892.15,23899.3,0
2026-07-08T14:14:00+05:30,23899.6,23906.05,23877.5,23897.6,0
2026-07-08T14:15:00+05:30,23898.95,23900.35,23888.0,23892.7,0
2026-07-08T14:16:00+05:30,23895.3,23926.35,23890.5,23926.35,0
2026-07-08T14:17:00+05:30,23927.8,23956.6,23924.2,23937.1,0
2026-07-08T14:18:00+05:30,23937.6,23937.6,23918.8,23929.05,0
2026-07-08T14:19:00+05:30,23930.6,23930.6,23894.5,23912.4,0
2026-07-08T14:20:00+05:30,23912.55,23926.8,23908.7,23920.4,0
2026-07-08T14:21:00+05:30,23920.2,23920.35,23899.7,23902.55,0
2026-07-08T14:22:00+05:30,23903.85,23905.65,23889.85,23894.15,0
2026-07-08T14:23:00+05:30,23896.65,23926.9,23894.45,23922.75,0
2026-07-08T14:24:00+05:30,23923.9,23923.9,23900.65,23905.3,0
2026-07-08T14:25:00+05:30,23906.45,23916.9,23898.45,23900.55,0
2026-07-08T14:26:00+05:30,23899.9,23901.15,23892.3,23895.2,0
2026-07-08T14:27:00+05:30,23896.0,23896.0,23880.45,23883.6,0
2026-07-08T14:28:00+05:30,23885.9,23901.95,23882.6,23898.2,0
2026-07-08T14:29:00+05:30,23898.95,23898.95,23872.15,23874.45,0
2026-07-08T14:30:00+05:30,23875.65,23900.4,23868.65,23899.5,0
2026-07-08T14:31:00+05:30,23900.7,23918.0,23890.95,23911.9,0
2026-07-08T14:32:00+05:30,23912.05,23914.6,23899.6,23899.95,0
2026-07-08T14:33:00+05:30,23901.1,23901.1,23880.5,23881.05,0
2026-07-08T14:34:00+05:30,23881.55,23885.7,23877.6,23882.65,0
2026-07-08T14:35:00+05:30,23884.2,23894.4,23879.9,23879.9,0
2026-07-08T14:36:00+05:30,23881.35,23884.0,23852.2,23854.95,0
2026-07-08T14:37:00+05:30,23856.65,23859.4,23845.0,23855.4,0
2026-07-08T14:38:00+05:30,23856.25,23879.75,23854.4,23867.6,0
2026-07-08T14:39:00+05:30,23868.45,23868.45,23853.25,23859.3,0
2026-07-08T14:40:00+05:30,23860.3,23865.95,23851.95,23853.75,0
2026-07-08T14:41:00+05:30,23854.35,23868.65,23852.55,23857.75,0
2026-07-08T14:42:00+05:30,23858.7,23862.7,23844.5,23861.0,0
2026-07-08T14:43:00+05:30,23862.4,23868.95,23852.6,23868.7,0
2026-07-08T14:44:00+05:30,23870.4,23870.4,23857.15,23863.25,0
2026-07-08T14:45:00+05:30,23864.5,23864.5,23839.8,23841.8,0
2026-07-08T14:46:00+05:30,23843.45,23861.35,23839.75,23851.4,0
2026-07-08T14:47:00+05:30,23851.35,23851.7,23831.1,23839.35,0
2026-07-08T14:48:00+05:30,23839.95,23846.8,23829.8,23846.8,0
2026-07-08T14:49:00+05:30,23848.45,23848.45,23836.55,23840.6,0
2026-07-08T14:50:00+05:30,23842.45,23848.75,23829.5,23832.95,0
2026-07-08T14:51:00+05:30,23833.85,23834.2,23805.2,23813.85,0
2026-07-08T14:52:00+05:30,23815.15,23820.7,23811.25,23812.7,0
2026-07-08T14:53:00+05:30,23813.0,23837.15,23811.5,23836.9,0
2026-07-08T14:54:00+05:30,23838.0,23840.1,23820.65,23820.65,0
2026-07-08T14:55:00+05:30,23821.9,23822.25,23816.1,23818.95,0
2026-07-08T14:56:00+05:30,23820.2,23834.25,23816.95,23833.0,0
2026-07-08T14:57:00+05:30,23833.65,23834.0,23822.2,23822.6,0
2026-07-08T14:58:00+05:30,23823.5,23823.5,23811.4,23821.3,0
2026-07-08T14:59:00+05:30,23821.3,23845.05,23812.3,23828.65,0
2026-07-08T15:00:00+05:30,23826.55,23875.55,23826.55,23871.25,0
2026-07-08T15:01:00+05:30,23870.25,23870.45,23845.15,23848.25,0
2026-07-08T15:02:00+05:30,23848.05,23877.2,23848.05,23875.8,0
2026-07-08T15:03:00+05:30,23876.9,23883.3,23872.0,23872.25,0
2026-07-08T15:04:00+05:30,23873.3,23880.5,23853.8,23854.25,0
2026-07-08T15:05:00+05:30,23855.55,23860.0,23847.8,23850.0,0
2026-07-08T15:06:00+05:30,23850.2,23855.25,23843.0,23843.25,0
2026-07-08T15:07:00+05:30,23843.85,23852.95,23843.55,23847.85,0
2026-07-08T15:08:00+05:30,23848.0,23863.35,23847.05,23861.1,0
2026-07-08T15:09:00+05:30,23860.7,23866.1,23859.65,23861.5,0
2026-07-08T15:10:00+05:30,23862.8,23864.9,23858.9,23859.45,0
2026-07-08T15:11:00+05:30,23859.0,23878.65,23857.25,23876.95,0
2026-07-08T15:12:00+05:30,23877.6,23885.05,23876.9,23879.7,0
2026-07-08T15:13:00+05:30,23880.1,23882.25,23872.05,23872.2,0
2026-07-08T15:14:00+05:30,23872.8,23884.05,23872.8,23883.35,0
2026-07-08T15:15:00+05:30,23882.2,23901.25,23882.2,23900.5,0
2026-07-08T15:16:00+05:30,23900.4,23904.0,23893.9,23895.5,0
2026-07-08T15:17:00+05:30,23896.05,23897.45,23891.65,23897.35,0
2026-07-08T15:18:00+05:30,23896.5,23912.9,23896.5,23910.95,0
2026-07-08T15:19:00+05:30,23910.4,23913.5,23902.25,23903.0,0
2026-07-08T15:20:00+05:30,23902.6,23917.75,23902.05,23917.2,0
2026-07-08T15:21:00+05:30,23917.9,23919.55,23907.55,23912.55,0
2026-07-08T15:22:00+05:30,23911.1,23913.75,23910.0,23912.3,0
2026-07-08T15:23:00+05:30,23911.5,23913.7,23910.15,23911.35,0
2026-07-08T15:24:00+05:30,23910.9,23911.85,23899.6,23900.95,0
2026-07-08T15:25:00+05:30,23900.35,23901.1,23882.75,23888.1,0
2026-07-08T15:26:00+05:30,23889.0,23895.6,23887.25,23894.2,0
2026-07-08T15:27:00+05:30,23893.05,23898.2,23892.3,23896.25,0
2026-07-08T15:28:00+05:30,23895.7,23900.7,23892.9,23896.35,0
2026-07-08T15:29:00+05:30,23894.8,23903.05,23892.85,23895.7,0
2026-07-09T09:15:00+05:30,23928.95,23970.05,23927.7,23959.1,0
2026-07-09T09:16:00+05:30,23958.45,23971.15,23951.7,23965.05,0
2026-07-09T09:17:00+05:30,23965.8,23995.85,23959.4,23991.8,0
2026-07-09T09:18:00+05:30,23991.55,24003.2,23984.5,23985.2,0
2026-07-09T09:19:00+05:30,23986.05,23997.25,23982.15,23993.4,0
2026-07-09T09:20:00+05:30,23992.8,24000.55,23989.7,23995.8,0
2026-07-09T09:21:00+05:30,23994.45,24001.9,23991.9,23993.25,0
2026-07-09T09:22:00+05:30,23993.9,23994.4,23984.2,23987.55,0
2026-07-09T09:23:00+05:30,23988.05,24005.7,23987.85,24004.2,0
2026-07-09T09:24:00+05:30,24003.2,24025.85,24003.2,24024.3,0
2026-07-09T09:25:00+05:30,24024.6,24026.65,24012.85,24013.75,0
2026-07-09T09:26:00+05:30,24013.8,24017.75,24010.35,24011.95,0
2026-07-09T09:27:00+05:30,24011.5,24015.65,24009.35,24013.25,0
2026-07-09T09:28:00+05:30,24013.2,24038.3,24010.05,24037.3,0
2026-07-09T09:29:00+05:30,24037.05,24038.5,24023.05,24024.15,0
2026-07-09T09:30:00+05:30,24022.65,24040.75,24018.2,24035.9,0
2026-07-09T09:31:00+05:30,24036.05,24039.6,24021.85,24023.35,0
2026-07-09T09:32:00+05:30,24023.85,24024.9,24004.2,24014.95,0
2026-07-09T09:33:00+05:30,24015.35,24024.05,24011.3,24020.15,0
2026-07-09T09:34:00+05:30,24020.0,24039.45,24020.0,24037.8,0
2026-07-09T09:35:00+05:30,24037.7,24041.95,24029.6,24030.65,0
2026-07-09T09:36:00+05:30,24029.85,24035.05,24021.6,24029.8,0
2026-07-09T09:37:00+05:30,24030.85,24031.3,24016.7,24019.25,0
2026-07-09T09:38:00+05:30,24019.6,24031.5,24019.6,24030.8,0
2026-07-09T09:39:00+05:30,24030.7,24051.1,24030.4,24050.7,0
2026-07-09T09:40:00+05:30,24051.0,24061.75,24049.75,24054.2,0
2026-07-09T09:41:00+05:30,24054.4,24055.15,24036.35,24037.35,0
2026-07-09T09:42:00+05:30,24037.85,24042.0,24034.05,24039.75,0
2026-07-09T09:43:00+05:30,24040.8,24047.5,24036.15,24046.65,0
2026-07-09T09:44:00+05:30,24046.55,24050.45,24045.35,24047.2,0
2026-07-09T09:45:00+05:30,24048.25,24051.75,24037.55,24042.9,0
2026-07-09T09:46:00+05:30,24043.0,24057.3,24040.85,24056.3,0
2026-07-09T09:47:00+05:30,24056.75,24063.45,24048.7,24058.6,0
2026-07-09T09:48:00+05:30,24058.4,24067.4,24045.45,24050.25,0
2026-07-09T09:49:00+05:30,24049.35,24051.85,24042.2,24044.35,0
2026-07-09T09:50:00+05:30,24045.05,24055.0,24043.9,24049.9,0
2026-07-09T09:51:00+05:30,24049.15,24057.1,24045.4,24055.3,0
2026-07-09T09:52:00+05:30,24055.05,24056.75,24046.0,24047.15,0
2026-07-09T09:53:00+05:30,24048.5,24054.1,24046.4,24049.6,0
2026-07-09T09:54:00+05:30,24049.3,24055.15,24046.2,24049.3,0
2026-07-09T09:55:00+05:30,24050.45,24057.5,24049.45,24055.0,0
2026-07-09T09:56:00+05:30,24055.35,24063.5,24046.95,24047.75,0
2026-07-09T09:57:00+05:30,24048.25,24053.55,24038.4,24040.5,0
2026-07-09T09:58:00+05:30,24041.2,24044.45,24031.15,24032.3,0
2026-07-09T09:59:00+05:30,24033.45,24048.95,24033.45,24044.65,0
2026-07-09T10:00:00+05:30,24044.7,24063.65,24042.1,24059.65,0
2026-07-09T10:01:00+05:30,24060.3,24076.8,24059.4,24066.0,0
2026-07-09T10:02:00+05:30,24067.0,24067.05,24056.05,24057.1,0
2026-07-09T10:03:00+05:30,24057.2,24066.25,24054.5,24065.15,0
2026-07-09T10:04:00+05:30,24064.9,24064.9,24050.0,24052.3,0
2026-07-09T10:05:00+05:30,24051.7,24057.1,24047.95,24056.25,0
2026-07-09T10:06:00+05:30,24056.0,24061.45,24050.4,24053.6,0
2026-07-09T10:07:00+05:30,24054.0,24066.15,24051.55,24064.95,0
2026-07-09T10:08:00+05:30,24064.85,24070.95,24063.95,24065.15,0
2026-07-09T10:09:00+05:30,24065.25,24068.2,24061.9,24065.6,0
2026-07-09T10:10:00+05:30,24065.3,24069.95,24054.95,24061.75,0
2026-07-09T10:11:00+05:30,24063.05,24063.05,24054.3,24060.2,0
2026-07-09T10:12:00+05:30,24060.9,24063.4,24053.8,24054.4,0
2026-07-09T10:13:00+05:30,24054.5,24059.35,24051.5,24053.7,0
2026-07-09T10:14:00+05:30,24053.35,24053.4,24041.8,24044.25,0
2026-07-09T10:15:00+05:30,24045.05,24052.0,24043.9,24048.9,0
2026-07-09T10:16:00+05:30,24050.0,24053.7,24045.8,24048.1,0
2026-07-09T10:17:00+05:30,24046.1,24050.3,24040.5,24043.3,0
2026-07-09T10:18:00+05:30,24043.3,24050.45,24042.65,24043.7,0
2026-07-09T10:19:00+05:30,24044.55,24044.55,24033.35,24034.05,0
2026-07-09T10:20:00+05:30,24034.2,24045.3,24029.65,24042.6,0
2026-07-09T10:21:00+05:30,24043.0,24055.65,24038.0,24041.6,0
2026-07-09T10:22:00+05:30,24042.65,24050.55,24037.95,24044.55,0
2026-07-09T10:23:00+05:30,24044.85,24054.45,24042.75,24048.1,0
2026-07-09T10:24:00+05:30,24047.65,24055.55,24038.7,24055.35,0
2026-07-09T10:25:00+05:30,24055.2,24058.35,24050.55,24052.15,0
2026-07-09T10:26:00+05:30,24053.0,24053.1,24045.9,24050.4,0
2026-07-09T10:27:00+05:30,24050.25,24050.75,24043.75,24043.75,0
2026-07-09T10:28:00+05:30,24043.55,24045.8,24033.85,24035.85,0
2026-07-09T10:29:00+05:30,24034.6,24046.2,24034.6,24042.85,0
2026-07-09T10:30:00+05:30,24042.9,24049.05,24039.0,24044.85,0
2026-07-09T10:31:00+05:30,24046.1,24048.95,24041.7,24045.7,0
2026-07-09T10:32:00+05:30,24045.2,24045.95,24031.65,24033.15,0
2026-07-09T10:33:00+05:30,24033.65,24045.5,24032.95,24041.8,0
2026-07-09T10:34:00+05:30,24042.0,24042.7,24033.05,24040.15,0
2026-07-09T10:35:00+05:30,24040.3,24042.25,24021.5,24026.15,0
2026-07-09T10:36:00+05:30,24025.8,24034.1,24014.3,24020.6,0
2026-07-09T10:37:00+05:30,24021.0,24022.6,23998.9,24014.15,0
2026-07-09T10:38:00+05:30,24014.15,24023.6,24008.5,24021.8,0
2026-07-09T10:39:00+05:30,24021.95,24039.4,24018.9,24039.4,0
2026-07-09T10:40:00+05:30,24037.85,24046.45,24032.5,24043.05,0
2026-07-09T10:41:00+05:30,24043.45,24106.25,24041.35,24104.25,0
2026-07-09T10:42:00+05:30,24106.5,24134.7,24106.5,24112.05,0
2026-07-09T10:43:00+05:30,24113.0,24113.5,24083.7,24084.35,0
2026-07-09T10:44:00+05:30,24083.4,24085.3,24070.35,24077.4,0
2026-07-09T10:45:00+05:30,24078.1,24082.85,24068.5,24071.8,0
2026-07-09T10:46:00+05:30,24072.05,24073.0,24040.65,24040.65,0
2026-07-09T10:47:00+05:30,24041.0,24057.2,24037.05,24050.15,0
2026-07-09T10:48:00+05:30,24050.65,24053.7,24033.7,24039.0,0
2026-07-09T10:49:00+05:30,24039.3,24039.3,24011.15,24015.6,0
2026-07-09T10:50:00+05:30,24015.8,24023.85,24013.35,24022.0,0
2026-07-09T10:51:00+05:30,24022.55,24030.4,24017.65,24026.55,0
2026-07-09T10:52:00+05:30,24026.2,24027.4,24001.15,24003.0,0
2026-07-09T10:53:00+05:30,24003.65,24024.35,24002.8,24022.8,0
2026-07-09T10:54:00+05:30,24023.8,24033.9,24020.5,24033.05,0
2026-07-09T10:55:00+05:30,24032.25,24032.25,24021.3,24022.5,0
2026-07-09T10:56:00+05:30,24024.5,24024.6,24013.1,24014.75,0
2026-07-09T10:57:00+05:30,24015.1,24028.45,24012.0,24019.25,0
2026-07-09T10:58:00+05:30,24018.55,24031.35,24017.05,24022.6,0
2026-07-09T10:59:00+05:30,24022.2,24025.6,24013.9,24013.9,0
2026-07-09T11:00:00+05:30,24014.85,24016.3,23997.4,23998.5,0
2026-07-09T11:01:00+05:30,23999.2,23999.2,23988.35,23993.9,0
2026-07-09T11:02:00+05:30,23994.85,24006.05,23988.65,24002.3,0
2026-07-09T11:03:00+05:30,24004.2,24015.0,24003.0,24013.85,0
2026-07-09T11:04:00+05:30,24014.05,24019.65,24009.6,24019.3,0
2026-07-09T11:05:00+05:30,24019.5,24023.35,24013.8,24021.15,0
2026-07-09T11:06:00+05:30,24021.3,24022.0,24005.6,24010.8,0
2026-07-09T11:07:00+05:30,24011.45,24014.75,24005.65,24010.1,0
2026-07-09T11:08:00+05:30,24011.35,24017.35,24005.65,24012.1,0
2026-07-09T11:09:00+05:30,24012.7,24012.85,24004.95,24010.75,0
2026-07-09T11:10:00+05:30,24011.35,24017.4,24008.85,24017.25,0
2026-07-09T11:11:00+05:30,24016.4,24017.3,24010.25,24011.7,0
2026-07-09T11:12:00+05:30,24011.55,24014.95,24005.55,24006.2,0
2026-07-09T11:13:00+05:30,24007.4,24017.0,24004.85,24016.45,0
2026-07-09T11:14:00+05:30,24016.55,24021.2,24011.35,24015.25,0
2026-07-09T11:15:00+05:30,24014.85,24025.6,24014.6,24018.8,0
2026-07-09T11:16:00+05:30,24019.05,24020.15,24013.75,24016.35,0
2026-07-09T11:17:00+05:30,24016.1,24021.25,24012.75,24013.5,0
2026-07-09T11:18:00+05:30,24014.2,24018.45,24008.85,24015.45,0
2026-07-09T11:19:00+05:30,24015.75,24029.85,24011.6,24027.65,0
2026-07-09T11:20:00+05:30,24028.65,24032.45,24015.85,24018.25,0
2026-07-09T11:21:00+05:30,24019.75,24030.9,24019.45,24025.45,0
2026-07-09T11:22:00+05:30,24025.15,24031.65,24022.2,24027.05,0
2026-07-09T11:23:00+05:30,24026.75,24029.45,24021.6,24029.1,0
2026-07-09T11:24:00+05:30,24029.1,24043.75,24027.5,24039.7,0
2026-07-09T11:25:00+05:30,24037.95,24053.75,24034.6,24049.85,0
2026-07-09T11:26:00+05:30,24050.15,24071.95,24044.65,24069.35,0
2026-07-09T11:27:00+05:30,24068.5,24076.85,24068.5,24071.7,0
2026-07-09T11:28:00+05:30,24072.65,24087.25,24072.05,24086.15,0
2026-07-09T11:29:00+05:30,24087.2,24090.5,24079.0,24079.8,0
2026-07-09T11:30:00+05:30,24079.8,24081.55,24072.95,24075.75,0
2026-07-09T11:31:00+05:30,24076.45,24078.1,24057.25,24067.45,0
2026-07-09T11:32:00+05:30,24067.0,24070.55,24055.45,24065.45,0
2026-07-09T11:33:00+05:30,24066.0,24067.2,24055.8,24060.85,0
2026-07-09T11:34:00+05:30,24059.95,24063.45,24054.95,24061.4,0
2026-07-09T11:35:00+05:30,24062.1,24062.1,24051.25,24056.4,0
2026-07-09T11:36:00+05:30,24056.5,24056.5,24047.65,24047.65,0
2026-07-09T11:37:00+05:30,24049.65,24054.1,24047.75,24051.65,0
2026-07-09T11:38:00+05:30,24051.55,24059.65,24047.4,24058.2,0
2026-07-09T11:39:00+05:30,24058.05,24058.05,24045.9,24053.35,0
2026-07-09T11:40:00+05:30,24052.9,24054.55,24041.2,24041.2,0
2026-07-09T11:41:00+05:30,24042.45,24052.2,24039.7,24051.1,0
2026-07-09T11:42:00+05:30,24050.95,24059.8,24049.4,24051.85,0
2026-07-09T11:43:00+05:30,24053.0,24059.05,24050.65,24055.9,0
2026-07-09T11:44:00+05:30,24055.55,24064.9,24050.55,24056.45,0
2026-07-09T11:45:00+05:30,24057.95,24059.3,24051.05,24053.5,0
2026-07-09T11:46:00+05:30,24052.75,24056.2,24044.5,24049.15,0
2026-07-09T11:47:00+05:30,24049.35,24049.35,24037.6,24039.25,0
2026-07-09T11:48:00+05:30,24042.55,24051.35,24042.55,24048.4,0
2026-07-09T11:49:00+05:30,24047.0,24053.55,24045.0,24048.55,0
2026-07-09T11:50:00+05:30,24049.5,24054.35,24047.25,24050.9,0
2026-07-09T11:51:00+05:30,24051.25,24051.7,24041.2,24044.1,0
2026-07-09T11:52:00+05:30,24045.85,24049.65,24042.7,24046.55,0
2026-07-09T11:53:00+05:30,24046.35,24049.25,24043.1,24044.8,0
2026-07-09T11:54:00+05:30,24045.75,24051.3,24044.95,24047.05,0
2026-07-09T11:55:00+05:30,24047.6,24052.55,24045.7,24048.6,0
2026-07-09T11:56:00+05:30,24050.05,24054.0,24045.35,24045.7,0
2026-07-09T11:57:00+05:30,24046.5,24052.6,24046.5,24050.25,0
2026-07-09T11:58:00+05:30,24050.9,24052.4,24045.85,24050.7,0
2026-07-09T11:59:00+05:30,24050.2,24053.25,24044.5,24047.65,0
2026-07-09T12:00:00+05:30,24047.65,24055.3,24044.05,24045.0,0
2026-07-09T12:01:00+05:30,24044.9,24052.2,24042.15,24047.2,0
2026-07-09T12:02:00+05:30,24049.05,24058.2,24047.1,24055.3,0
2026-07-09T12:03:00+05:30,24055.9,24071.45,24053.85,24068.3,0
2026-07-09T12:04:00+05:30,24067.55,24073.9,24063.35,24073.9,0
2026-07-09T12:05:00+05:30,24073.55,24076.55,24067.0,24072.05,0
2026-07-09T12:06:00+05:30,24071.8,24075.25,24059.45,24060.5,0
2026-07-09T12:07:00+05:30,24060.6,24067.5,24060.6,24063.5,0
2026-07-09T12:08:00+05:30,24064.75,24068.85,24060.05,24065.65,0
2026-07-09T12:09:00+05:30,24065.75,24069.4,24062.75,24065.7,0
2026-07-09T12:10:00+05:30,24066.2,24072.25,24063.15,24064.25,0
2026-07-09T12:11:00+05:30,24063.95,24066.05,24056.75,24059.35,0
2026-07-09T12:12:00+05:30,24060.45,24063.65,24057.9,24059.55,0
2026-07-09T12:13:00+05:30,24060.4,24068.35,24060.35,24067.1,0
2026-07-09T12:14:00+05:30,24067.55,24069.0,24057.25,24060.4,0
2026-07-09T12:15:00+05:30,24062.7,24063.0,24056.6,24059.1,0
2026-07-09T12:16:00+05:30,24059.1,24071.0,24058.65,24067.25,0
2026-07-09T12:17:00+05:30,24068.2,24069.35,24058.5,24064.35,0
2026-07-09T12:18:00+05:30,24065.0,24065.0,24057.25,24060.85,0
2026-07-09T12:19:00+05:30,24061.6,24066.05,24056.55,24057.25,0
2026-07-09T12:20:00+05:30,24057.35,24059.0,24050.3,24055.75,0
2026-07-09T12:21:00+05:30,24058.1,24060.1,24053.85,24059.05,0
2026-07-09T12:22:00+05:30,24059.05,24064.2,24054.0,24061.55,0
2026-07-09T12:23:00+05:30,24062.65,24067.3,24060.75,24065.3,0
2026-07-09T12:24:00+05:30,24065.0,24067.1,24061.1,24065.2,0
2026-07-09T12:25:00+05:30,24065.9,24066.95,24059.55,24061.55,0
2026-07-09T12:26:00+05:30,24062.6,24071.55,24062.15,24066.0,0
2026-07-09T12:27:00+05:30,24067.0,24069.6,24062.85,24065.05,0
2026-07-09T12:28:00+05:30,24064.85,24069.95,24057.35,24063.45,0
2026-07-09T12:29:00+05:30,24063.35,24065.0,24058.0,24063.3,0
2026-07-09T12:30:00+05:30,24063.9,24067.8,24059.0,24059.0,0
2026-07-09T12:31:00+05:30,24059.35,24065.95,24058.35,24064.45,0
2026-07-09T12:32:00+05:30,24065.25,24068.45,24062.95,24067.2,0
2026-07-09T12:33:00+05:30,24067.6,24067.75,24054.9,24057.3,0
2026-07-09T12:34:00+05:30,24058.15,24061.35,24043.6,24044.1,0
2026-07-09T12:35:00+05:30,24045.2,24046.65,24041.1,24042.6,0
2026-07-09T12:36:00+05:30,24043.35,24045.7,24041.7,24044.6,0
2026-07-09T12:37:00+05:30,24045.1,24047.0,24042.15,24044.0,0
2026-07-09T12:38:00+05:30,24044.25,24046.1,24040.45,24042.15,0
2026-07-09T12:39:00+05:30,24042.25,24043.35,24034.95,24038.1,0
2026-07-09T12:40:00+05:30,24038.4,24040.0,24019.85,24028.0,0
2026-07-09T12:41:00+05:30,24028.05,24028.15,24015.85,24016.35,0
2026-07-09T12:42:00+05:30,24016.7,24029.15,24016.7,24024.65,0
2026-07-09T12:43:00+05:30,24025.05,24025.5,24017.9,24020.35,0
2026-07-09T12:44:00+05:30,24021.8,24025.2,24018.7,24023.35,0
2026-07-09T12:45:00+05:30,24023.6,24026.95,24020.8,24024.25,0
2026-07-09T12:46:00+05:30,24024.0,24028.55,24019.1,24026.35,0
2026-07-09T12:47:00+05:30,24027.55,24037.25,24026.05,24034.45,0
2026-07-09T12:48:00+05:30,24035.05,24035.1,24025.8,24031.15,0
2026-07-09T12:49:00+05:30,24031.2,24038.9,24027.8,24035.55,0
2026-07-09T12:50:00+05:30,24035.7,24037.65,24027.55,24032.65,0
2026-07-09T12:51:00+05:30,24032.4,24035.35,24028.5,24031.0,0
2026-07-09T12:52:00+05:30,24030.8,24034.35,24028.5,24032.3,0
2026-07-09T12:53:00+05:30,24032.6,24045.25,24032.6,24044.25,0
2026-07-09T12:54:00+05:30,24045.3,24052.4,24042.65,24049.5,0
2026-07-09T12:55:00+05:30,24050.7,24054.4,24047.75,24052.75,0
2026-07-09T12:56:00+05:30,24053.15,24054.1,24043.25,24048.65,0
2026-07-09T12:57:00+05:30,24049.05,24050.85,24042.2,24047.55,0
2026-07-09T12:58:00+05:30,24046.65,24051.5,24044.1,24046.75,0
2026-07-09T12:59:00+05:30,24046.9,24046.9,24038.1,24038.4,0
2026-07-09T13:00:00+05:30,24038.95,24039.3,24028.7,24029.8,0
2026-07-09T13:01:00+05:30,24030.0,24040.55,24027.75,24037.5,0
2026-07-09T13:02:00+05:30,24038.3,24044.75,24037.55,24043.75,0
2026-07-09T13:03:00+05:30,24043.85,24050.55,24042.85,24049.15,0
2026-07-09T13:04:00+05:30,24048.5,24049.75,24041.65,24046.0,0
2026-07-09T13:05:00+05:30,24046.7,24050.5,24039.55,24046.4,0
2026-07-09T13:06:00+05:30,24047.2,24047.45,24031.25,24031.65,0
2026-07-09T13:07:00+05:30,24031.15,24036.55,24029.8,24032.9,0
2026-07-09T13:08:00+05:30,24033.05,24045.05,24033.05,24043.3,0
2026-07-09T13:09:00+05:30,24043.75,24050.2,24037.7,24047.35,0
2026-07-09T13:10:00+05:30,24048.3,24050.55,24043.35,24047.35,0
2026-07-09T13:11:00+05:30,24048.0,24055.55,24046.85,24050.4,0
2026-07-09T13:12:00+05:30,24050.2,24050.25,24043.35,24046.3,0
2026-07-09T13:13:00+05:30,24045.8,24047.25,24039.35,24042.9,0
2026-07-09T13:14:00+05:30,24042.1,24053.4,24041.3,24051.65,0
2026-07-09T13:15:00+05:30,24051.85,24055.45,24047.35,24050.8,0
2026-07-09T13:16:00+05:30,24051.2,24056.35,24049.4,24051.25,0
2026-07-09T13:17:00+05:30,24051.8,24058.45,24051.2,24053.5,0
2026-07-09T13:18:00+05:30,24053.8,24055.4,24050.4,24053.0,0
2026-07-09T13:19:00+05:30,24053.6,24054.6,24046.8,24052.3,0
2026-07-09T13:20:00+05:30,24053.5,24055.75,24049.05,24052.65,0
2026-07-09T13:21:00+05:30,24051.9,24057.25,24051.15,24053.35,0
2026-07-09T13:22:00+05:30,24053.5,24055.7,24050.1,24051.8,0
2026-07-09T13:23:00+05:30,24051.9,24051.9,24039.85,24041.4,0
2026-07-09T13:24:00+05:30,24041.85,24042.55,24034.35,24037.4,0
2026-07-09T13:25:00+05:30,24036.75,24039.15,24025.1,24038.75,0
2026-07-09T13:26:00+05:30,24037.4,24040.85,24032.75,24036.75,0
2026-07-09T13:27:00+05:30,24036.95,24041.85,24035.05,24038.5,0
2026-07-09T13:28:00+05:30,24038.4,24039.45,24031.3,24032.85,0
2026-07-09T13:29:00+05:30,24032.55,24036.35,24031.55,24035.55,0
2026-07-09T13:30:00+05:30,24035.35,24044.3,24034.15,24040.65,0
2026-07-09T13:31:00+05:30,24039.95,24045.35,24036.05,24043.75,0
2026-07-09T13:32:00+05:30,24044.05,24057.95,24044.05,24057.2,0
2026-07-09T13:33:00+05:30,24056.8,24060.45,24053.4,24058.75,0
2026-07-09T13:34:00+05:30,24058.3,24065.75,24056.45,24060.75,0
2026-07-09T13:35:00+05:30,24059.9,24069.85,24056.25,24069.85,0
2026-07-09T13:36:00+05:30,24072.15,24074.55,24058.4,24063.95,0
2026-07-09T13:37:00+05:30,24063.75,24072.05,24058.9,24070.05,0
2026-07-09T13:38:00+05:30,24070.2,24082.35,24062.85,24079.0,0
2026-07-09T13:39:00+05:30,24079.4,24080.0,24073.5,24074.05,0
2026-07-09T13:40:00+05:30,24073.6,24077.0,24065.15,24068.75,0
2026-07-09T13:41:00+05:30,24067.85,24070.75,24062.3,24066.9,0
2026-07-09T13:42:00+05:30,24064.85,24071.65,24062.2,24062.85,0
2026-07-09T13:43:00+05:30,24063.25,24070.8,24062.95,24070.45,0
2026-07-09T13:44:00+05:30,24069.25,24071.85,24066.2,24069.35,0
2026-07-09T13:45:00+05:30,24068.8,24074.75,24067.9,24067.9,0
2026-07-09T13:46:00+05:30,24069.85,24072.85,24061.7,24072.85,0
2026-07-09T13:47:00+05:30,24072.15,24076.85,24067.25,24073.4,0
2026-07-09T13:48:00+05:30,24073.65,24073.9,24063.85,24064.9,0
2026-07-09T13:49:00+05:30,24064.8,24069.75,24056.55,24065.3,0
2026-07-09T13:50:00+05:30,24065.55,24066.1,24053.35,24057.1,0
2026-07-09T13:51:00+05:30,24058.0,24060.95,24055.8,24058.9,0
2026-07-09T13:52:00+05:30,24058.7,24064.2,24055.05,24056.65,0
2026-07-09T13:53:00+05:30,24058.45,24061.45,24053.55,24060.65,0
2026-07-09T13:54:00+05:30,24060.1,24061.15,24052.9,24054.1,0
2026-07-09T13:55:00+05:30,24054.65,24056.45,24048.35,24048.9,0
2026-07-09T13:56:00+05:30,24049.4,24054.55,24048.1,24049.35,0
2026-07-09T13:57:00+05:30,24050.6,24056.2,24049.7,24052.05,0
2026-07-09T13:58:00+05:30,24051.45,24057.6,24050.55,24053.55,0
2026-07-09T13:59:00+05:30,24053.6,24058.65,24049.75,24050.05,0
2026-07-09T14:00:00+05:30,24050.85,24057.95,24050.0,24056.4,0
2026-07-09T14:01:00+05:30,24057.3,24058.5,24042.0,24042.55,0
2026-07-09T14:02:00+05:30,24043.55,24051.25,24041.9,24051.25,0
2026-07-09T14:03:00+05:30,24050.95,24054.55,24044.9,24048.85,0
2026-07-09T14:04:00+05:30,24048.75,24050.1,24040.8,24046.7,0
2026-07-09T14:05:00+05:30,24047.35,24049.75,24041.85,24043.85,0
2026-07-09T14:06:00+05:30,24046.15,24049.75,24041.2,24047.05,0
2026-07-09T14:07:00+05:30,24046.05,24052.0,24041.85,24046.9,0
2026-07-09T14:08:00+05:30,24046.2,24051.2,24043.5,24050.65,0
2026-07-09T14:09:00+05:30,24050.8,24053.45,24038.7,24038.7,0
2026-07-09T14:10:00+05:30,24039.2,24039.2,24024.35,24030.45,0
2026-07-09T14:11:00+05:30,24030.3,24053.25,24030.2,24047.45,0
2026-07-09T14:12:00+05:30,24047.45,24047.55,24036.5,24041.15,0
2026-07-09T14:13:00+05:30,24041.3,24050.25,24040.15,24040.9,0
2026-07-09T14:14:00+05:30,24041.85,24050.3,24034.6,24049.0,0
2026-07-09T14:15:00+05:30,24049.2,24062.6,24048.05,24050.0,0
2026-07-09T14:16:00+05:30,24049.0,24049.15,24040.65,24042.45,0
2026-07-09T14:17:00+05:30,24041.35,24043.5,24035.2,24035.25,0
2026-07-09T14:18:00+05:30,24036.25,24045.75,24032.5,24045.75,0
2026-07-09T14:19:00+05:30,24045.55,24046.6,24036.85,24041.2,0
2026-07-09T14:20:00+05:30,24040.4,24044.4,24039.5,24042.2,0
2026-07-09T14:21:00+05:30,24042.4,24048.0,24030.45,24030.45,0
2026-07-09T14:22:00+05:30,24029.2,24042.45,24027.5,24038.0,0
2026-07-09T14:23:00+05:30,24037.95,24047.0,24037.85,24045.1,0
2026-07-09T14:24:00+05:30,24044.65,24053.6,24044.05,24051.3,0
2026-07-09T14:25:00+05:30,24051.9,24059.7,24049.3,24058.45,0
2026-07-09T14:26:00+05:30,24056.9,24059.05,24047.8,24048.95,0
2026-07-09T14:27:00+05:30,24048.65,24053.4,24039.4,24043.4,0
2026-07-09T14:28:00+05:30,24043.05,24051.4,24041.7,24044.45,0
2026-07-09T14:29:00+05:30,24044.15,24062.55,24040.65,24058.85,0
2026-07-09T14:30:00+05:30,24057.95,24064.75,24053.5,24056.35,0
2026-07-09T14:31:00+05:30,24055.35,24061.5,24050.85,24057.05,0
2026-07-09T14:32:00+05:30,24057.35,24068.2,24056.25,24060.25,0
2026-07-09T14:33:00+05:30,24061.15,24078.6,24060.75,24076.1,0
2026-07-09T14:34:00+05:30,24076.05,24077.85,24066.25,24067.75,0
2026-07-09T14:35:00+05:30,24067.65,24070.6,24062.85,24065.05,0
2026-07-09T14:36:00+05:30,24063.55,24066.85,24051.6,24054.95,0
2026-07-09T14:37:00+05:30,24055.85,24062.45,24047.75,24048.15,0
2026-07-09T14:38:00+05:30,24048.65,24055.15,24045.8,24047.45,0
2026-07-09T14:39:00+05:30,24046.75,24048.6,24035.85,24043.1,0
2026-07-09T14:40:00+05:30,24043.7,24047.45,24001.95,24003.6,0
2026-07-09T14:41:00+05:30,24003.5,24043.7,24002.0,24039.95,0
2026-07-09T14:42:00+05:30,24040.0,24041.4,24028.65,24033.35,0
2026-07-09T14:43:00+05:30,24032.7,24036.25,24022.15,24022.4,0
2026-07-09T14:44:00+05:30,24024.7,24031.9,24023.15,24026.15,0
2026-07-09T14:45:00+05:30,24026.5,24033.7,24015.15,24015.5,0
2026-07-09T14:46:00+05:30,24015.95,24024.7,24015.95,24023.2,0
2026-07-09T14:47:00+05:30,24021.8,24025.5,24018.8,24024.75,0
2026-07-09T14:48:00+05:30,24024.4,24029.65,24023.2,24025.1,0
2026-07-09T14:49:00+05:30,24025.7,24028.45,24018.3,24018.3,0
2026-07-09T14:50:00+05:30,24018.9,24028.0,24016.0,24023.2,0
2026-07-09T14:51:00+05:30,24023.4,24034.85,24022.4,24033.8,0
2026-07-09T14:52:00+05:30,24032.45,24035.8,24025.1,24032.85,0
2026-07-09T14:53:00+05:30,24033.05,24039.5,24031.4,24034.55,0
2026-07-09T14:54:00+05:30,24033.45,24038.1,24028.7,24033.2,0
2026-07-09T14:55:00+05:30,24033.05,24040.0,24030.25,24033.4,0
2026-07-09T14:56:00+05:30,24034.5,24036.95,24023.55,24034.15,0
2026-07-09T14:57:00+05:30,24033.3,24036.9,24027.55,24034.2,0
2026-07-09T14:58:00+05:30,24033.55,24044.3,24031.7,24036.15,0
2026-07-09T14:59:00+05:30,24036.45,24044.05,24034.9,24039.65,0
2026-07-09T15:00:00+05:30,24037.85,24037.85,23996.7,23998.85,0
2026-07-09T15:01:00+05:30,23996.55,24000.7,23989.05,23995.5,0
2026-07-09T15:02:00+05:30,23993.8,23998.6,23974.95,23976.1,0
2026-07-09T15:03:00+05:30,23975.5,23984.55,23967.2,23980.3,0
2026-07-09T15:04:00+05:30,23979.2,23982.0,23968.45,23968.7,0
2026-07-09T15:05:00+05:30,23967.5,23975.6,23965.05,23965.4,0
2026-07-09T15:06:00+05:30,23965.4,23971.6,23936.8,23937.35,0
2026-07-09T15:07:00+05:30,23936.25,23936.4,23925.7,23931.2,0
2026-07-09T15:08:00+05:30,23932.1,23948.2,23930.8,23939.2,0
2026-07-09T15:09:00+05:30,23940.2,23956.5,23938.95,23956.0,0
2026-07-09T15:10:00+05:30,23953.65,23956.1,23937.7,23939.3,0
2026-07-09T15:11:00+05:30,23938.9,23953.15,23938.1,23951.85,0
2026-07-09T15:12:00+05:30,23950.45,23953.15,23946.1,23946.1,0
2026-07-09T15:13:00+05:30,23945.6,23948.05,23940.65,23946.2,0
2026-07-09T15:14:00+05:30,23945.85,23946.95,23937.65,23940.5,0
2026-07-09T15:15:00+05:30,23940.3,23949.8,23938.75,23948.6,0
2026-07-09T15:16:00+05:30,23946.95,23957.65,23943.15,23953.7,0
2026-07-09T15:17:00+05:30,23954.1,23957.8,23948.0,23950.15,0
2026-07-09T15:18:00+05:30,23950.25,23955.1,23947.2,23953.95,0
2026-07-09T15:19:00+05:30,23952.75,23958.05,23949.9,23958.05,0
2026-07-09T15:20:00+05:30,23956.05,23962.55,23953.8,23961.1,0
2026-07-09T15:21:00+05:30,23959.5,23971.5,23956.9,23969.95,0
2026-07-09T15:22:00+05:30,23967.8,23975.05,23967.8,23971.15,0
2026-07-09T15:23:00+05:30,23970.2,23980.4,23969.7,23973.3,0
2026-07-09T15:24:00+05:30,23974.1,23974.3,23966.95,23969.65,0
2026-07-09T15:25:00+05:30,23968.6,23976.45,23967.3,23973.0,0
2026-07-09T15:26:00+05:30,23971.95,23983.4,23970.6,23981.85,0
2026-07-09T15:27:00+05:30,23980.95,23981.65,23975.3,23975.3,0
2026-07-09T15:28:00+05:30,23977.1,23980.25,23973.3,23976.75,0
2026-07-09T15:29:00+05:30,23970.85,23982.45,23968.15,23981.9,0
2026-07-10T09:15:00+05:30,24124.7,24168.8,24120.35,24149.85,0
2026-07-10T09:16:00+05:30,24150.3,24172.7,24145.45,24172.25,0
2026-07-10T09:17:00+05:30,24171.85,24187.9,24168.65,24174.0,0
2026-07-10T09:18:00+05:30,24176.6,24177.8,24164.35,24164.8,0
2026-07-10T09:19:00+05:30,24167.65,24167.9,24158.7,24162.7,0
2026-07-10T09:20:00+05:30,24165.85,24170.4,24154.3,24156.85,0
2026-07-10T09:21:00+05:30,24159.7,24163.9,24157.1,24163.9,0
2026-07-10T09:22:00+05:30,24165.55,24168.15,24157.4,24158.9,0
2026-07-10T09:23:00+05:30,24161.15,24168.75,24158.15,24168.35,0
2026-07-10T09:24:00+05:30,24169.0,24178.2,24167.3,24174.75,0
2026-07-10T09:25:00+05:30,24176.2,24177.55,24170.75,24173.0,0
2026-07-10T09:26:00+05:30,24173.3,24174.45,24157.4,24157.45,0
2026-07-10T09:27:00+05:30,24158.95,24165.95,24153.05,24163.85,0
2026-07-10T09:28:00+05:30,24165.4,24174.85,24164.4,24168.8,0
2026-07-10T09:29:00+05:30,24170.85,24171.7,24162.4,24168.4,0
2026-07-10T09:30:00+05:30,24168.6,24176.25,24167.55,24173.5,0
2026-07-10T09:31:00+05:30,24175.6,24179.35,24170.15,24170.25,0
2026-07-10T09:32:00+05:30,24171.8,24176.25,24166.2,24167.6,0
2026-07-10T09:33:00+05:30,24168.85,24178.5,24168.3,24177.2,0
2026-07-10T09:34:00+05:30,24178.15,24188.4,24178.15,24186.0,0
2026-07-10T09:35:00+05:30,24188.25,24191.15,24180.95,24184.9,0
2026-07-10T09:36:00+05:30,24187.2,24188.35,24180.45,24181.2,0
2026-07-10T09:37:00+05:30,24182.65,24194.65,24180.45,24193.6,0
2026-07-10T09:38:00+05:30,24193.8,24196.45,24189.6,24190.2,0
2026-07-10T09:39:00+05:30,24192.4,24196.85,24188.55,24192.25,0
2026-07-10T09:40:00+05:30,24193.1,24203.25,24191.4,24195.2,0
2026-07-10T09:41:00+05:30,24197.1,24206.0,24195.4,24204.65,0
2026-07-10T09:42:00+05:30,24206.75,24208.0,24202.25,24202.8,0
2026-07-10T09:43:00+05:30,24204.45,24204.8,24196.5,24197.75,0
2026-07-10T09:44:00+05:30,24198.3,24199.05,24192.5,24195.1,0
2026-07-10T09:45:00+05:30,24196.5,24200.6,24195.25,24198.55,0
2026-07-10T09:46:00+05:30,24198.85,24199.5,24196.15,24198.55,0
2026-07-10T09:47:00+05:30,24200.35,24209.05,24198.85,24207.7,0
2026-07-10T09:48:00+05:30,24209.8,24210.65,24203.25,24203.75,0
2026-07-10T09:49:00+05:30,24205.85,24211.55,24203.35,24208.35,0
2026-07-10T09:50:00+05:30,24209.45,24210.45,24201.3,24201.95,0
2026-07-10T09:51:00+05:30,24203.35,24203.35,24198.45,24201.6,0
2026-07-10T09:52:00+05:30,24204.45,24207.2,24201.4,24206.1,0
2026-07-10T09:53:00+05:30,24206.05,24208.9,24204.5,24204.7,0
2026-07-10T09:54:00+05:30,24207.45,24208.7,24200.5,24201.7,0
2026-07-10T09:55:00+05:30,24202.2,24205.9,24200.75,24204.6,0
2026-07-10T09:56:00+05:30,24205.1,24208.7,24203.0,24204.45,0
2026-07-10T09:57:00+05:30,24205.55,24211.8,24203.75,24209.7,0
2026-07-10T09:58:00+05:30,24211.55,24213.15,24208.35,24211.25,0
2026-07-10T09:59:00+05:30,24212.55,24216.85,24211.25,24216.75,0
2026-07-10T10:00:00+05:30,24217.95,24226.05,24216.55,24220.85,0
2026-07-10T10:01:00+05:30,24223.1,24223.75,24211.9,24211.9,0
2026-07-10T10:02:00+05:30,24214.3,24218.55,24212.7,24215.0,0
2026-07-10T10:03:00+05:30,24216.5,24217.25,24209.15,24210.55,0
2026-07-10T10:04:00+05:30,24211.95,24213.55,24207.15,24208.45,0
2026-07-10T10:05:00+05:30,24209.5,24214.5,24206.6,24212.85,0
2026-07-10T10:06:00+05:30,24214.75,24214.85,24209.3,24214.5,0
2026-07-10T10:07:00+05:30,24215.95,24217.85,24211.15,24211.15,0
2026-07-10T10:08:00+05:30,24213.75,24213.85,24204.05,24204.05,0
2026-07-10T10:09:00+05:30,24209.3,24211.05,24202.15,24210.75,0
2026-07-10T10:10:00+05:30,24211.8,24223.8,24211.15,24218.15,0
2026-07-10T10:11:00+05:30,24219.15,24219.85,24211.6,24213.7,0
2026-07-10T10:12:00+05:30,24215.95,24215.95,24209.1,24210.9,0
2026-07-10T10:13:00+05:30,24212.5,24214.15,24209.95,24211.3,0
2026-07-10T10:14:00+05:30,24213.2,24213.95,24209.1,24211.25,0
2026-07-10T10:15:00+05:30,24212.8,24215.2,24209.35,24213.05,0
2026-07-10T10:16:00+05:30,24215.1,24216.1,24209.5,24213.5,0
2026-07-10T10:17:00+05:30,24214.15,24214.75,24210.15,24211.35,0
2026-07-10T10:18:00+05:30,24212.65,24212.9,24209.7,24211.3,0
2026-07-10T10:19:00+05:30,24213.15,24214.1,24210.6,24211.7,0
2026-07-10T10:20:00+05:30,24213.9,24214.25,24209.4,24211.8,0
2026-07-10T10:21:00+05:30,24212.8,24215.35,24210.6,24214.65,0
2026-07-10T10:22:00+05:30,24215.05,24215.55,24207.45,24207.95,0
2026-07-10T10:23:00+05:30,24209.95,24210.15,24203.35,24203.95,0
2026-07-10T10:24:00+05:30,24207.1,24209.65,24205.8,24207.55,0
2026-07-10T10:25:00+05:30,24209.5,24212.4,24209.45,24211.55,0
2026-07-10T10:26:00+05:30,24213.1,24218.75,24211.7,24217.1,0
2026-07-10T10:27:00+05:30,24218.85,24218.85,24210.35,24212.0,0
2026-07-10T10:28:00+05:30,24213.25,24213.25,24207.1,24208.55,0
2026-07-10T10:29:00+05:30,24209.55,24210.6,24202.35,24203.3,0
2026-07-10T10:30:00+05:30,24205.35,24206.55,24194.95,24195.1,0
2026-07-10T10:31:00+05:30,24197.15,24197.15,24189.2,24193.05,0
2026-07-10T10:32:00+05:30,24194.45,24195.8,24189.3,24191.05,0
2026-07-10T10:33:00+05:30,24191.85,24192.4,24188.25,24189.0,0
2026-07-10T10:34:00+05:30,24190.65,24194.75,24187.95,24194.2,0
2026-07-10T10:35:00+05:30,24195.0,24196.9,24191.6,24195.4,0
2026-07-10T10:36:00+05:30,24196.1,24198.85,24193.0,24198.85,0
2026-07-10T10:37:00+05:30,24199.75,24202.35,24198.9,24199.55,0
2026-07-10T10:38:00+05:30,24201.35,24201.35,24195.35,24195.75,0
2026-07-10T10:39:00+05:30,24197.35,24197.6,24194.25,24195.45,0
2026-07-10T10:40:00+05:30,24197.1,24199.05,24194.15,24198.5,0
2026-07-10T10:41:00+05:30,24199.8,24208.55,24199.4,24206.45,0
2026-07-10T10:42:00+05:30,24207.55,24209.8,24206.15,24209.3,0
2026-07-10T10:43:00+05:30,24210.15,24211.0,24206.1,24208.15,0
2026-07-10T10:44:00+05:30,24208.9,24211.5,24207.2,24210.85,0
2026-07-10T10:45:00+05:30,24213.3,24213.3,24205.05,24207.8,0
2026-07-10T10:46:00+05:30,24208.85,24209.85,24204.1,24204.8,0
2026-07-10T10:47:00+05:30,24206.45,24208.6,24203.55,24207.15,0
2026-07-10T10:48:00+05:30,24208.4,24210.15,24206.25,24209.55,0
2026-07-10T10:49:00+05:30,24210.6,24210.9,24204.45,24205.25,0
2026-07-10T10:50:00+05:30,24206.5,24207.4,24203.75,24206.85,0
2026-07-10T10:51:00+05:30,24207.15,24209.9,24203.95,24209.45,0
2026-07-10T10:52:00+05:30,24209.4,24213.45,24207.9,24211.3,0
2026-07-10T10:53:00+05:30,24212.45,24212.5,24207.6,24210.25,0
2026-07-10T10:54:00+05:30,24211.35,24211.35,24204.45,24205.9,0
2026-07-10T10:55:00+05:30,24206.3,24206.55,24202.35,24204.1,0
2026-07-10T10:56:00+05:30,24206.25,24208.8,24203.7,24205.0,0
2026-07-10T10:57:00+05:30,24207.2,24207.35,24201.45,24202.15,0
2026-07-10T10:58:00+05:30,24203.25,24205.45,24198.35,24198.35,0
2026-07-10T10:59:00+05:30,24199.95,24201.95,24195.65,24199.1,0
2026-07-10T11:00:00+05:30,24201.35,24206.15,24198.6,24205.15,0
2026-07-10T11:01:00+05:30,24205.2,24205.2,24199.5,24201.15,0
2026-07-10T11:02:00+05:30,24202.5,24205.25,24201.75,24203.4,0
2026-07-10T11:03:00+05:30,24204.3,24206.05,24201.05,24201.35,0
2026-07-10T11:04:00+05:30,24201.6,24205.1,24196.95,24197.05,0
2026-07-10T11:05:00+05:30,24198.75,24199.05,24191.45,24192.4,0
2026-07-10T11:06:00+05:30,24194.5,24195.15,24189.75,24190.05,0
2026-07-10T11:07:00+05:30,24191.25,24191.25,24186.0,24186.1,0
2026-07-10T11:08:00+05:30,24189.1,24189.4,24184.05,24186.7,0
2026-07-10T11:09:00+05:30,24188.25,24188.25,24182.0,24183.8,0
2026-07-10T11:10:00+05:30,24184.7,24185.05,24175.8,24176.05,0
2026-07-10T11:11:00+05:30,24177.05,24180.0,24174.95,24175.05,0
2026-07-10T11:12:00+05:30,24176.55,24182.2,24175.15,24181.95,0
2026-07-10T11:13:00+05:30,24183.0,24184.25,24180.05,24181.1,0
2026-07-10T11:14:00+05:30,24183.0,24183.0,24177.6,24180.0,0
2026-07-10T11:15:00+05:30,24181.65,24182.25,24171.85,24172.1,0
2026-07-10T11:16:00+05:30,24173.65,24174.6,24167.2,24168.55,0
2026-07-10T11:17:00+05:30,24168.85,24175.65,24166.5,24175.05,0
2026-07-10T11:18:00+05:30,24176.25,24177.2,24173.8,24174.5,0
2026-07-10T11:19:00+05:30,24175.4,24175.5,24171.65,24173.3,0
2026-07-10T11:20:00+05:30,24174.35,24175.9,24170.0,24170.55,0
2026-07-10T11:21:00+05:30,24172.45,24172.45,24167.8,24168.4,0
2026-07-10T11:22:00+05:30,24169.7,24175.2,24168.6,24175.1,0
2026-07-10T11:23:00+05:30,24175.5,24177.25,24171.25,24172.05,0
2026-07-10T11:24:00+05:30,24174.9,24178.15,24173.3,24175.55,0
2026-07-10T11:25:00+05:30,24176.5,24176.5,24170.15,24171.2,0
2026-07-10T11:26:00+05:30,24172.55,24173.05,24168.75,24170.35,0
2026-07-10T11:27:00+05:30,24172.1,24173.5,24169.05,24170.7,0
2026-07-10T11:28:00+05:30,24172.2,24173.05,24168.3,24168.85,0
2026-07-10T11:29:00+05:30,24170.85,24170.85,24156.85,24157.85,0
2026-07-10T11:30:00+05:30,24161.05,24169.75,24157.15,24166.95,0
2026-07-10T11:31:00+05:30,24168.25,24168.25,24163.15,24165.65,0
2026-07-10T11:32:00+05:30,24165.85,24166.6,24161.05,24162.65,0
2026-07-10T11:33:00+05:30,24163.7,24168.6,24161.0,24166.55,0
2026-07-10T11:34:00+05:30,24167.9,24170.8,24165.95,24167.25,0
2026-07-10T11:35:00+05:30,24169.05,24169.15,24165.55,24168.45,0
2026-07-10T11:36:00+05:30,24169.35,24172.35,24168.05,24171.5,0
2026-07-10T11:37:00+05:30,24172.15,24172.2,24158.0,24158.9,0
2026-07-10T11:38:00+05:30,24161.15,24163.25,24155.95,24160.8,0
2026-07-10T11:39:00+05:30,24162.5,24165.85,24160.65,24162.3,0
2026-07-10T11:40:00+05:30,24163.35,24163.8,24159.8,24162.7,0
2026-07-10T11:41:00+05:30,24163.4,24163.4,24158.45,24159.85,0
2026-07-10T11:42:00+05:30,24160.35,24163.45,24158.25,24162.55,0
2026-07-10T11:43:00+05:30,24163.9,24165.95,24161.35,24165.45,0
2026-07-10T11:44:00+05:30,24167.2,24167.2,24162.75,24163.1,0
2026-07-10T11:45:00+05:30,24165.2,24168.7,24163.5,24167.05,0
2026-07-10T11:46:00+05:30,24168.3,24174.2,24167.7,24173.0,0
2026-07-10T11:47:00+05:30,24174.6,24175.65,24171.4,24175.65,0
2026-07-10T11:48:00+05:30,24175.95,24176.5,24171.4,24172.9,0
2026-07-10T11:49:00+05:30,24175.0,24177.3,24172.05,24175.7,0
2026-07-10T11:50:00+05:30,24176.4,24176.4,24171.25,24171.5,0
2026-07-10T11:51:00+05:30,24172.9,24174.1,24170.45,24170.55,0
2026-07-10T11:52:00+05:30,24172.55,24173.25,24167.5,24167.5,0
2026-07-10T11:53:00+05:30,24168.35,24168.35,24152.05,24155.3,0
2026-07-10T11:54:00+05:30,24156.5,24159.2,24154.75,24157.35,0
2026-07-10T11:55:00+05:30,24159.05,24160.0,24155.85,24158.95,0
2026-07-10T11:56:00+05:30,24159.9,24163.95,24158.5,24160.0,0
2026-07-10T11:57:00+05:30,24161.7,24164.05,24158.95,24163.05,0
2026-07-10T11:58:00+05:30,24163.95,24166.25,24161.85,24164.65,0
2026-07-10T11:59:00+05:30,24166.25,24173.1,24164.75,24170.4,0
2026-07-10T12:00:00+05:30,24171.3,24179.2,24170.15,24176.75,0
2026-07-10T12:01:00+05:30,24178.4,24184.25,24176.95,24181.6,0
2026-07-10T12:02:00+05:30,24183.0,24183.7,24179.7,24181.5,0
2026-07-10T12:03:00+05:30,24183.2,24185.65,24181.65,24182.55,0
2026-07-10T12:04:00+05:30,24184.4,24184.55,24178.55,24178.85,0
2026-07-10T12:05:00+05:30,24181.15,24181.15,24175.35,24178.15,0
2026-07-10T12:06:00+05:30,24180.4,24181.8,24176.8,24179.65,0
2026-07-10T12:07:00+05:30,24182.15,24182.15,24175.95,24179.1,0
2026-07-10T12:08:00+05:30,24181.1,24182.5,24178.65,24179.9,0
2026-07-10T12:09:00+05:30,24182.2,24182.5,24174.55,24176.05,0
2026-07-10T12:10:00+05:30,24176.65,24177.2,24171.7,24172.25,0
2026-07-10T12:11:00+05:30,24174.55,24174.55,24162.85,24163.3,0
2026-07-10T12:12:00+05:30,24165.8,24168.0,24164.0,24164.15,0
2026-07-10T12:13:00+05:30,24165.85,24165.9,24157.75,24159.9,0
2026-07-10T12:14:00+05:30,24162.55,24165.25,24161.05,24164.75,0
2026-07-10T12:15:00+05:30,24165.85,24167.05,24161.5,24166.3,0
2026-07-10T12:16:00+05:30,24168.1,24168.3,24161.15,24164.35,0
2026-07-10T12:17:00+05:30,24166.3,24168.4,24164.4,24165.55,0
2026-07-10T12:18:00+05:30,24166.85,24169.5,24164.55,24165.75,0
2026-07-10T12:19:00+05:30,24167.15,24167.15,24162.65,24164.25,0
2026-07-10T12:20:00+05:30,24165.2,24167.3,24163.5,24164.55,0
2026-07-10T12:21:00+05:30,24166.3,24166.85,24160.9,24164.25,0
2026-07-10T12:22:00+05:30,24165.4,24168.5,24163.7,24166.0,0
2026-07-10T12:23:00+05:30,24167.1,24168.5,24164.45,24166.9,0
2026-07-10T12:24:00+05:30,24168.85,24173.1,24167.15,24172.8,0
2026-07-10T12:25:00+05:30,24173.85,24175.95,24172.05,24173.3,0
2026-07-10T12:26:00+05:30,24175.0,24179.85,24174.25,24179.1,0
2026-07-10T12:27:00+05:30,24181.05,24188.75,24180.6,24187.8,0
2026-07-10T12:28:00+05:30,24189.6,24193.35,24188.1,24192.05,0
2026-07-10T12:29:00+05:30,24193.05,24193.5,24189.2,24189.25,0
2026-07-10T12:30:00+05:30,24190.3,24190.8,24185.4,24185.7,0
2026-07-10T12:31:00+05:30,24186.75,24187.35,24182.85,24183.3,0
2026-07-10T12:32:00+05:30,24185.0,24185.65,24178.6,24179.25,0
2026-07-10T12:33:00+05:30,24181.6,24183.7,24178.0,24182.75,0
2026-07-10T12:34:00+05:30,24183.95,24188.8,24182.55,24183.8,0
2026-07-10T12:35:00+05:30,24184.75,24186.8,24182.45,24184.8,0
2026-07-10T12:36:00+05:30,24187.15,24188.0,24182.45,24184.2,0
2026-07-10T12:37:00+05:30,24185.0,24185.45,24181.3,24182.8,0
2026-07-10T12:38:00+05:30,24184.35,24184.35,24180.75,24181.85,0
2026-07-10T12:39:00+05:30,24183.0,24186.05,24181.7,24183.25,0
2026-07-10T12:40:00+05:30,24184.0,24186.6,24181.2,24181.6,0
2026-07-10T12:41:00+05:30,24183.75,24186.7,24180.15,24185.15,0
2026-07-10T12:42:00+05:30,24186.4,24188.3,24183.5,24185.75,0
2026-07-10T12:43:00+05:30,24188.2,24190.05,24184.35,24188.7,0
2026-07-10T12:44:00+05:30,24190.0,24194.15,24188.15,24188.25,0
2026-07-10T12:45:00+05:30,24190.65,24196.15,24190.1,24192.25,0
2026-07-10T12:46:00+05:30,24192.35,24193.85,24189.3,24193.85,0
2026-07-10T12:47:00+05:30,24194.55,24195.35,24188.7,24189.6,0
2026-07-10T12:48:00+05:30,24190.9,24193.85,24189.95,24191.9,0
2026-07-10T12:49:00+05:30,24192.6,24193.55,24187.6,24188.05,0
2026-07-10T12:50:00+05:30,24189.35,24192.2,24186.0,24190.55,0
2026-07-10T12:51:00+05:30,24191.7,24198.1,24190.05,24197.8,0
2026-07-10T12:52:00+05:30,24198.9,24199.8,24194.1,24194.6,0
2026-07-10T12:53:00+05:30,24195.45,24197.3,24189.7,24190.45,0
2026-07-10T12:54:00+05:30,24191.35,24191.8,24188.15,24189.0,0
2026-07-10T12:55:00+05:30,24189.9,24193.25,24189.15,24190.55,0
2026-07-10T12:56:00+05:30,24192.75,24193.55,24188.95,24190.4,0
2026-07-10T12:57:00+05:30,24193.1,24193.15,24185.2,24187.0,0
2026-07-10T12:58:00+05:30,24188.9,24189.35,24184.7,24187.1,0
2026-07-10T12:59:00+05:30,24189.0,24189.0,24178.4,24181.35,0
2026-07-10T13:00:00+05:30,24184.45,24184.6,24178.75,24180.55,0
2026-07-10T13:01:00+05:30,24182.35,24187.4,24178.55,24185.1,0
2026-07-10T13:02:00+05:30,24186.6,24195.5,24185.8,24194.5,0
2026-07-10T13:03:00+05:30,24196.4,24201.85,24192.9,24199.05,0
2026-07-10T13:04:00+05:30,24200.1,24200.35,24195.1,24197.25,0
2026-07-10T13:05:00+05:30,24198.05,24198.2,24190.55,24195.1,0
2026-07-10T13:06:00+05:30,24197.35,24198.75,24190.75,24191.85,0
2026-07-10T13:07:00+05:30,24191.5,24193.55,24185.95,24188.6,0
2026-07-10T13:08:00+05:30,24191.0,24197.8,24186.35,24187.35,0
2026-07-10T13:09:00+05:30,24186.75,24187.95,24180.6,24181.55,0
2026-07-10T13:10:00+05:30,24182.85,24185.8,24178.7,24178.7,0
2026-07-10T13:11:00+05:30,24180.85,24182.25,24177.95,24181.45,0
2026-07-10T13:12:00+05:30,24182.05,24187.55,24180.8,24186.75,0
2026-07-10T13:13:00+05:30,24187.95,24187.95,24181.75,24182.2,0
2026-07-10T13:14:00+05:30,24183.45,24187.0,24182.05,24185.8,0
2026-07-10T13:15:00+05:30,24186.85,24188.45,24182.5,24182.75,0
2026-07-10T13:16:00+05:30,24184.0,24185.15,24180.75,24181.45,0
2026-07-10T13:17:00+05:30,24181.85,24182.2,24176.6,24177.3,0
2026-07-10T13:18:00+05:30,24178.8,24179.2,24173.8,24174.75,0
2026-07-10T13:19:00+05:30,24176.6,24177.25,24172.35,24172.55,0
2026-07-10T13:20:00+05:30,24173.85,24174.05,24163.8,24167.65,0
2026-07-10T13:21:00+05:30,24168.3,24172.95,24167.65,24169.6,0
2026-07-10T13:22:00+05:30,24170.95,24171.5,24160.75,24162.0,0
2026-07-10T13:23:00+05:30,24163.1,24169.45,24162.25,24162.75,0
2026-07-10T13:24:00+05:30,24163.85,24166.05,24161.9,24164.0,0
2026-07-10T13:25:00+05:30,24165.7,24170.7,24164.3,24170.5,0
2026-07-10T13:26:00+05:30,24170.9,24171.7,24168.35,24169.55,0
2026-07-10T13:27:00+05:30,24171.4,24174.75,24167.65,24174.75,0
2026-07-10T13:28:00+05:30,24175.0,24176.7,24171.35,24172.65,0
2026-07-10T13:29:00+05:30,24174.25,24176.9,24169.15,24176.55,0
2026-07-10T13:30:00+05:30,24177.4,24178.0,24174.3,24176.5,0
2026-07-10T13:31:00+05:30,24177.3,24184.8,24177.2,24180.75,0
2026-07-10T13:32:00+05:30,24181.2,24181.95,24172.8,24173.2,0
2026-07-10T13:33:00+05:30,24174.4,24177.5,24171.9,24176.85,0
2026-07-10T13:34:00+05:30,24178.05,24186.25,24176.95,24185.45,0
2026-07-10T13:35:00+05:30,24186.4,24190.4,24184.55,24189.95,0
2026-07-10T13:36:00+05:30,24190.75,24191.8,24185.95,24187.55,0
2026-07-10T13:37:00+05:30,24188.55,24189.1,24183.95,24183.95,0
2026-07-10T13:38:00+05:30,24186.7,24187.3,24181.35,24186.5,0
2026-07-10T13:39:00+05:30,24187.15,24196.55,24185.4,24196.1,0
2026-07-10T13:40:00+05:30,24197.0,24202.95,24196.15,24200.55,0
2026-07-10T13:41:00+05:30,24201.25,24203.1,24200.7,24201.15,0
2026-07-10T13:42:00+05:30,24202.9,24203.3,24198.0,24198.0,0
2026-07-10T13:43:00+05:30,24199.7,24199.75,24197.0,24199.1,0
2026-07-10T13:44:00+05:30,24200.7,24201.05,24196.35,24196.75,0
2026-07-10T13:45:00+05:30,24198.15,24205.4,24197.15,24205.4,0
2026-07-10T13:46:00+05:30,24205.6,24207.3,24201.7,24202.5,0
2026-07-10T13:47:00+05:30,24203.95,24204.3,24197.2,24197.25,0
2026-07-10T13:48:00+05:30,24200.0,24200.0,24192.25,24192.75,0
2026-07-10T13:49:00+05:30,24192.8,24193.4,24190.25,24192.65,0
2026-07-10T13:50:00+05:30,24193.35,24197.45,24192.95,24194.4,0
2026-07-10T13:51:00+05:30,24195.2,24195.7,24186.15,24187.05,0
2026-07-10T13:52:00+05:30,24189.55,24193.45,24186.9,24192.7,0
2026-07-10T13:53:00+05:30,24193.8,24196.9,24192.05,24195.6,0
2026-07-10T13:54:00+05:30,24196.8,24198.0,24194.25,24194.5,0
2026-07-10T13:55:00+05:30,24196.55,24198.4,24194.7,24196.8,0
2026-07-10T13:56:00+05:30,24197.8,24199.2,24194.35,24194.8,0
2026-07-10T13:57:00+05:30,24196.4,24198.5,24191.8,24198.3,0
2026-07-10T13:58:00+05:30,24198.95,24199.3,24193.95,24196.9,0
2026-07-10T13:59:00+05:30,24197.7,24198.05,24190.65,24193.35,0
2026-07-10T14:00:00+05:30,24194.85,24199.95,24192.2,24196.5,0
2026-07-10T14:01:00+05:30,24198.6,24198.6,24187.9,24188.1,0
2026-07-10T14:02:00+05:30,24189.65,24190.75,24185.3,24190.4,0
2026-07-10T14:03:00+05:30,24191.9,24192.65,24185.35,24187.1,0
2026-07-10T14:04:00+05:30,24188.2,24193.4,24187.1,24192.8,0
2026-07-10T14:05:00+05:30,24193.1,24193.1,24183.0,24185.15,0
2026-07-10T14:06:00+05:30,24186.15,24187.2,24184.15,24185.15,0
2026-07-10T14:07:00+05:30,24186.7,24187.4,24182.2,24182.75,0
2026-07-10T14:08:00+05:30,24184.7,24186.05,24176.15,24178.75,0
2026-07-10T14:09:00+05:30,24180.8,24181.9,24176.95,24177.4,0
2026-07-10T14:10:00+05:30,24178.75,24178.75,24173.6,24175.7,0
2026-07-10T14:11:00+05:30,24177.45,24185.65,24175.6,24184.25,0
2026-07-10T14:12:00+05:30,24185.55,24185.55,24181.7,24183.0,0
2026-07-10T14:13:00+05:30,24184.2,24185.6,24183.05,24183.65,0
2026-07-10T14:14:00+05:30,24185.35,24188.65,24183.95,24186.45,0
2026-07-10T14:15:00+05:30,24187.0,24189.35,24185.35,24185.8,0
2026-07-10T14:16:00+05:30,24186.6,24189.05,24184.95,24189.0,0
2026-07-10T14:17:00+05:30,24189.5,24189.9,24184.85,24186.0,0
2026-07-10T14:18:00+05:30,24187.75,24187.75,24184.1,24185.9,0
2026-07-10T14:19:00+05:30,24186.4,24189.75,24184.5,24189.1,0
2026-07-10T14:20:00+05:30,24189.9,24190.75,24187.95,24190.05,0
2026-07-10T14:21:00+05:30,24191.5,24198.55,24189.8,24198.05,0
2026-07-10T14:22:00+05:30,24199.3,24203.6,24198.1,24202.8,0
2026-07-10T14:23:00+05:30,24204.2,24206.9,24202.7,24204.65,0
2026-07-10T14:24:00+05:30,24206.1,24206.8,24200.35,24202.05,0
2026-07-10T14:25:00+05:30,24201.95,24206.25,24200.35,24206.05,0
2026-07-10T14:26:00+05:30,24207.75,24211.9,24206.25,24210.7,0
2026-07-10T14:27:00+05:30,24212.55,24214.5,24210.85,24212.35,0
2026-07-10T14:28:00+05:30,24212.2,24212.85,24204.55,24206.4,0
2026-07-10T14:29:00+05:30,24208.6,24213.85,24208.05,24212.3,0
2026-07-10T14:30:00+05:30,24213.4,24214.85,24208.95,24210.35,0
2026-07-10T14:31:00+05:30,24211.25,24213.0,24198.8,24198.8,0
2026-07-10T14:32:00+05:30,24200.8,24208.85,24198.9,24208.1,0
2026-07-10T14:33:00+05:30,24208.75,24214.45,24206.45,24211.55,0
2026-07-10T14:34:00+05:30,24214.05,24214.05,24204.2,24204.75,0
2026-07-10T14:35:00+05:30,24206.5,24207.75,24204.2,24206.75,0
2026-07-10T14:36:00+05:30,24209.25,24209.25,24202.1,24205.3,0
2026-07-10T14:37:00+05:30,24206.55,24209.0,24203.45,24205.55,0
2026-07-10T14:38:00+05:30,24207.25,24213.4,24206.4,24211.65,0
2026-07-10T14:39:00+05:30,24213.3,24213.75,24207.15,24212.3,0
2026-07-10T14:40:00+05:30,24213.25,24215.1,24210.15,24215.1,0
2026-07-10T14:41:00+05:30,24215.55,24216.65,24211.8,24214.15,0
2026-07-10T14:42:00+05:30,24215.35,24215.35,24208.8,24209.75,0
2026-07-10T14:43:00+05:30,24211.45,24213.15,24207.85,24210.0,0
2026-07-10T14:44:00+05:30,24211.35,24212.1,24207.6,24208.5,0
2026-07-10T14:45:00+05:30,24210.45,24210.55,24205.8,24207.6,0
2026-07-10T14:46:00+05:30,24210.4,24213.9,24206.75,24212.9,0
2026-07-10T14:47:00+05:30,24214.35,24217.4,24212.3,24215.7,0
2026-07-10T14:48:00+05:30,24217.1,24227.9,24215.45,24226.95,0
2026-07-10T14:49:00+05:30,24228.15,24228.45,24219.7,24220.05,0
2026-07-10T14:50:00+05:30,24221.65,24221.9,24211.85,24212.4,0
2026-07-10T14:51:00+05:30,24213.35,24214.35,24206.1,24207.3,0
2026-07-10T14:52:00+05:30,24208.75,24208.75,24202.5,24206.3,0
2026-07-10T14:53:00+05:30,24207.45,24208.1,24203.6,24204.2,0
2026-07-10T14:54:00+05:30,24205.5,24209.65,24201.15,24201.7,0
2026-07-10T14:55:00+05:30,24203.05,24205.75,24200.7,24204.9,0
2026-07-10T14:56:00+05:30,24206.05,24208.4,24204.4,24208.05,0
2026-07-10T14:57:00+05:30,24209.2,24210.65,24207.1,24209.8,0
2026-07-10T14:58:00+05:30,24211.0,24211.0,24188.6,24190.55,0
2026-07-10T14:59:00+05:30,24193.55,24202.3,24191.9,24198.45,0
2026-07-10T15:00:00+05:30,24199.6,24219.4,24187.3,24213.0,0
2026-07-10T15:01:00+05:30,24214.1,24214.65,24210.0,24211.4,0
2026-07-10T15:02:00+05:30,24212.45,24213.7,24209.5,24210.7,0
2026-07-10T15:03:00+05:30,24211.25,24211.75,24201.55,24201.55,0
2026-07-10T15:04:00+05:30,24202.6,24203.4,24197.8,24198.55,0
2026-07-10T15:05:00+05:30,24199.75,24203.35,24197.65,24198.3,0
2026-07-10T15:06:00+05:30,24199.15,24199.85,24195.6,24198.4,0
2026-07-10T15:07:00+05:30,24199.55,24203.8,24197.15,24203.55,0
2026-07-10T15:08:00+05:30,24204.7,24206.65,24201.0,24206.1,0
2026-07-10T15:09:00+05:30,24206.7,24211.95,24204.95,24211.2,0
2026-07-10T15:10:00+05:30,24211.9,24215.15,24208.9,24214.25,0
2026-07-10T15:11:00+05:30,24215.3,24218.95,24213.9,24214.55,0
2026-07-10T15:12:00+05:30,24216.2,24216.2,24209.3,24210.3,0
2026-07-10T15:13:00+05:30,24211.3,24211.8,24206.6,24208.05,0
2026-07-10T15:14:00+05:30,24209.15,24211.25,24207.7,24208.65,0
2026-07-10T15:15:00+05:30,24208.35,24208.7,24201.4,24202.8,0
2026-07-10T15:16:00+05:30,24203.7,24204.0,24197.25,24200.25,0
2026-07-10T15:17:00+05:30,24201.15,24202.4,24197.8,24202.1,0
2026-07-10T15:18:00+05:30,24202.4,24203.35,24198.95,24203.0,0
2026-07-10T15:19:00+05:30,24203.4,24204.75,24201.0,24203.9,0
2026-07-10T15:20:00+05:30,24203.75,24203.75,24198.65,24201.05,0
2026-07-10T15:21:00+05:30,24200.95,24206.55,24198.9,24205.7,0
2026-07-10T15:22:00+05:30,24205.75,24210.55,24204.0,24210.55,0
2026-07-10T15:23:00+05:30,24210.7,24215.85,24209.05,24214.85,0
2026-07-10T15:24:00+05:30,24214.7,24215.15,24207.15,24209.1,0
2026-07-10T15:25:00+05:30,24209.05,24210.7,24203.35,24208.6,0
2026-07-10T15:26:00+05:30,24208.9,24215.05,24206.2,24212.95,0
2026-07-10T15:27:00+05:30,24213.75,24220.55,24211.05,24219.35,0
2026-07-10T15:28:00+05:30,24219.75,24220.95,24210.65,24212.6,0
2026-07-10T15:29:00+05:30,24210.7,24218.35,24208.2,24211.65,0
2026-07-13T09:15:00+05:30,24039.4,24039.4,24000.2,24021.55,0
2026-07-13T09:16:00+05:30,24021.7,24039.75,24008.85,24032.25,0
2026-07-13T09:17:00+05:30,24034.0,24044.45,24024.65,24043.4,0
2026-07-13T09:18:00+05:30,24042.85,24043.85,24019.55,24030.55,0
2026-07-13T09:19:00+05:30,24028.0,24031.1,24022.9,24027.45,0
2026-07-13T09:20:00+05:30,24026.7,24032.0,24017.45,24028.35,0
2026-07-13T09:21:00+05:30,24030.0,24037.3,24021.65,24026.35,0
2026-07-13T09:22:00+05:30,24025.9,24034.25,24022.5,24032.0,0
2026-07-13T09:23:00+05:30,24031.6,24031.8,24020.2,24029.65,0
2026-07-13T09:24:00+05:30,24029.65,24029.7,24020.0,24023.5,0
2026-07-13T09:25:00+05:30,24024.7,24033.95,24023.45,24029.95,0
2026-07-13T09:26:00+05:30,24030.1,24032.4,24020.75,24031.05,0
2026-07-13T09:27:00+05:30,24031.2,24032.75,24014.65,24023.4,0
2026-07-13T09:28:00+05:30,24023.05,24032.3,24018.85,24024.1,0
2026-07-13T09:29:00+05:30,24024.75,24030.65,24021.3,24027.45,0
2026-07-13T09:30:00+05:30,24027.2,24030.15,24022.15,24029.3,0
2026-07-13T09:31:00+05:30,24028.65,24031.65,24021.95,24025.7,0
2026-07-13T09:32:00+05:30,24026.15,24037.45,24025.55,24036.9,0
2026-07-13T09:33:00+05:30,24036.0,24038.65,24026.2,24027.75,0
2026-07-13T09:34:00+05:30,24029.15,24031.35,24019.35,24028.05,0
2026-07-13T09:35:00+05:30,24028.35,24030.7,24021.55,24026.05,0
2026-07-13T09:36:00+05:30,24026.15,24044.15,24026.15,24043.65,0
2026-07-13T09:37:00+05:30,24043.45,24057.85,24042.35,24057.6,0
2026-07-13T09:38:00+05:30,24057.55,24062.9,24046.25,24055.3,0
2026-07-13T09:39:00+05:30,24056.1,24070.85,24056.1,24067.95,0
2026-07-13T09:40:00+05:30,24068.7,24074.8,24065.35,24067.85,0
2026-07-13T09:41:00+05:30,24068.55,24077.1,24065.4,24075.0,0
2026-07-13T09:42:00+05:30,24074.85,24079.35,24066.15,24078.45,0
2026-07-13T09:43:00+05:30,24078.4,24090.05,24077.55,24082.25,0
2026-07-13T09:44:00+05:30,24082.4,24082.4,24072.3,24075.0,0
2026-07-13T09:45:00+05:30,24076.15,24079.6,24070.35,24070.35,0
2026-07-13T09:46:00+05:30,24071.3,24087.35,24071.3,24086.65,0
2026-07-13T09:47:00+05:30,24085.35,24092.3,24082.05,24090.85,0
2026-07-13T09:48:00+05:30,24091.5,24096.3,24087.35,24089.45,0
2026-07-13T09:49:00+05:30,24088.15,24108.85,24086.3,24107.45,0
2026-07-13T09:50:00+05:30,24107.95,24110.4,24096.1,24102.45,0
2026-07-13T09:51:00+05:30,24103.2,24103.2,24094.8,24100.6,0
2026-07-13T09:52:00+05:30,24100.05,24112.35,24100.05,24111.3,0
2026-07-13T09:53:00+05:30,24111.6,24117.55,24110.0,24113.75,0
2026-07-13T09:54:00+05:30,24113.3,24119.9,24110.25,24116.0,0
2026-07-13T09:55:00+05:30,24116.5,24120.35,24111.95,24113.7,0
2026-07-13T09:56:00+05:30,24114.1,24119.35,24113.15,24113.45,0
2026-07-13T09:57:00+05:30,24113.35,24115.45,24104.85,24107.0,0
2026-07-13T09:58:00+05:30,24107.15,24119.4,24106.2,24118.35,0
2026-07-13T09:59:00+05:30,24118.4,24122.45,24115.95,24121.2,0
2026-07-13T10:00:00+05:30,24121.05,24126.2,24115.95,24124.6,0
2026-07-13T10:01:00+05:30,24124.25,24128.8,24115.2,24115.55,0
2026-07-13T10:02:00+05:30,24116.6,24123.8,24114.15,24123.1,0
2026-07-13T10:03:00+05:30,24123.1,24123.85,24105.2,24110.25,0
2026-07-13T10:04:00+05:30,24109.95,24115.3,24107.15,24110.1,0
2026-07-13T10:05:00+05:30,24112.65,24113.65,24104.8,24107.05,0
2026-07-13T10:06:00+05:30,24106.8,24109.6,24101.1,24104.95,0
2026-07-13T10:07:00+05:30,24104.0,24106.6,24092.8,24099.85,0
2026-07-13T10:08:00+05:30,24099.45,24119.35,24097.4,24117.55,0
2026-07-13T10:09:00+05:30,24118.2,24122.85,24103.8,24109.3,0
2026-07-13T10:10:00+05:30,24109.1,24118.8,24104.95,24110.7,0
2026-07-13T10:11:00+05:30,24102.7,24113.5,24102.7,24111.4,0
2026-07-13T10:12:00+05:30,24112.05,24120.35,24110.6,24112.1,0
2026-07-13T10:13:00+05:30,24111.25,24112.95,24106.75,24108.75,0
2026-07-13T10:14:00+05:30,24107.8,24115.3,24105.15,24114.15,0
2026-07-13T10:15:00+05:30,24113.55,24120.75,24110.55,24111.35,0
2026-07-13T10:16:00+05:30,24111.75,24112.95,24104.8,24109.5,0
2026-07-13T10:17:00+05:30,24110.15,24112.1,24104.6,24107.6,0
2026-07-13T10:18:00+05:30,24106.85,24118.05,24106.85,24113.3,0
2026-07-13T10:19:00+05:30,24114.15,24114.4,24107.9,24113.8,0
2026-07-13T10:20:00+05:30,24114.0,24120.6,24113.4,24117.4,0
2026-07-13T10:21:00+05:30,24116.45,24119.0,24115.1,24117.25,0
2026-07-13T10:22:00+05:30,24117.2,24126.65,24116.3,24121.7,0
2026-07-13T10:23:00+05:30,24122.0,24122.9,24109.5,24113.15,0
2026-07-13T10:24:00+05:30,24113.15,24121.65,24113.1,24119.1,0
2026-07-13T10:25:00+05:30,24119.35,24123.3,24114.3,24123.05,0
2026-07-13T10:26:00+05:30,24123.25,24125.85,24121.3,24123.95,0
2026-07-13T10:27:00+05:30,24123.75,24136.3,24123.45,24136.3,0
2026-07-13T10:28:00+05:30,24136.5,24143.8,24133.05,24143.15,0
2026-07-13T10:29:00+05:30,24143.5,24157.4,24143.5,24145.8,0
2026-07-13T10:30:00+05:30,24146.15,24149.25,24135.95,24142.55,0
2026-07-13T10:31:00+05:30,24141.9,24142.1,24132.0,24135.65,0
2026-07-13T10:32:00+05:30,24135.6,24153.05,24135.6,24148.3,0
2026-07-13T10:33:00+05:30,24148.35,24156.25,24147.95,24153.5,0
2026-07-13T10:34:00+05:30,24153.8,24155.85,24148.2,24154.75,0
2026-07-13T10:35:00+05:30,24155.4,24156.85,24147.45,24148.8,0
2026-07-13T10:36:00+05:30,24149.5,24150.3,24142.35,24143.8,0
2026-07-13T10:37:00+05:30,24143.75,24148.0,24141.9,24145.7,0
2026-07-13T10:38:00+05:30,24145.1,24148.15,24139.9,24140.2,0
2026-07-13T10:39:00+05:30,24140.7,24142.05,24134.3,24134.5,0
2026-07-13T10:40:00+05:30,24134.05,24142.85,24132.7,24140.3,0
2026-07-13T10:41:00+05:30,24140.6,24143.55,24135.35,24138.75,0
2026-07-13T10:42:00+05:30,24138.45,24145.0,24135.65,24144.2,0
2026-07-13T10:43:00+05:30,24144.1,24149.05,24142.05,24143.85,0
2026-07-13T10:44:00+05:30,24143.85,24145.35,24140.7,24141.65,0
2026-07-13T10:45:00+05:30,24142.8,24144.5,24139.6,24140.6,0
2026-07-13T10:46:00+05:30,24140.15,24145.9,24139.6,24143.7,0
2026-07-13T10:47:00+05:30,24144.0,24147.3,24142.5,24145.95,0
2026-07-13T10:48:00+05:30,24145.75,24146.65,24139.55,24140.2,0
2026-07-13T10:49:00+05:30,24140.35,24142.6,24136.65,24137.3,0
2026-07-13T10:50:00+05:30,24138.05,24139.7,24132.15,24133.95,0
2026-07-13T10:51:00+05:30,24134.45,24141.45,24134.45,24137.85,0
2026-07-13T10:52:00+05:30,24138.3,24141.7,24133.3,24141.7,0
2026-07-13T10:53:00+05:30,24141.5,24146.15,24124.1,24125.15,0
2026-07-13T10:54:00+05:30,24124.7,24126.15,24118.2,24123.15,0
2026-07-13T10:55:00+05:30,24123.3,24126.85,24117.0,24118.75,0
2026-07-13T10:56:00+05:30,24118.25,24126.45,24117.1,24122.45,0
2026-07-13T10:57:00+05:30,24122.1,24129.15,24119.95,24127.95,0
2026-07-13T10:58:00+05:30,24127.95,24138.75,24125.45,24137.8,0
2026-07-13T10:59:00+05:30,24137.95,24140.55,24125.65,24132.6,0
2026-07-13T11:00:00+05:30,24132.15,24133.85,24116.2,24126.75,0
2026-07-13T11:01:00+05:30,24126.25,24128.1,24118.6,24118.6,0
2026-07-13T11:02:00+05:30,24119.15,24128.4,24118.6,24127.85,0
2026-07-13T11:03:00+05:30,24127.9,24131.65,24125.35,24131.3,0
2026-07-13T11:04:00+05:30,24131.5,24141.15,24127.75,24139.9,0
2026-07-13T11:05:00+05:30,24139.95,24144.05,24138.55,24141.5,0
2026-07-13T11:06:00+05:30,24141.0,24142.55,24135.1,24141.95,0
2026-07-13T11:07:00+05:30,24141.25,24148.6,24140.25,24146.75,0
2026-07-13T11:08:00+05:30,24146.8,24150.15,24142.0,24142.0,0
2026-07-13T11:09:00+05:30,24142.7,24145.7,24140.25,24144.4,0
2026-07-13T11:10:00+05:30,24143.65,24150.8,24141.4,24146.8,0
2026-07-13T11:11:00+05:30,24146.35,24159.3,24145.8,24158.0,0
2026-07-13T11:12:00+05:30,24159.75,24162.05,24153.6,24159.45,0
2026-07-13T11:13:00+05:30,24159.3,24160.55,24151.55,24153.2,0
2026-07-13T11:14:00+05:30,24153.25,24153.25,24146.65,24146.7,0
2026-07-13T11:15:00+05:30,24147.25,24149.05,24143.75,24147.4,0
2026-07-13T11:16:00+05:30,24147.6,24147.6,24138.1,24141.15,0
2026-07-13T11:17:00+05:30,24140.1,24143.85,24136.45,24141.45,0
2026-07-13T11:18:00+05:30,24142.05,24142.6,24133.65,24137.55,0
2026-07-13T11:19:00+05:30,24137.9,24139.0,24133.95,24137.55,0
2026-07-13T11:20:00+05:30,24138.55,24146.9,24136.85,24146.1,0
2026-07-13T11:21:00+05:30,24145.85,24151.1,24144.65,24150.55,0
2026-07-13T11:22:00+05:30,24149.2,24157.0,24147.0,24155.2,0
2026-07-13T11:23:00+05:30,24155.85,24158.8,24152.05,24152.45,0
2026-07-13T11:24:00+05:30,24152.3,24152.95,24146.4,24146.65,0
2026-07-13T11:25:00+05:30,24146.35,24147.9,24142.1,24145.35,0
2026-07-13T11:26:00+05:30,24144.1,24148.3,24141.1,24147.9,0
2026-07-13T11:27:00+05:30,24147.55,24149.45,24143.3,24144.05,0
2026-07-13T11:28:00+05:30,24144.3,24144.45,24135.4,24136.2,0
2026-07-13T11:29:00+05:30,24136.4,24138.9,24133.0,24138.15,0
2026-07-13T11:30:00+05:30,24137.45,24145.55,24136.5,24141.3,0
2026-07-13T11:31:00+05:30,24140.9,24146.45,24136.0,24137.35,0
2026-07-13T11:32:00+05:30,24137.2,24147.25,24135.75,24146.8,0
2026-07-13T11:33:00+05:30,24146.2,24147.45,24140.7,24145.9,0
2026-07-13T11:34:00+05:30,24144.6,24148.8,24142.5,24148.35,0
2026-07-13T11:35:00+05:30,24148.15,24151.1,24145.2,24150.0,0
2026-07-13T11:36:00+05:30,24149.95,24152.1,24143.8,24145.6,0
2026-07-13T11:37:00+05:30,24146.6,24146.6,24137.45,24141.85,0
2026-07-13T11:38:00+05:30,24142.1,24142.4,24135.3,24139.2,0
2026-07-13T11:39:00+05:30,24139.45,24140.45,24131.8,24136.0,0
2026-07-13T11:40:00+05:30,24135.8,24137.0,24131.1,24136.7,0
2026-07-13T11:41:00+05:30,24135.6,24136.1,24129.6,24133.5,0
2026-07-13T11:42:00+05:30,24133.25,24139.95,24130.25,24138.0,0
2026-07-13T11:43:00+05:30,24139.95,24140.3,24130.05,24132.0,0
2026-07-13T11:44:00+05:30,24131.9,24131.9,24123.25,24130.65,0
2026-07-13T11:45:00+05:30,24130.6,24137.9,24130.55,24136.25,0
2026-07-13T11:46:00+05:30,24136.4,24140.1,24134.15,24138.7,0
2026-07-13T11:47:00+05:30,24138.0,24149.7,24135.75,24149.1,0
2026-07-13T11:48:00+05:30,24148.75,24149.8,24140.65,24142.6,0
2026-07-13T11:49:00+05:30,24140.8,24145.45,24137.25,24144.8,0
2026-07-13T11:50:00+05:30,24145.1,24154.45,24142.6,24153.55,0
2026-07-13T11:51:00+05:30,24153.8,24156.65,24150.05,24150.7,0
2026-07-13T11:52:00+05:30,24150.75,24152.55,24146.95,24148.8,0
2026-07-13T11:53:00+05:30,24149.85,24150.95,24143.05,24146.2,0
2026-07-13T11:54:00+05:30,24145.8,24148.25,24141.0,24142.05,0
2026-07-13T11:55:00+05:30,24143.6,24144.0,24138.95,24143.35,0
2026-07-13T11:56:00+05:30,24142.9,24147.6,24140.5,24141.9,0
2026-07-13T11:57:00+05:30,24142.1,24142.35,24132.15,24134.75,0
2026-07-13T11:58:00+05:30,24134.7,24139.6,24132.95,24138.4,0
2026-07-13T11:59:00+05:30,24137.75,24143.25,24136.8,24140.5,0
2026-07-13T12:00:00+05:30,24140.5,24149.5,24139.65,24148.35,0
2026-07-13T12:01:00+05:30,24148.45,24153.85,24145.7,24152.55,0
2026-07-13T12:02:00+05:30,24152.7,24153.75,24148.6,24151.75,0
2026-07-13T12:03:00+05:30,24151.35,24152.95,24148.6,24150.95,0
2026-07-13T12:04:00+05:30,24150.25,24156.15,24148.2,24154.25,0
2026-07-13T12:05:00+05:30,24153.8,24155.7,24151.9,24154.5,0
2026-07-13T12:06:00+05:30,24153.85,24156.1,24152.4,24155.9,0
2026-07-13T12:07:00+05:30,24155.65,24159.4,24155.1,24157.0,0
2026-07-13T12:08:00+05:30,24157.1,24160.15,24156.65,24157.25,0
2026-07-13T12:09:00+05:30,24157.05,24158.4,24153.25,24156.65,0
2026-07-13T12:10:00+05:30,24156.5,24159.45,24151.6,24156.1,0
2026-07-13T12:11:00+05:30,24155.45,24158.45,24151.7,24156.0,0
2026-07-13T12:12:00+05:30,24155.5,24156.9,24152.6,24155.25,0
2026-07-13T12:13:00+05:30,24155.15,24190.7,24155.15,24189.35,0
2026-07-13T12:14:00+05:30,24190.0,24195.6,24180.35,24182.0,0
2026-07-13T12:15:00+05:30,24181.7,24185.85,24172.4,24173.35,0
2026-07-13T12:16:00+05:30,24173.45,24176.05,24168.9,24170.4,0
2026-07-13T12:17:00+05:30,24170.35,24185.25,24169.95,24184.9,0
2026-07-13T12:18:00+05:30,24184.5,24189.25,24182.15,24188.9,0
2026-07-13T12:19:00+05:30,24188.95,24198.55,24187.75,24190.65,0
2026-07-13T12:20:00+05:30,24191.35,24192.6,24178.95,24188.45,0
2026-07-13T12:21:00+05:30,24187.2,24195.5,24184.15,24195.2,0
2026-07-13T12:22:00+05:30,24195.55,24197.5,24189.05,24192.85,0
2026-07-13T12:23:00+05:30,24192.75,24193.1,24184.75,24184.85,0
2026-07-13T12:24:00+05:30,24184.95,24185.5,24178.15,24183.95,0
2026-07-13T12:25:00+05:30,24183.9,24187.6,24176.05,24182.2,0
2026-07-13T12:26:00+05:30,24182.1,24187.75,24180.75,24185.95,0
2026-07-13T12:27:00+05:30,24185.5,24186.2,24181.3,24182.45,0
2026-07-13T12:28:00+05:30,24182.25,24184.25,24179.25,24180.7,0
2026-07-13T12:29:00+05:30,24180.35,24183.3,24175.4,24181.75,0
2026-07-13T12:30:00+05:30,24183.25,24187.7,24174.7,24176.3,0
2026-07-13T12:31:00+05:30,24176.0,24180.1,24172.65,24179.6,0
2026-07-13T12:32:00+05:30,24179.2,24188.55,24178.8,24187.25,0
2026-07-13T12:33:00+05:30,24186.95,24194.1,24186.85,24192.75,0
2026-07-13T12:34:00+05:30,24191.45,24202.75,24189.6,24200.75,0
2026-07-13T12:35:00+05:30,24201.6,24207.0,24196.8,24205.8,0
2026-07-13T12:36:00+05:30,24205.8,24207.85,24200.35,24202.9,0
2026-07-13T12:37:00+05:30,24202.45,24204.6,24193.95,24196.9,0
2026-07-13T12:38:00+05:30,24197.5,24210.05,24197.5,24207.15,0
2026-07-13T12:39:00+05:30,24206.6,24213.1,24204.9,24212.1,0
2026-07-13T12:40:00+05:30,24210.6,24213.35,24206.75,24209.6,0
2026-07-13T12:41:00+05:30,24209.75,24215.6,24207.35,24212.9,0
2026-07-13T12:42:00+05:30,24212.55,24216.65,24208.8,24210.65,0
2026-07-13T12:43:00+05:30,24209.95,24213.45,24203.25,24211.4,0
2026-07-13T12:44:00+05:30,24211.1,24215.25,24206.75,24214.75,0
2026-07-13T12:45:00+05:30,24214.15,24221.5,24212.05,24219.45,0
2026-07-13T12:46:00+05:30,24218.15,24219.85,24212.25,24213.5,0
2026-07-13T12:47:00+05:30,24216.3,24216.3,24209.6,24213.0,0
2026-07-13T12:48:00+05:30,24212.3,24213.85,24209.6,24209.6,0
2026-07-13T12:49:00+05:30,24209.75,24217.05,24209.75,24216.7,0
2026-07-13T12:50:00+05:30,24216.6,24220.15,24212.0,24217.55,0
2026-07-13T12:51:00+05:30,24217.6,24230.95,24216.2,24229.85,0
2026-07-13T12:52:00+05:30,24229.7,24259.8,24229.6,24253.7,0
2026-07-13T12:53:00+05:30,24253.7,24254.4,24236.45,24243.05,0
2026-07-13T12:54:00+05:30,24242.9,24247.05,24236.7,24238.55,0
2026-07-13T12:55:00+05:30,24238.75,24239.3,24227.1,24231.55,0
2026-07-13T12:56:00+05:30,24231.15,24234.85,24228.25,24232.55,0
2026-07-13T12:57:00+05:30,24231.7,24232.5,24223.9,24227.55,0
2026-07-13T12:58:00+05:30,24227.4,24232.05,24221.05,24221.9,0
2026-07-13T12:59:00+05:30,24221.55,24227.85,24216.6,24223.75,0
2026-07-13T13:00:00+05:30,24223.4,24223.5,24207.7,24211.15,0
2026-07-13T13:01:00+05:30,24211.45,24214.45,24206.3,24214.45,0
2026-07-13T13:02:00+05:30,24214.25,24217.65,24212.55,24216.3,0
2026-07-13T13:03:00+05:30,24216.2,24219.85,24211.3,24212.7,0
2026-07-13T13:04:00+05:30,24211.85,24214.15,24208.9,24211.2,0
2026-07-13T13:05:00+05:30,24210.2,24215.2,24208.5,24214.25,0
2026-07-13T13:06:00+05:30,24212.85,24217.9,24211.45,24215.55,0
2026-07-13T13:07:00+05:30,24215.8,24218.35,24212.95,24214.7,0
2026-07-13T13:08:00+05:30,24213.35,24216.0,24212.9,24215.05,0
2026-07-13T13:09:00+05:30,24214.6,24220.55,24214.5,24218.65,0
2026-07-13T13:10:00+05:30,24218.15,24225.2,24213.85,24223.45,0
2026-07-13T13:11:00+05:30,24223.1,24223.85,24217.9,24219.1,0
2026-07-13T13:12:00+05:30,24218.75,24221.8,24212.6,24217.35,0
2026-07-13T13:13:00+05:30,24216.5,24220.4,24213.6,24213.8,0
2026-07-13T13:14:00+05:30,24214.15,24224.5,24213.5,24222.0,0
2026-07-13T13:15:00+05:30,24222.4,24222.65,24209.35,24212.8,0
2026-07-13T13:16:00+05:30,24211.05,24215.45,24209.0,24212.95,0
2026-07-13T13:17:00+05:30,24213.0,24214.8,24210.15,24213.25,0
2026-07-13T13:18:00+05:30,24213.05,24215.1,24210.05,24212.9,0
2026-07-13T13:19:00+05:30,24211.7,24216.55,24209.55,24215.5,0
2026-07-13T13:20:00+05:30,24215.45,24215.9,24209.3,24211.85,0
2026-07-13T13:21:00+05:30,24210.5,24211.3,24198.3,24201.2,0
2026-07-13T13:22:00+05:30,24200.85,24211.3,24199.35,24208.35,0
2026-07-13T13:23:00+05:30,24208.6,24210.4,24195.65,24201.45,0
2026-07-13T13:24:00+05:30,24201.8,24203.55,24196.45,24201.8,0
2026-07-13T13:25:00+05:30,24201.15,24203.55,24197.2,24199.2,0
2026-07-13T13:26:00+05:30,24199.0,24199.5,24189.4,24189.9,0
2026-07-13T13:27:00+05:30,24189.45,24190.9,24183.75,24184.7,0
2026-07-13T13:28:00+05:30,24183.95,24185.1,24170.7,24172.25,0
2026-07-13T13:29:00+05:30,24172.5,24173.6,24161.8,24171.4,0
2026-07-13T13:30:00+05:30,24169.75,24180.7,24169.3,24180.05,0
2026-07-13T13:31:00+05:30,24178.55,24187.6,24177.55,24187.3,0
2026-07-13T13:32:00+05:30,24187.65,24192.9,24187.65,24192.4,0
2026-07-13T13:33:00+05:30,24191.4,24192.35,24183.35,24184.2,0
2026-07-13T13:34:00+05:30,24183.7,24188.5,24182.85,24185.05,0
2026-07-13T13:35:00+05:30,24184.35,24203.8,24180.95,24190.55,0
2026-07-13T13:36:00+05:30,24190.25,24198.75,24188.95,24192.75,0
2026-07-13T13:37:00+05:30,24192.45,24192.45,24185.0,24190.45,0
2026-07-13T13:38:00+05:30,24190.0,24195.0,24189.55,24193.1,0
2026-07-13T13:39:00+05:30,24192.9,24199.8,24191.45,24199.25,0
2026-07-13T13:40:00+05:30,24198.25,24201.0,24196.55,24199.05,0
2026-07-13T13:41:00+05:30,24198.9,24201.0,24195.65,24198.5,0
2026-07-13T13:42:00+05:30,24198.5,24201.5,24197.2,24200.35,0
2026-07-13T13:43:00+05:30,24200.3,24200.75,24185.2,24187.2,0
2026-07-13T13:44:00+05:30,24187.35,24192.35,24185.8,24191.0,0
2026-07-13T13:45:00+05:30,24190.4,24194.9,24189.6,24192.4,0
2026-07-13T13:46:00+05:30,24192.3,24196.1,24190.95,24194.55,0
2026-07-13T13:47:00+05:30,24193.85,24194.8,24190.8,24193.4,0
2026-07-13T13:48:00+05:30,24193.0,24199.5,24192.0,24198.45,0
2026-07-13T13:49:00+05:30,24198.4,24200.95,24196.6,24200.6,0
2026-07-13T13:50:00+05:30,24199.75,24200.2,24195.15,24196.8,0
2026-07-13T13:51:00+05:30,24196.45,24198.65,24191.9,24195.25,0
2026-07-13T13:52:00+05:30,24195.0,24195.9,24187.4,24189.85,0
2026-07-13T13:53:00+05:30,24189.0,24194.15,24188.45,24191.4,0
2026-07-13T13:54:00+05:30,24190.75,24192.7,24188.75,24192.0,0
2026-07-13T13:55:00+05:30,24191.55,24193.1,24186.05,24192.65,0
2026-07-13T13:56:00+05:30,24192.4,24192.55,24186.55,24188.75,0
2026-07-13T13:57:00+05:30,24187.9,24196.05,24186.2,24195.4,0
2026-07-13T13:58:00+05:30,24195.1,24197.25,24193.4,24196.65,0
2026-07-13T13:59:00+05:30,24196.45,24200.05,24195.35,24197.35,0
2026-07-13T14:00:00+05:30,24196.9,24201.55,24194.45,24196.15,0
2026-07-13T14:01:00+05:30,24197.3,24200.95,24190.2,24198.9,0
2026-07-13T14:02:00+05:30,24198.35,24204.25,24196.85,24199.8,0
2026-07-13T14:03:00+05:30,24199.4,24200.0,24195.15,24198.65,0
2026-07-13T14:04:00+05:30,24198.4,24200.9,24194.05,24200.85,0
2026-07-13T14:05:00+05:30,24201.05,24204.5,24199.85,24203.85,0
2026-07-13T14:06:00+05:30,24203.7,24206.1,24200.95,24205.55,0
2026-07-13T14:07:00+05:30,24205.3,24209.05,24204.3,24207.15,0
2026-07-13T14:08:00+05:30,24207.0,24209.9,24195.85,24197.3,0
2026-07-13T14:09:00+05:30,24196.9,24206.75,24194.35,24203.2,0
2026-07-13T14:10:00+05:30,24203.45,24211.4,24201.25,24210.2,0
2026-07-13T14:11:00+05:30,24209.7,24212.3,24203.4,24204.9,0
2026-07-13T14:12:00+05:30,24204.2,24208.7,24202.75,24207.8,0
2026-07-13T14:13:00+05:30,24207.6,24215.0,24206.95,24213.7,0
2026-07-13T14:14:00+05:30,24213.45,24216.6,24208.45,24215.35,0
2026-07-13T14:15:00+05:30,24214.95,24221.95,24212.45,24218.35,0
2026-07-13T14:16:00+05:30,24218.05,24220.55,24211.05,24211.05,0
2026-07-13T14:17:00+05:30,24211.85,24219.05,24210.3,24213.95,0
2026-07-13T14:18:00+05:30,24213.3,24221.35,24209.75,24220.7,0
2026-07-13T14:19:00+05:30,24220.45,24224.65,24218.35,24223.25,0
2026-07-13T14:20:00+05:30,24223.25,24229.5,24220.55,24222.6,0
2026-07-13T14:21:00+05:30,24221.75,24238.25,24221.25,24235.45,0
2026-07-13T14:22:00+05:30,24234.6,24236.75,24227.85,24230.95,0
2026-07-13T14:23:00+05:30,24230.95,24232.35,24225.4,24232.25,0
2026-07-13T14:24:00+05:30,24231.55,24232.4,24225.1,24229.3,0
2026-07-13T14:25:00+05:30,24228.85,24229.4,24223.55,24224.9,0
2026-07-13T14:26:00+05:30,24224.4,24230.65,24222.55,24230.3,0
2026-07-13T14:27:00+05:30,24229.95,24231.5,24227.6,24229.5,0
2026-07-13T14:28:00+05:30,24229.5,24229.6,24221.35,24228.95,0
2026-07-13T14:29:00+05:30,24228.4,24229.9,24220.55,24229.4,0
2026-07-13T14:30:00+05:30,24228.65,24229.35,24222.85,24224.9,0
2026-07-13T14:31:00+05:30,24224.75,24233.35,24224.05,24232.6,0
2026-07-13T14:32:00+05:30,24232.45,24232.7,24225.35,24225.95,0
2026-07-13T14:33:00+05:30,24226.1,24235.0,24225.9,24232.8,0
2026-07-13T14:34:00+05:30,24232.75,24234.5,24226.35,24233.7,0
2026-07-13T14:35:00+05:30,24233.35,24233.55,24225.35,24227.45,0
2026-07-13T14:36:00+05:30,24227.8,24229.8,24221.65,24223.0,0
2026-07-13T14:37:00+05:30,24222.6,24225.45,24214.05,24219.95,0
2026-07-13T14:38:00+05:30,24218.9,24225.7,24217.55,24220.0,0
2026-07-13T14:39:00+05:30,24220.45,24222.2,24215.4,24217.8,0
2026-07-13T14:40:00+05:30,24217.0,24221.45,24214.3,24220.8,0
2026-07-13T14:41:00+05:30,24221.25,24226.6,24219.35,24224.15,0
2026-07-13T14:42:00+05:30,24224.2,24226.95,24220.05,24223.5,0
2026-07-13T14:43:00+05:30,24223.45,24231.35,24218.85,24225.65,0
2026-07-13T14:44:00+05:30,24225.7,24229.35,24222.9,24227.95,0
2026-07-13T14:45:00+05:30,24227.3,24230.7,24226.95,24228.8,0
2026-07-13T14:46:00+05:30,24229.3,24236.05,24228.8,24231.7,0
2026-07-13T14:47:00+05:30,24231.7,24238.7,24229.9,24237.2,0
2026-07-13T14:48:00+05:30,24237.5,24239.1,24234.7,24237.4,0
2026-07-13T14:49:00+05:30,24236.85,24237.85,24233.25,24237.3,0
2026-07-13T14:50:00+05:30,24237.25,24243.35,24236.0,24241.15,0
2026-07-13T14:51:00+05:30,24241.35,24242.75,24238.3,24241.25,0
2026-07-13T14:52:00+05:30,24240.95,24243.65,24239.15,24242.95,0
2026-07-13T14:53:00+05:30,24242.95,24247.95,24241.15,24247.65,0
2026-07-13T14:54:00+05:30,24247.6,24250.85,24245.9,24250.35,0
2026-07-13T14:55:00+05:30,24250.65,24250.65,24229.25,24238.2,0
2026-07-13T14:56:00+05:30,24238.9,24245.1,24237.45,24244.35,0
2026-07-13T14:57:00+05:30,24244.3,24247.8,24239.3,24247.0,0
2026-07-13T14:58:00+05:30,24247.1,24247.1,24231.05,24233.3,0
2026-07-13T14:59:00+05:30,24229.7,24235.8,24227.75,24229.7,0
2026-07-13T15:00:00+05:30,24227.15,24233.5,24218.65,24220.4,0
2026-07-13T15:01:00+05:30,24220.55,24230.0,24216.45,24229.6,0
2026-07-13T15:02:00+05:30,24230.05,24233.55,24228.1,24229.15,0
2026-07-13T15:03:00+05:30,24228.3,24228.7,24219.45,24220.75,0
2026-07-13T15:04:00+05:30,24221.15,24227.75,24215.3,24227.4,0
2026-07-13T15:05:00+05:30,24226.5,24229.2,24221.95,24223.05,0
2026-07-13T15:06:00+05:30,24222.35,24223.25,24219.75,24221.25,0
2026-07-13T15:07:00+05:30,24222.0,24222.0,24217.85,24219.95,0
2026-07-13T15:08:00+05:30,24219.3,24219.95,24213.85,24215.8,0
2026-07-13T15:09:00+05:30,24214.7,24216.9,24213.05,24214.85,0
2026-07-13T15:10:00+05:30,24214.9,24215.85,24211.3,24215.35,0
2026-07-13T15:11:00+05:30,24214.25,24214.6,24208.5,24210.85,0
2026-07-13T15:12:00+05:30,24210.35,24211.35,24202.8,24203.05,0
2026-07-13T15:13:00+05:30,24202.85,24207.15,24201.35,24206.25,0
2026-07-13T15:14:00+05:30,24206.65,24207.6,24204.45,24205.7,0
2026-07-13T15:15:00+05:30,24204.8,24206.5,24201.65,24203.7,0
2026-07-13T15:16:00+05:30,24204.35,24207.05,24201.1,24206.55,0
2026-07-13T15:17:00+05:30,24206.35,24208.1,24202.2,24202.2,0
2026-07-13T15:18:00+05:30,24202.5,24202.75,24198.15,24198.75,0
2026-07-13T15:19:00+05:30,24198.95,24199.8,24195.2,24195.75,0
2026-07-13T15:20:00+05:30,24196.1,24197.0,24191.9,24195.35,0
2026-07-13T15:21:00+05:30,24195.2,24202.75,24194.0,24201.35,0
2026-07-13T15:22:00+05:30,24200.6,24202.95,24198.6,24201.2,0
2026-07-13T15:23:00+05:30,24201.95,24203.25,24199.2,24200.55,0
2026-07-13T15:24:00+05:30,24200.65,24204.0,24199.3,24202.4,0
2026-07-13T15:25:00+05:30,24203.15,24209.2,24202.35,24207.25,0
2026-07-13T15:26:00+05:30,24208.45,24208.45,24202.95,24203.85,0
2026-07-13T15:27:00+05:30,24204.05,24205.2,24201.0,24201.9,0
2026-07-13T15:28:00+05:30,24200.9,24206.9,24198.95,24205.1,0
2026-07-13T15:29:00+05:30,24203.65,24211.15,24202.6,24211.15,0
2026-07-14T09:15:00+05:30,24068.0,24094.0,24050.55,24065.1,0
2026-07-14T09:16:00+05:30,24069.3,24094.6,24062.7,24089.95,0
2026-07-14T09:17:00+05:30,24092.4,24117.95,24084.35,24116.45,0
2026-07-14T09:18:00+05:30,24118.65,24118.8,24106.9,24110.1,0
2026-07-14T09:19:00+05:30,24110.2,24114.1,24103.0,24109.75,0
2026-07-14T09:20:00+05:30,24109.55,24121.9,24104.6,24121.4,0
2026-07-14T09:21:00+05:30,24122.9,24139.7,24120.75,24128.05,0
2026-07-14T09:22:00+05:30,24130.65,24142.75,24124.6,24138.95,0
2026-07-14T09:23:00+05:30,24139.65,24143.8,24131.95,24141.95,0
2026-07-14T09:24:00+05:30,24143.75,24151.55,24138.0,24144.75,0
2026-07-14T09:25:00+05:30,24145.8,24152.45,24139.3,24151.2,0
2026-07-14T09:26:00+05:30,24151.35,24157.1,24136.55,24150.25,0
2026-07-14T09:27:00+05:30,24151.75,24153.4,24141.2,24147.75,0
2026-07-14T09:28:00+05:30,24148.8,24149.25,24138.75,24143.7,0
2026-07-14T09:29:00+05:30,24144.25,24147.5,24137.9,24140.9,0
2026-07-14T09:30:00+05:30,24140.6,24142.55,24129.25,24130.65,0
2026-07-14T09:31:00+05:30,24133.1,24140.0,24123.15,24123.45,0
2026-07-14T09:32:00+05:30,24124.8,24146.05,24121.0,24145.75,0
2026-07-14T09:33:00+05:30,24146.0,24147.35,24135.45,24138.05,0
2026-07-14T09:34:00+05:30,24139.75,24142.65,24132.75,24134.4,0
2026-07-14T09:35:00+05:30,24135.6,24135.65,24119.4,24121.75,0
2026-07-14T09:36:00+05:30,24121.95,24123.3,24114.25,24114.6,0
2026-07-14T09:37:00+05:30,24114.7,24119.95,24105.2,24105.2,0
2026-07-14T09:38:00+05:30,24106.75,24112.8,24095.35,24095.35,0
2026-07-14T09:39:00+05:30,24098.4,24106.3,24096.2,24104.9,0
2026-07-14T09:40:00+05:30,24106.25,24106.25,24090.05,24091.4,0
2026-07-14T09:41:00+05:30,24092.3,24092.75,24079.7,24087.65,0
2026-07-14T09:42:00+05:30,24088.1,24088.1,24080.6,24084.0,0
2026-07-14T09:43:00+05:30,24085.45,24090.3,24080.1,24089.75,0
2026-07-14T09:44:00+05:30,24091.65,24102.65,24091.4,24100.2,0
2026-07-14T09:45:00+05:30,24101.85,24101.85,24078.55,24078.95,0
2026-07-14T09:46:00+05:30,24081.35,24081.35,24073.35,24075.15,0
2026-07-14T09:47:00+05:30,24076.95,24080.0,24073.7,24077.55,0
2026-07-14T09:48:00+05:30,24078.2,24078.2,24062.45,24067.25,0
2026-07-14T09:49:00+05:30,24068.85,24082.25,24065.95,24079.1,0
2026-07-14T09:50:00+05:30,24081.15,24081.15,24072.3,24078.9,0
2026-07-14T09:51:00+05:30,24081.65,24081.65,24072.2,24073.45,0
2026-07-14T09:52:00+05:30,24075.0,24077.9,24068.75,24074.4,0
2026-07-14T09:53:00+05:30,24076.5,24079.0,24067.95,24069.05,0
2026-07-14T09:54:00+05:30,24069.85,24070.85,24064.7,24064.7,0
2026-07-14T09:55:00+05:30,24067.4,24074.35,24065.25,24071.45,0
2026-07-14T09:56:00+05:30,24073.15,24079.85,24071.4,24073.35,0
2026-07-14T09:57:00+05:30,24075.05,24075.05,24062.5,24066.25,0
2026-07-14T09:58:00+05:30,24068.55,24078.6,24067.0,24074.45,0
2026-07-14T09:59:00+05:30,24076.0,24082.3,24071.1,24077.55,0
2026-07-14T10:00:00+05:30,24079.6,24079.6,24068.45,24073.85,0
2026-07-14T10:01:00+05:30,24074.3,24089.0,24073.45,24085.8,0
2026-07-14T10:02:00+05:30,24085.05,24085.6,24075.35,24075.45,0
2026-07-14T10:03:00+05:30,24076.6,24084.95,24075.95,24077.5,0
2026-07-14T10:04:00+05:30,24079.05,24088.8,24072.55,24086.8,0
2026-07-14T10:05:00+05:30,24088.25,24091.45,24082.55,24083.6,0
2026-07-14T10:06:00+05:30,24085.15,24091.35,24082.05,24086.4,0
2026-07-14T10:07:00+05:30,24087.6,24090.0,24074.45,24078.0,0
2026-07-14T10:08:00+05:30,24081.15,24094.15,24079.15,24092.25,0
2026-07-14T10:09:00+05:30,24093.7,24096.75,24086.7,24094.5,0
2026-07-14T10:10:00+05:30,24096.15,24097.3,24091.05,24095.35,0
2026-07-14T10:11:00+05:30,24096.2,24097.1,24090.35,24095.7,0
2026-07-14T10:12:00+05:30,24096.55,24096.55,24089.05,24094.75,0
2026-07-14T10:13:00+05:30,24095.95,24096.8,24085.95,24085.95,0
2026-07-14T10:14:00+05:30,24087.1,24088.45,24082.4,24085.15,0
2026-07-14T10:15:00+05:30,24086.65,24086.65,24079.35,24080.65,0
2026-07-14T10:16:00+05:30,24082.5,24085.7,24077.35,24083.15,0
2026-07-14T10:17:00+05:30,24084.35,24084.35,24067.75,24069.65,0
2026-07-14T10:18:00+05:30,24070.6,24073.55,24053.7,24053.7,0
2026-07-14T10:19:00+05:30,24054.6,24054.6,24038.1,24047.7,0
2026-07-14T10:20:00+05:30,24049.25,24066.85,24048.4,24066.85,0
2026-07-14T10:21:00+05:30,24067.25,24075.2,24066.5,24066.5,0
2026-07-14T10:22:00+05:30,24068.1,24068.15,24058.55,24067.15,0
2026-07-14T10:23:00+05:30,24069.15,24071.3,24061.3,24071.0,0
2026-07-14T10:24:00+05:30,24072.25,24072.25,24061.8,24063.45,0
2026-07-14T10:25:00+05:30,24065.15,24072.5,24063.45,24070.7,0
2026-07-14T10:26:00+05:30,24071.7,24072.8,24065.25,24065.45,0
2026-07-14T10:27:00+05:30,24066.3,24073.5,24065.75,24071.3,0
2026-07-14T10:28:00+05:30,24072.0,24079.6,24068.3,24076.6,0
2026-07-14T10:29:00+05:30,24079.8,24089.0,24075.6,24086.55,0
2026-07-14T10:30:00+05:30,24087.55,24090.45,24082.65,24087.7,0
2026-07-14T10:31:00+05:30,24090.5,24095.5,24083.45,24095.25,0
2026-07-14T10:32:00+05:30,24097.05,24102.7,24094.7,24100.0,0
2026-07-14T10:33:00+05:30,24102.05,24109.95,24101.0,24108.1,0
2026-07-14T10:34:00+05:30,24109.55,24109.55,24098.2,24101.05,0
2026-07-14T10:35:00+05:30,24102.45,24102.65,24095.6,24099.7,0
2026-07-14T10:36:00+05:30,24100.85,24100.85,24088.15,24089.25,0
2026-07-14T10:37:00+05:30,24090.2,24091.9,24082.95,24083.45,0
2026-07-14T10:38:00+05:30,24085.05,24088.65,24081.1,24085.2,0
2026-07-14T10:39:00+05:30,24087.55,24095.7,24086.45,24094.3,0
2026-07-14T10:40:00+05:30,24094.9,24094.95,24077.35,24079.4,0
2026-07-14T10:41:00+05:30,24080.9,24084.2,24078.15,24083.85,0
2026-07-14T10:42:00+05:30,24085.1,24091.3,24083.5,24089.9,0
2026-07-14T10:43:00+05:30,24090.65,24096.0,24086.55,24094.1,0
2026-07-14T10:44:00+05:30,24095.6,24103.05,24091.2,24100.5,0
2026-07-14T10:45:00+05:30,24102.05,24108.4,24098.0,24108.05,0
2026-07-14T10:46:00+05:30,24109.15,24109.15,24094.8,24103.9,0
2026-07-14T10:47:00+05:30,24105.85,24106.15,24091.75,24092.3,0
2026-07-14T10:48:00+05:30,24093.7,24108.1,24092.3,24102.85,0
2026-07-14T10:49:00+05:30,24103.95,24119.8,24099.15,24119.8,0
2026-07-14T10:50:00+05:30,24120.1,24120.95,24108.1,24110.65,0
2026-07-14T10:51:00+05:30,24111.8,24117.6,24107.8,24116.95,0
2026-07-14T10:52:00+05:30,24118.65,24121.3,24115.5,24116.7,0
2026-07-14T10:53:00+05:30,24118.3,24119.5,24112.25,24112.9,0
2026-07-14T10:54:00+05:30,24114.8,24115.55,24110.6,24114.05,0
2026-07-14T10:55:00+05:30,24115.35,24121.2,24112.5,24121.2,0
2026-07-14T10:56:00+05:30,24122.1,24126.75,24120.4,24126.6,0
2026-07-14T10:57:00+05:30,24128.2,24131.35,24123.55,24124.7,0
2026-07-14T10:58:00+05:30,24126.75,24128.85,24116.55,24117.3,0
2026-07-14T10:59:00+05:30,24119.35,24128.15,24118.8,24121.3,0
2026-07-14T11:00:00+05:30,24122.4,24130.05,24122.1,24127.05,0
2026-07-14T11:01:00+05:30,24129.1,24133.75,24124.4,24124.85,0
2026-07-14T11:02:00+05:30,24125.7,24131.75,24124.7,24130.35,0
2026-07-14T11:03:00+05:30,24131.9,24134.5,24129.4,24131.85,0
2026-07-14T11:04:00+05:30,24132.45,24134.65,24122.35,24123.5,0
2026-07-14T11:05:00+05:30,24124.4,24134.5,24123.5,24129.9,0
2026-07-14T11:06:00+05:30,24130.65,24131.2,24123.3,24125.95,0
2026-07-14T11:07:00+05:30,24128.0,24128.85,24119.15,24128.0,0
2026-07-14T11:08:00+05:30,24128.8,24129.6,24121.25,24126.1,0
2026-07-14T11:09:00+05:30,24127.25,24130.0,24121.0,24128.45,0
2026-07-14T11:10:00+05:30,24130.7,24131.4,24122.05,24127.3,0
2026-07-14T11:11:00+05:30,24127.65,24133.6,24124.3,24132.05,0
2026-07-14T11:12:00+05:30,24133.65,24137.85,24128.95,24134.15,0
2026-07-14T11:13:00+05:30,24136.6,24144.05,24132.45,24143.6,0
2026-07-14T11:14:00+05:30,24145.1,24146.35,24137.8,24139.2,0
2026-07-14T11:15:00+05:30,24141.2,24144.0,24132.85,24134.15,0
2026-07-14T11:16:00+05:30,24135.1,24138.3,24129.4,24130.3,0
2026-07-14T11:17:00+05:30,24131.0,24134.6,24127.6,24128.85,0
2026-07-14T11:18:00+05:30,24129.9,24132.1,24125.35,24131.05,0
2026-07-14T11:19:00+05:30,24133.15,24139.0,24129.45,24133.1,0
2026-07-14T11:20:00+05:30,24134.75,24134.75,24120.3,24121.45,0
2026-07-14T11:21:00+05:30,24123.1,24131.95,24122.1,24129.05,0
2026-07-14T11:22:00+05:30,24131.1,24136.5,24129.55,24132.2,0
2026-07-14T11:23:00+05:30,24133.8,24137.65,24130.85,24137.1,0
2026-07-14T11:24:00+05:30,24138.25,24141.6,24128.4,24138.8,0
2026-07-14T11:25:00+05:30,24140.65,24140.65,24130.7,24133.85,0
2026-07-14T11:26:00+05:30,24134.45,24136.35,24130.3,24132.6,0
2026-07-14T11:27:00+05:30,24135.55,24139.0,24131.15,24131.15,0
2026-07-14T11:28:00+05:30,24134.65,24141.35,24132.65,24137.8,0
2026-07-14T11:29:00+05:30,24138.45,24145.4,24133.25,24141.15,0
2026-07-14T11:30:00+05:30,24142.2,24142.2,24134.6,24137.1,0
2026-07-14T11:31:00+05:30,24139.5,24139.9,24133.4,24136.45,0
2026-07-14T11:32:00+05:30,24137.1,24140.0,24129.75,24130.4,0
2026-07-14T11:33:00+05:30,24131.75,24135.7,24128.75,24134.8,0
2026-07-14T11:34:00+05:30,24136.1,24137.25,24127.75,24128.85,0
2026-07-14T11:35:00+05:30,24130.5,24132.75,24128.65,24131.2,0
2026-07-14T11:36:00+05:30,24132.25,24135.25,24120.7,24121.6,0
2026-07-14T11:37:00+05:30,24123.5,24127.6,24110.85,24112.05,0
2026-07-14T11:38:00+05:30,24114.5,24120.4,24109.05,24109.1,0
2026-07-14T11:39:00+05:30,24111.55,24117.15,24108.8,24117.0,0
2026-07-14T11:40:00+05:30,24118.35,24119.85,24109.65,24115.05,0
2026-07-14T11:41:00+05:30,24117.2,24117.2,24103.7,24106.15,0
2026-07-14T11:42:00+05:30,24108.15,24112.15,24103.25,24104.3,0
2026-07-14T11:43:00+05:30,24105.75,24107.75,24096.05,24107.35,0
2026-07-14T11:44:00+05:30,24109.55,24111.15,24102.7,24105.0,0
2026-07-14T11:45:00+05:30,24106.15,24108.45,24101.95,24106.7,0
2026-07-14T11:46:00+05:30,24109.0,24111.5,24102.75,24108.6,0
2026-07-14T11:47:00+05:30,24110.25,24115.45,24103.9,24111.45,0
2026-07-14T11:48:00+05:30,24113.2,24113.5,24107.55,24113.25,0
2026-07-14T11:49:00+05:30,24114.05,24114.85,24107.7,24108.5,0
2026-07-14T11:50:00+05:30,24109.8,24116.85,24107.05,24115.85,0
2026-07-14T11:51:00+05:30,24117.05,24125.9,24115.8,24124.2,0
2026-07-14T11:52:00+05:30,24125.65,24126.95,24117.45,24123.85,0
2026-07-14T11:53:00+05:30,24124.9,24124.9,24114.35,24115.55,0
2026-07-14T11:54:00+05:30,24116.3,24117.5,24108.5,24109.65,0
2026-07-14T11:55:00+05:30,24111.0,24111.0,24103.25,24104.6,0
2026-07-14T11:56:00+05:30,24106.1,24106.8,24096.35,24096.85,0
2026-07-14T11:57:00+05:30,24098.7,24102.0,24095.85,24096.45,0
2026-07-14T11:58:00+05:30,24097.4,24100.0,24092.55,24099.45,0
2026-07-14T11:59:00+05:30,24101.35,24106.0,24097.75,24102.2,0
2026-07-14T12:00:00+05:30,24103.0,24107.0,24098.95,24106.65,0
2026-07-14T12:01:00+05:30,24108.2,24112.0,24106.15,24107.55,0
2026-07-14T12:02:00+05:30,24109.0,24116.25,24106.05,24114.35,0
2026-07-14T12:03:00+05:30,24115.5,24115.8,24108.1,24108.9,0
2026-07-14T12:04:00+05:30,24110.75,24112.65,24104.15,24107.15,0
2026-07-14T12:05:00+05:30,24109.25,24109.25,24101.55,24103.0,0
2026-07-14T12:06:00+05:30,24104.9,24108.8,24097.65,24097.85,0
2026-07-14T12:07:00+05:30,24100.55,24101.15,24085.45,24089.3,0
2026-07-14T12:08:00+05:30,24090.7,24095.0,24088.15,24091.55,0
2026-07-14T12:09:00+05:30,24092.15,24099.85,24091.35,24096.15,0
2026-07-14T12:10:00+05:30,24097.0,24097.1,24088.65,24089.1,0
2026-07-14T12:11:00+05:30,24092.1,24099.1,24088.9,24097.65,0
2026-07-14T12:12:00+05:30,24098.35,24101.6,24093.8,24094.55,0
2026-07-14T12:13:00+05:30,24095.95,24095.95,24087.65,24092.6,0
2026-07-14T12:14:00+05:30,24094.55,24099.65,24091.35,24091.9,0
2026-07-14T12:15:00+05:30,24093.35,24093.35,24072.0,24074.35,0
2026-07-14T12:16:00+05:30,24075.65,24082.05,24073.9,24079.55,0
2026-07-14T12:17:00+05:30,24081.3,24081.3,24074.95,24077.75,0
2026-07-14T12:18:00+05:30,24079.4,24081.5,24073.3,24079.95,0
2026-07-14T12:19:00+05:30,24081.3,24087.8,24079.45,24086.3,0
2026-07-14T12:20:00+05:30,24087.8,24087.8,24076.25,24077.0,0
2026-07-14T12:21:00+05:30,24078.35,24080.8,24073.45,24080.55,0
2026-07-14T12:22:00+05:30,24082.25,24087.45,24080.05,24080.05,0
2026-07-14T12:23:00+05:30,24081.5,24085.65,24075.85,24082.15,0
2026-07-14T12:24:00+05:30,24083.0,24084.7,24078.6,24080.7,0
2026-07-14T12:25:00+05:30,24081.75,24081.95,24077.25,24080.55,0
2026-07-14T12:26:00+05:30,24081.2,24081.2,24073.4,24073.85,0
2026-07-14T12:27:00+05:30,24075.25,24076.45,24064.85,24069.55,0
2026-07-14T12:28:00+05:30,24071.4,24071.4,24062.45,24063.8,0
2026-07-14T12:29:00+05:30,24065.15,24065.15,24054.85,24059.6,0
2026-07-14T12:30:00+05:30,24061.75,24069.05,24057.5,24065.05,0
2026-07-14T12:31:00+05:30,24067.4,24069.4,24061.1,24066.0,0
2026-07-14T12:32:00+05:30,24067.7,24067.7,24059.85,24063.25,0
2026-07-14T12:33:00+05:30,24063.75,24066.25,24059.7,24064.7,0
2026-07-14T12:34:00+05:30,24066.5,24070.5,24061.95,24066.5,0
2026-07-14T12:35:00+05:30,24069.3,24076.6,24065.2,24071.05,0
2026-07-14T12:36:00+05:30,24073.8,24079.25,24069.4,24070.95,0
2026-07-14T12:37:00+05:30,24072.9,24072.9,24064.3,24065.55,0
2026-07-14T12:38:00+05:30,24066.8,24070.35,24064.85,24068.9,0
2026-07-14T12:39:00+05:30,24070.35,24074.35,24067.4,24071.9,0
2026-07-14T12:40:00+05:30,24073.3,24074.75,24068.65,24074.55,0
2026-07-14T12:41:00+05:30,24075.05,24079.65,24070.55,24076.15,0
2026-07-14T12:42:00+05:30,24076.6,24083.25,24076.15,24077.3,0
2026-07-14T12:43:00+05:30,24077.25,24080.0,24071.4,24074.5,0
2026-07-14T12:44:00+05:30,24075.7,24079.95,24072.15,24079.15,0
2026-07-14T12:45:00+05:30,24080.1,24080.1,24072.8,24074.25,0
2026-07-14T12:46:00+05:30,24074.95,24081.3,24073.8,24081.15,0
2026-07-14T12:47:00+05:30,24081.7,24081.7,24070.2,24080.2,0
2026-07-14T12:48:00+05:30,24081.15,24087.95,24078.05,24081.95,0
2026-07-14T12:49:00+05:30,24083.7,24083.8,24074.2,24082.6,0
2026-07-14T12:50:00+05:30,24083.6,24084.25,24076.65,24084.15,0
2026-07-14T12:51:00+05:30,24084.95,24088.65,24076.9,24076.9,0
2026-07-14T12:52:00+05:30,24081.8,24084.3,24077.95,24083.05,0
2026-07-14T12:53:00+05:30,24079.2,24086.05,24079.2,24083.25,0
2026-07-14T12:54:00+05:30,24084.0,24084.7,24081.05,24082.45,0
2026-07-14T12:55:00+05:30,24083.75,24085.0,24079.5,24083.65,0
2026-07-14T12:56:00+05:30,24084.45,24097.0,24083.2,24093.95,0
2026-07-14T12:57:00+05:30,24095.9,24095.9,24084.6,24086.0,0
2026-07-14T12:58:00+05:30,24087.95,24090.15,24080.25,24081.7,0
2026-07-14T12:59:00+05:30,24086.05,24088.4,24077.7,24078.0,0
2026-07-14T13:00:00+05:30,24080.2,24080.55,24064.15,24065.05,0
2026-07-14T13:01:00+05:30,24066.6,24074.05,24063.65,24070.25,0
2026-07-14T13:02:00+05:30,24071.35,24077.05,24068.9,24073.95,0
2026-07-14T13:03:00+05:30,24075.3,24075.3,24066.8,24073.2,0
2026-07-14T13:04:00+05:30,24074.1,24088.15,24071.65,24083.8,0
2026-07-14T13:05:00+05:30,24086.0,24087.45,24083.4,24087.45,0
2026-07-14T13:06:00+05:30,24087.8,24091.55,24084.9,24090.65,0
2026-07-14T13:07:00+05:30,24091.25,24092.75,24081.75,24084.2,0
2026-07-14T13:08:00+05:30,24086.55,24090.7,24084.2,24087.4,0
2026-07-14T13:09:00+05:30,24089.0,24091.05,24085.7,24087.4,0
2026-07-14T13:10:00+05:30,24089.9,24090.55,24082.15,24082.7,0
2026-07-14T13:11:00+05:30,24084.6,24089.35,24080.35,24087.1,0
2026-07-14T13:12:00+05:30,24088.05,24088.05,24078.4,24083.5,0
2026-07-14T13:13:00+05:30,24085.4,24087.15,24079.85,24080.6,0
2026-07-14T13:14:00+05:30,24082.2,24084.25,24076.25,24081.45,0
2026-07-14T13:15:00+05:30,24082.95,24082.95,24070.4,24070.85,0
2026-07-14T13:16:00+05:30,24072.85,24079.15,24070.65,24077.9,0
2026-07-14T13:17:00+05:30,24075.5,24086.05,24074.05,24084.95,0
2026-07-14T13:18:00+05:30,24086.0,24088.85,24077.65,24082.3,0
2026-07-14T13:19:00+05:30,24085.25,24089.25,24079.45,24086.4,0
2026-07-14T13:20:00+05:30,24087.6,24097.1,24086.3,24095.75,0
2026-07-14T13:21:00+05:30,24096.6,24096.6,24089.35,24094.6,0
2026-07-14T13:22:00+05:30,24096.35,24097.35,24090.7,24094.9,0
2026-07-14T13:23:00+05:30,24095.95,24095.95,24088.5,24092.05,0
2026-07-14T13:24:00+05:30,24094.25,24094.25,24087.65,24089.3,0
2026-07-14T13:25:00+05:30,24090.05,24090.25,24081.7,24084.65,0
2026-07-14T13:26:00+05:30,24086.35,24086.55,24080.15,24080.8,0
2026-07-14T13:27:00+05:30,24082.45,24085.15,24070.5,24077.05,0
2026-07-14T13:28:00+05:30,24076.45,24088.45,24076.2,24087.45,0
2026-07-14T13:29:00+05:30,24089.0,24096.25,24085.4,24093.3,0
2026-07-14T13:30:00+05:30,24093.3,24093.95,24081.55,24082.45,0
2026-07-14T13:31:00+05:30,24086.95,24088.45,24080.4,24081.05,0
2026-07-14T13:32:00+05:30,24083.75,24086.4,24077.3,24084.5,0
2026-07-14T13:33:00+05:30,24086.35,24086.35,24068.85,24070.8,0
2026-07-14T13:34:00+05:30,24073.35,24077.4,24070.8,24075.2,0
2026-07-14T13:35:00+05:30,24076.6,24076.95,24067.0,24071.0,0
2026-07-14T13:36:00+05:30,24072.55,24075.4,24068.3,24069.1,0
2026-07-14T13:37:00+05:30,24071.4,24072.35,24057.15,24057.15,0
2026-07-14T13:38:00+05:30,24059.1,24059.1,24038.6,24039.6,0
2026-07-14T13:39:00+05:30,24042.35,24049.45,24038.55,24047.65,0
2026-07-14T13:40:00+05:30,24049.35,24053.5,24042.4,24051.65,0
2026-07-14T13:41:00+05:30,24053.5,24055.45,24046.85,24051.7,0
2026-07-14T13:42:00+05:30,24052.75,24053.15,24044.65,24052.05,0
2026-07-14T13:43:00+05:30,24052.55,24052.55,24039.15,24041.35,0
2026-07-14T13:44:00+05:30,24042.5,24053.2,24039.9,24052.15,0
2026-07-14T13:45:00+05:30,24053.2,24064.8,24051.85,24061.85,0
2026-07-14T13:46:00+05:30,24062.2,24069.2,24058.3,24068.45,0
2026-07-14T13:47:00+05:30,24069.0,24069.05,24063.75,24065.45,0
2026-07-14T13:48:00+05:30,24065.95,24065.95,24057.7,24062.85,0
2026-07-14T13:49:00+05:30,24063.95,24067.75,24061.8,24067.3,0
2026-07-14T13:50:00+05:30,24066.85,24067.6,24055.25,24061.9,0
2026-07-14T13:51:00+05:30,24063.4,24067.2,24053.0,24055.5,0
2026-07-14T13:52:00+05:30,24055.6,24063.8,24054.25,24062.55,0
2026-07-14T13:53:00+05:30,24064.1,24064.45,24057.35,24061.5,0
2026-07-14T13:54:00+05:30,24062.8,24062.8,24059.1,24060.35,0
2026-07-14T13:55:00+05:30,24061.45,24069.8,24060.65,24066.15,0
2026-07-14T13:56:00+05:30,24066.55,24071.05,24062.95,24067.85,0
2026-07-14T13:57:00+05:30,24068.85,24073.25,24065.4,24072.55,0
2026-07-14T13:58:00+05:30,24072.75,24072.75,24064.0,24064.0,0
2026-07-14T13:59:00+05:30,24065.9,24066.85,24061.25,24065.05,0
2026-07-14T14:00:00+05:30,24065.4,24070.9,24064.25,24066.7,0
2026-07-14T14:01:00+05:30,24068.4,24068.9,24063.5,24065.45,0
2026-07-14T14:02:00+05:30,24066.85,24066.85,24060.55,24062.05,0
2026-07-14T14:03:00+05:30,24062.85,24064.4,24055.5,24058.05,0
2026-07-14T14:04:00+05:30,24061.9,24066.95,24058.05,24065.25,0
2026-07-14T14:05:00+05:30,24066.75,24067.5,24058.85,24061.9,0
2026-07-14T14:06:00+05:30,24063.45,24066.5,24058.55,24062.2,0
2026-07-14T14:07:00+05:30,24064.6,24064.6,24060.35,24062.7,0
2026-07-14T14:08:00+05:30,24064.45,24067.15,24054.75,24057.7,0
2026-07-14T14:09:00+05:30,24058.95,24060.4,24048.6,24052.4,0
2026-07-14T14:10:00+05:30,24054.35,24062.35,24052.5,24061.6,0
2026-07-14T14:11:00+05:30,24063.05,24069.25,24060.35,24063.45,0
2026-07-14T14:12:00+05:30,24063.7,24069.5,24057.75,24067.8,0
2026-07-14T14:13:00+05:30,24069.55,24071.55,24062.2,24069.5,0
2026-07-14T14:14:00+05:30,24067.5,24070.1,24062.6,24064.45,0
2026-07-14T14:15:00+05:30,24066.3,24068.95,24060.9,24064.9,0
2026-07-14T14:16:00+05:30,24066.85,24067.25,24054.2,24063.25,0
2026-07-14T14:17:00+05:30,24064.6,24065.15,24054.35,24060.5,0
2026-07-14T14:18:00+05:30,24062.25,24063.7,24054.25,24058.5,0
2026-07-14T14:19:00+05:30,24060.2,24062.8,24055.45,24058.45,0
2026-07-14T14:20:00+05:30,24059.15,24062.05,24053.95,24061.7,0
2026-07-14T14:21:00+05:30,24062.2,24062.85,24056.75,24060.65,0
2026-07-14T14:22:00+05:30,24062.25,24063.5,24048.45,24048.45,0
2026-07-14T14:23:00+05:30,24050.75,24052.8,24045.0,24051.15,0
2026-07-14T14:24:00+05:30,24052.65,24057.35,24051.6,24056.3,0
2026-07-14T14:25:00+05:30,24057.55,24058.6,24053.1,24056.4,0
2026-07-14T14:26:00+05:30,24055.75,24057.85,24050.55,24054.7,0
2026-07-14T14:27:00+05:30,24056.9,24059.35,24044.9,24047.25,0
2026-07-14T14:28:00+05:30,24049.05,24052.95,24040.3,24051.7,0
2026-07-14T14:29:00+05:30,24053.8,24053.9,24043.5,24046.4,0
2026-07-14T14:30:00+05:30,24048.15,24051.4,24042.0,24044.6,0
2026-07-14T14:31:00+05:30,24046.8,24051.15,24044.65,24050.15,0
2026-07-14T14:32:00+05:30,24051.6,24053.6,24042.3,24046.6,0
2026-07-14T14:33:00+05:30,24048.1,24052.3,24044.55,24045.8,0
2026-07-14T14:34:00+05:30,24047.8,24057.4,24046.1,24057.3,0
2026-07-14T14:35:00+05:30,24057.9,24066.3,24056.65,24060.6,0
2026-07-14T14:36:00+05:30,24062.9,24062.9,24045.8,24045.8,0
2026-07-14T14:37:00+05:30,24049.15,24052.2,24043.15,24047.5,0
2026-07-14T14:38:00+05:30,24048.75,24052.35,24043.15,24049.3,0
2026-07-14T14:39:00+05:30,24051.95,24059.65,24048.45,24055.5,0
2026-07-14T14:40:00+05:30,24057.9,24059.2,24050.95,24051.85,0
2026-07-14T14:41:00+05:30,24054.2,24057.15,24050.8,24055.95,0
2026-07-14T14:42:00+05:30,24056.85,24058.05,24053.75,24055.2,0
2026-07-14T14:43:00+05:30,24056.75,24057.9,24049.1,24051.65,0
2026-07-14T14:44:00+05:30,24053.4,24053.4,24047.25,24051.2,0
2026-07-14T14:45:00+05:30,24053.0,24053.0,24045.6,24047.85,0
2026-07-14T14:46:00+05:30,24048.75,24052.65,24045.0,24049.15,0
2026-07-14T14:47:00+05:30,24048.55,24049.75,24026.7,24028.55,0
2026-07-14T14:48:00+05:30,24031.35,24036.95,24024.45,24032.6,0
2026-07-14T14:49:00+05:30,24034.8,24037.2,24028.8,24029.8,0
2026-07-14T14:50:00+05:30,24032.55,24036.1,24028.15,24031.8,0
2026-07-14T14:51:00+05:30,24033.7,24040.35,24028.7,24035.5,0
2026-07-14T14:52:00+05:30,24037.9,24037.9,24025.55,24030.1,0
2026-07-14T14:53:00+05:30,24031.3,24032.35,24025.35,24030.75,0
2026-07-14T14:54:00+05:30,24031.95,24035.95,24029.15,24030.35,0
2026-07-14T14:55:00+05:30,24032.6,24046.65,24023.7,24046.65,0
2026-07-14T14:56:00+05:30,24047.05,24052.95,24041.85,24048.15,0
2026-07-14T14:57:00+05:30,24048.65,24048.65,24038.85,24048.25,0
2026-07-14T14:58:00+05:30,24049.35,24050.6,24041.4,24044.5,0
2026-07-14T14:59:00+05:30,24047.8,24047.8,24040.0,24040.55,0
2026-07-14T15:00:00+05:30,24041.55,24065.55,24041.55,24063.7,0
2026-07-14T15:01:00+05:30,24064.45,24065.75,24047.55,24055.5,0
2026-07-14T15:02:00+05:30,24056.35,24063.95,24054.2,24057.3,0
2026-07-14T15:03:00+05:30,24058.4,24059.6,24049.85,24058.05,0
2026-07-14T15:04:00+05:30,24059.6,24062.55,24055.95,24060.25,0
2026-07-14T15:05:00+05:30,24061.9,24068.2,24056.25,24066.05,0
2026-07-14T15:06:00+05:30,24069.0,24075.0,24061.15,24062.95,0
2026-07-14T15:07:00+05:30,24064.8,24073.15,24060.15,24069.4,0
2026-07-14T15:08:00+05:30,24069.8,24072.3,24063.9,24065.55,0
2026-07-14T15:09:00+05:30,24064.9,24071.05,24063.0,24064.35,0
2026-07-14T15:10:00+05:30,24067.5,24068.05,24059.6,24063.55,0
2026-07-14T15:11:00+05:30,24064.75,24071.4,24060.25,24066.0,0
2026-07-14T15:12:00+05:30,24066.6,24066.9,24055.4,24055.75,0
2026-07-14T15:13:00+05:30,24057.55,24058.35,24047.3,24049.9,0
2026-07-14T15:14:00+05:30,24052.05,24054.7,24049.15,24052.05,0
2026-07-14T15:15:00+05:30,24052.5,24055.85,24050.7,24051.75,0
2026-07-14T15:16:00+05:30,24052.5,24052.5,24042.3,24044.35,0
2026-07-14T15:17:00+05:30,24045.05,24057.05,24041.8,24041.8,0
2026-07-14T15:18:00+05:30,24043.85,24044.1,24035.05,24037.85,0
2026-07-14T15:19:00+05:30,24038.3,24045.05,24036.25,24041.7,0
2026-07-14T15:20:00+05:30,24043.45,24047.3,24038.9,24045.75,0
2026-07-14T15:21:00+05:30,24046.65,24049.2,24044.0,24044.65,0
2026-07-14T15:22:00+05:30,24045.7,24047.55,24040.5,24042.8,0
2026-07-14T15:23:00+05:30,24043.0,24048.65,24042.55,24044.2,0
2026-07-14T15:24:00+05:30,24045.4,24046.6,24041.4,24043.3,0
2026-07-14T15:25:00+05:30,24043.1,24045.45,24037.9,24040.75,0
2026-07-14T15:26:00+05:30,24042.35,24045.75,24037.0,24041.3,0
2026-07-14T15:27:00+05:30,24040.75,24042.05,24036.75,24040.05,0
2026-07-14T15:28:00+05:30,24041.45,24042.4,24035.2,24039.7,0
2026-07-14T15:29:00+05:30,24035.2,24040.3,24027.45,24035.15,0
2026-07-15T09:15:00+05:30,24085.85,24115.1,24069.05,24100.35,0
2026-07-15T09:16:00+05:30,24100.8,24113.2,24098.3,24105.4,0
2026-07-15T09:17:00+05:30,24105.7,24141.7,24105.5,24140.9,0
2026-07-15T09:18:00+05:30,24140.6,24144.85,24136.05,24141.6,0
2026-07-15T09:19:00+05:30,24140.3,24148.35,24137.3,24147.35,0
2026-07-15T09:20:00+05:30,24147.65,24165.2,24147.65,24159.55,0
2026-07-15T09:21:00+05:30,24159.55,24173.5,24155.85,24172.45,0
2026-07-15T09:22:00+05:30,24173.0,24179.3,24168.75,24178.4,0
2026-07-15T09:23:00+05:30,24178.55,24187.05,24174.15,24186.35,0
2026-07-15T09:24:00+05:30,24185.75,24193.4,24185.75,24190.6,0
2026-07-15T09:25:00+05:30,24190.95,24199.25,24189.5,24198.6,0
2026-07-15T09:26:00+05:30,24199.3,24208.55,24199.3,24206.05,0
2026-07-15T09:27:00+05:30,24203.7,24206.25,24200.4,24201.85,0
2026-07-15T09:28:00+05:30,24201.4,24211.75,24200.95,24201.2,0
2026-07-15T09:29:00+05:30,24200.45,24201.55,24192.95,24195.7,0
2026-07-15T09:30:00+05:30,24196.5,24212.15,24196.05,24208.8,0
2026-07-15T09:31:00+05:30,24208.85,24218.15,24205.25,24211.5,0
2026-07-15T09:32:00+05:30,24210.65,24214.35,24202.25,24204.3,0
2026-07-15T09:33:00+05:30,24204.15,24211.0,24203.6,24207.25,0
2026-07-15T09:34:00+05:30,24206.6,24209.55,24197.55,24199.8,0
2026-07-15T09:35:00+05:30,24200.25,24206.15,24198.5,24200.2,0
2026-07-15T09:36:00+05:30,24199.9,24206.4,24197.9,24205.75,0
2026-07-15T09:37:00+05:30,24205.55,24207.7,24200.6,24204.6,0
2026-07-15T09:38:00+05:30,24204.35,24206.65,24200.7,24204.25,0
2026-07-15T09:39:00+05:30,24202.4,24205.3,24192.9,24195.5,0
2026-07-15T09:40:00+05:30,24196.75,24201.15,24194.4,24197.65,0
2026-07-15T09:41:00+05:30,24196.75,24200.85,24195.65,24198.1,0
2026-07-15T09:42:00+05:30,24197.6,24199.3,24194.2,24195.7,0
2026-07-15T09:43:00+05:30,24195.55,24197.3,24187.7,24192.9,0
2026-07-15T09:44:00+05:30,24193.35,24196.0,24191.65,24195.1,0
2026-07-15T09:45:00+05:30,24195.55,24202.7,24195.55,24202.05,0
2026-07-15T09:46:00+05:30,24202.35,24207.4,24201.15,24201.15,0
2026-07-15T09:47:00+05:30,24201.05,24204.2,24198.65,24198.9,0
2026-07-15T09:48:00+05:30,24199.0,24205.2,24199.0,24201.7,0
2026-07-15T09:49:00+05:30,24201.25,24202.45,24191.85,24191.85,0
2026-07-15T09:50:00+05:30,24192.1,24198.0,24191.55,24196.1,0
2026-07-15T09:51:00+05:30,24195.85,24203.8,24195.8,24203.8,0
2026-07-15T09:52:00+05:30,24203.7,24205.9,24194.6,24194.6,0
2026-07-15T09:53:00+05:30,24194.6,24199.65,24194.6,24197.8,0
2026-07-15T09:54:00+05:30,24197.95,24202.5,24195.25,24199.2,0
2026-07-15T09:55:00+05:30,24199.05,24203.3,24197.9,24202.2,0
2026-07-15T09:56:00+05:30,24202.4,24205.05,24196.0,24197.1,0
2026-07-15T09:57:00+05:30,24197.35,24198.3,24186.95,24190.25,0
2026-07-15T09:58:00+05:30,24189.4,24192.8,24187.35,24190.15,0
2026-07-15T09:59:00+05:30,24190.35,24192.4,24184.1,24184.95,0
2026-07-15T10:00:00+05:30,24185.0,24187.85,24178.4,24179.15,0
2026-07-15T10:01:00+05:30,24179.45,24182.3,24173.5,24175.65,0
2026-07-15T10:02:00+05:30,24176.55,24183.4,24173.95,24183.4,0
2026-07-15T10:03:00+05:30,24183.95,24190.1,24183.2,24189.75,0
2026-07-15T10:04:00+05:30,24189.9,24193.15,24186.75,24187.3,0
2026-07-15T10:05:00+05:30,24187.75,24189.25,24185.9,24186.25,0
2026-07-15T10:06:00+05:30,24186.55,24191.4,24185.4,24188.45,0
2026-07-15T10:07:00+05:30,24188.9,24195.25,24187.85,24193.45,0
2026-07-15T10:08:00+05:30,24193.7,24200.4,24192.65,24198.6,0
2026-07-15T10:09:00+05:30,24198.85,24200.9,24194.1,24195.1,0
2026-07-15T10:10:00+05:30,24195.1,24196.65,24192.4,24193.3,0
2026-07-15T10:11:00+05:30,24192.95,24194.3,24188.35,24192.8,0
2026-07-15T10:12:00+05:30,24192.55,24201.8,24192.35,24199.0,0
2026-07-15T10:13:00+05:30,24198.75,24200.9,24194.7,24197.15,0
2026-07-15T10:14:00+05:30,24197.15,24203.55,24196.6,24202.3,0
2026-07-15T10:15:00+05:30,24202.2,24205.7,24201.15,24202.5,0
2026-07-15T10:16:00+05:30,24202.5,24207.4,24200.4,24205.4,0
2026-07-15T10:17:00+05:30,24207.35,24215.75,24204.5,24215.0,0
2026-07-15T10:18:00+05:30,24214.75,24216.25,24211.4,24216.25,0
2026-07-15T10:19:00+05:30,24215.5,24220.35,24212.7,24213.1,0
2026-07-15T10:20:00+05:30,24210.6,24215.2,24209.85,24211.9,0
2026-07-15T10:21:00+05:30,24211.45,24213.15,24208.05,24209.55,0
2026-07-15T10:22:00+05:30,24209.35,24216.75,24208.2,24214.4,0
2026-07-15T10:23:00+05:30,24214.95,24218.05,24213.65,24216.05,0
2026-07-15T10:24:00+05:30,24216.3,24218.55,24212.85,24213.45,0
2026-07-15T10:25:00+05:30,24213.75,24217.65,24211.45,24213.55,0
2026-07-15T10:26:00+05:30,24213.65,24216.7,24212.75,24214.15,0
2026-07-15T10:27:00+05:30,24214.2,24215.9,24208.45,24209.0,0
2026-07-15T10:28:00+05:30,24209.45,24211.5,24206.25,24206.65,0
2026-07-15T10:29:00+05:30,24206.55,24208.8,24204.35,24204.95,0
2026-07-15T10:30:00+05:30,24205.8,24208.7,24204.35,24206.85,0
2026-07-15T10:31:00+05:30,24206.65,24207.35,24200.3,24205.1,0
2026-07-15T10:32:00+05:30,24204.95,24206.65,24200.55,24205.7,0
2026-07-15T10:33:00+05:30,24205.1,24206.85,24201.9,24203.15,0
2026-07-15T10:34:00+05:30,24203.1,24207.4,24201.85,24203.5,0
2026-07-15T10:35:00+05:30,24203.35,24205.3,24201.65,24203.9,0
2026-07-15T10:36:00+05:30,24203.9,24206.35,24198.75,24200.4,0
2026-07-15T10:37:00+05:30,24200.25,24201.3,24194.75,24195.95,0
2026-07-15T10:38:00+05:30,24196.05,24197.05,24190.6,24193.95,0
2026-07-15T10:39:00+05:30,24194.05,24198.6,24191.45,24197.9,0
2026-07-15T10:40:00+05:30,24198.0,24199.9,24197.1,24199.2,0
2026-07-15T10:41:00+05:30,24199.3,24203.65,24199.3,24202.55,0
2026-07-15T10:42:00+05:30,24202.5,24208.7,24201.9,24208.15,0
2026-07-15T10:43:00+05:30,24208.05,24212.65,24206.1,24206.45,0
2026-07-15T10:44:00+05:30,24207.4,24209.1,24204.15,24207.75,0
2026-07-15T10:45:00+05:30,24207.45,24209.35,24205.55,24206.2,0
2026-07-15T10:46:00+05:30,24206.7,24210.05,24199.8,24201.9,0
2026-07-15T10:47:00+05:30,24201.9,24204.1,24200.1,24200.25,0
2026-07-15T10:48:00+05:30,24201.3,24203.85,24199.1,24199.55,0
2026-07-15T10:49:00+05:30,24200.15,24206.2,24199.7,24202.5,0
2026-07-15T10:50:00+05:30,24202.65,24206.7,24199.9,24200.55,0
2026-07-15T10:51:00+05:30,24200.75,24201.85,24194.35,24196.15,0
2026-07-15T10:52:00+05:30,24195.3,24197.85,24192.45,24197.15,0
2026-07-15T10:53:00+05:30,24196.9,24204.8,24196.7,24204.35,0
2026-07-15T10:54:00+05:30,24204.55,24205.9,24193.05,24194.7,0
2026-07-15T10:55:00+05:30,24195.7,24197.5,24188.05,24192.4,0
2026-07-15T10:56:00+05:30,24192.25,24196.25,24190.5,24194.75,0
2026-07-15T10:57:00+05:30,24194.15,24196.9,24191.7,24191.7,0
2026-07-15T10:58:00+05:30,24192.1,24194.15,24190.25,24190.85,0
2026-07-15T10:59:00+05:30,24190.8,24191.05,24184.1,24185.0,0
2026-07-15T11:00:00+05:30,24184.6,24187.35,24181.25,24186.7,0
2026-07-15T11:01:00+05:30,24186.85,24194.25,24185.55,24191.95,0
2026-07-15T11:02:00+05:30,24191.3,24192.3,24188.25,24191.45,0
2026-07-15T11:03:00+05:30,24190.5,24192.25,24183.7,24183.7,0
2026-07-15T11:04:00+05:30,24184.45,24195.9,24183.8,24192.3,0
2026-07-15T11:05:00+05:30,24192.05,24194.05,24189.45,24190.45,0
2026-07-15T11:06:00+05:30,24190.6,24191.75,24185.65,24186.4,0
2026-07-15T11:07:00+05:30,24186.1,24192.25,24186.1,24191.55,0
2026-07-15T11:08:00+05:30,24191.6,24193.9,24190.55,24192.2,0
2026-07-15T11:09:00+05:30,24191.65,24194.95,24190.9,24194.8,0
2026-07-15T11:10:00+05:30,24194.8,24198.3,24193.3,24195.9,0
2026-07-15T11:11:00+05:30,24195.6,24196.9,24189.6,24190.1,0
2026-07-15T11:12:00+05:30,24190.45,24192.15,24183.15,24183.45,0
2026-07-15T11:13:00+05:30,24183.3,24185.65,24175.55,24176.65,0
2026-07-15T11:14:00+05:30,24176.6,24179.1,24171.0,24172.85,0
2026-07-15T11:15:00+05:30,24173.6,24178.25,24172.15,24177.0,0
2026-07-15T11:16:00+05:30,24177.7,24181.45,24173.2,24176.5,0
2026-07-15T11:17:00+05:30,24177.6,24185.9,24177.5,24180.8,0
2026-07-15T11:18:00+05:30,24181.2,24187.95,24179.8,24185.7,0
2026-07-15T11:19:00+05:30,24185.7,24192.5,24185.05,24187.6,0
2026-07-15T11:20:00+05:30,24187.0,24189.15,24180.85,24180.85,0
2026-07-15T11:21:00+05:30,24181.1,24185.4,24177.35,24182.25,0
2026-07-15T11:22:00+05:30,24182.6,24184.8,24174.05,24180.1,0
2026-07-15T11:23:00+05:30,24180.6,24183.3,24179.1,24180.25,0
2026-07-15T11:24:00+05:30,24180.4,24183.4,24178.9,24182.15,0
2026-07-15T11:25:00+05:30,24182.55,24189.05,24181.5,24188.0,0
2026-07-15T11:26:00+05:30,24187.85,24193.35,24187.05,24189.55,0
2026-07-15T11:27:00+05:30,24189.85,24195.65,24189.35,24191.2,0
2026-07-15T11:28:00+05:30,24191.3,24202.05,24190.95,24202.0,0
2026-07-15T11:29:00+05:30,24202.25,24206.15,24201.3,24202.65,0
2026-07-15T11:30:00+05:30,24202.45,24203.75,24196.55,24197.05,0
2026-07-15T11:31:00+05:30,24198.05,24201.9,24194.85,24200.95,0
2026-07-15T11:32:00+05:30,24201.05,24207.9,24200.25,24207.9,0
2026-07-15T11:33:00+05:30,24208.05,24214.65,24207.9,24208.85,0
2026-07-15T11:34:00+05:30,24208.55,24213.4,24208.55,24210.95,0
2026-07-15T11:35:00+05:30,24211.3,24212.85,24206.9,24209.25,0
2026-07-15T11:36:00+05:30,24209.4,24210.7,24205.2,24205.45,0
2026-07-15T11:37:00+05:30,24205.75,24208.25,24203.75,24207.3,0
2026-07-15T11:38:00+05:30,24207.65,24208.7,24201.9,24201.9,0
2026-07-15T11:39:00+05:30,24202.4,24203.9,24191.05,24191.9,0
2026-07-15T11:40:00+05:30,24192.05,24194.4,24180.7,24185.75,0
2026-07-15T11:41:00+05:30,24186.4,24194.5,24186.15,24189.7,0
2026-07-15T11:42:00+05:30,24190.5,24192.6,24185.4,24185.4,0
2026-07-15T11:43:00+05:30,24186.0,24187.05,24180.0,24182.15,0
2026-07-15T11:44:00+05:30,24181.55,24183.7,24173.35,24174.4,0
2026-07-15T11:45:00+05:30,24174.2,24184.1,24173.6,24183.2,0
2026-07-15T11:46:00+05:30,24183.9,24185.4,24179.0,24180.75,0
2026-07-15T11:47:00+05:30,24180.5,24183.55,24177.35,24177.35,0
2026-07-15T11:48:00+05:30,24177.55,24180.25,24175.6,24176.8,0
2026-07-15T11:49:00+05:30,24176.8,24178.2,24172.3,24174.75,0
2026-07-15T11:50:00+05:30,24174.6,24177.0,24170.3,24174.65,0
2026-07-15T11:51:00+05:30,24174.6,24176.55,24166.8,24169.75,0
2026-07-15T11:52:00+05:30,24169.65,24180.35,24166.8,24179.85,0
2026-07-15T11:53:00+05:30,24180.35,24184.1,24176.9,24180.3,0
2026-07-15T11:54:00+05:30,24180.4,24182.35,24175.35,24177.5,0
2026-07-15T11:55:00+05:30,24176.15,24187.3,24176.15,24184.55,0
2026-07-15T11:56:00+05:30,24184.7,24189.45,24183.55,24186.25,0
2026-07-15T11:57:00+05:30,24187.0,24188.45,24180.25,24181.65,0
2026-07-15T11:58:00+05:30,24181.75,24183.5,24178.8,24181.25,0
2026-07-15T11:59:00+05:30,24182.15,24183.8,24179.6,24180.8,0
2026-07-15T12:00:00+05:30,24181.9,24187.35,24181.55,24184.6,0
2026-07-15T12:01:00+05:30,24183.9,24187.3,24183.55,24183.75,0
2026-07-15T12:02:00+05:30,24183.85,24186.75,24179.15,24180.75,0
2026-07-15T12:03:00+05:30,24180.6,24182.35,24175.85,24177.05,0
2026-07-15T12:04:00+05:30,24177.2,24184.15,24175.0,24181.9,0
2026-07-15T12:05:00+05:30,24181.7,24183.9,24180.1,24182.8,0
2026-07-15T12:06:00+05:30,24182.8,24185.5,24181.6,24184.75,0
2026-07-15T12:07:00+05:30,24184.75,24189.25,24184.3,24187.25,0
2026-07-15T12:08:00+05:30,24187.8,24189.05,24185.1,24188.2,0
2026-07-15T12:09:00+05:30,24188.3,24189.15,24182.6,24184.3,0
2026-07-15T12:10:00+05:30,24184.7,24186.1,24175.25,24176.6,0
2026-07-15T12:11:00+05:30,24176.85,24181.35,24176.05,24179.75,0
2026-07-15T12:12:00+05:30,24180.25,24181.75,24178.65,24181.4,0
2026-07-15T12:13:00+05:30,24181.35,24188.55,24180.45,24185.7,0
2026-07-15T12:14:00+05:30,24185.4,24191.75,24185.4,24191.05,0
2026-07-15T12:15:00+05:30,24193.4,24194.35,24189.45,24191.7,0
2026-07-15T12:16:00+05:30,24192.5,24193.35,24185.1,24187.6,0
2026-07-15T12:17:00+05:30,24187.65,24190.95,24186.3,24189.45,0
2026-07-15T12:18:00+05:30,24189.95,24191.7,24187.85,24190.1,0
2026-07-15T12:19:00+05:30,24189.8,24194.1,24189.7,24191.25,0
2026-07-15T12:20:00+05:30,24191.4,24193.7,24189.8,24191.3,0
2026-07-15T12:21:00+05:30,24190.9,24192.9,24184.6,24185.7,0
2026-07-15T12:22:00+05:30,24186.0,24190.5,24183.3,24183.3,0
2026-07-15T12:23:00+05:30,24183.65,24184.85,24180.9,24182.05,0
2026-07-15T12:24:00+05:30,24182.35,24187.4,24181.35,24186.15,0
2026-07-15T12:25:00+05:30,24186.2,24190.2,24185.05,24187.95,0
2026-07-15T12:26:00+05:30,24188.1,24190.95,24181.6,24182.2,0
2026-07-15T12:27:00+05:30,24182.25,24183.65,24177.85,24179.0,0
2026-07-15T12:28:00+05:30,24179.05,24180.9,24174.35,24175.0,0
2026-07-15T12:29:00+05:30,24174.9,24176.7,24168.45,24168.45,0
2026-07-15T12:30:00+05:30,24168.4,24172.25,24165.25,24171.8,0
2026-07-15T12:31:00+05:30,24171.15,24173.8,24168.8,24170.85,0
2026-07-15T12:32:00+05:30,24170.35,24174.2,24169.3,24170.95,0
2026-07-15T12:33:00+05:30,24171.5,24172.35,24162.65,24163.35,0
2026-07-15T12:34:00+05:30,24163.6,24170.25,24163.6,24166.65,0
2026-07-15T12:35:00+05:30,24166.45,24168.7,24161.05,24162.85,0
2026-07-15T12:36:00+05:30,24162.9,24164.8,24153.9,24153.9,0
2026-07-15T12:37:00+05:30,24154.6,24164.1,24154.6,24163.25,0
2026-07-15T12:38:00+05:30,24162.95,24164.55,24148.45,24149.95,0
2026-07-15T12:39:00+05:30,24149.9,24153.5,24143.8,24145.75,0
2026-07-15T12:40:00+05:30,24145.7,24148.7,24144.7,24146.6,0
2026-07-15T12:41:00+05:30,24146.55,24150.5,24143.15,24149.75,0
2026-07-15T12:42:00+05:30,24149.7,24152.9,24146.2,24149.65,0
2026-07-15T12:43:00+05:30,24149.4,24159.75,24149.4,24158.95,0
2026-07-15T12:44:00+05:30,24158.65,24162.5,24157.4,24160.1,0
2026-07-15T12:45:00+05:30,24160.15,24162.7,24156.1,24157.3,0
2026-07-15T12:46:00+05:30,24157.45,24159.55,24153.5,24159.1,0
2026-07-15T12:47:00+05:30,24158.65,24160.05,24151.5,24153.85,0
2026-07-15T12:48:00+05:30,24153.65,24155.7,24149.75,24152.95,0
2026-07-15T12:49:00+05:30,24152.95,24154.8,24147.05,24148.0,0
2026-07-15T12:50:00+05:30,24147.45,24149.8,24142.7,24149.1,0
2026-07-15T12:51:00+05:30,24149.05,24154.15,24148.25,24148.9,0
2026-07-15T12:52:00+05:30,24149.0,24151.7,24145.15,24147.5,0
2026-07-15T12:53:00+05:30,24146.35,24148.65,24136.0,24136.0,0
2026-07-15T12:54:00+05:30,24135.6,24137.2,24123.1,24125.95,0
2026-07-15T12:55:00+05:30,24126.05,24127.45,24096.6,24096.6,0
2026-07-15T12:56:00+05:30,24096.15,24096.15,24036.25,24036.25,0
2026-07-15T12:57:00+05:30,24036.25,24057.9,24015.3,24023.25,0
2026-07-15T12:58:00+05:30,24020.45,24068.55,24010.55,24068.5,0
2026-07-15T12:59:00+05:30,24070.25,24077.1,24049.45,24054.0,0
2026-07-15T13:00:00+05:30,24053.4,24071.05,24039.3,24070.4,0
2026-07-15T13:01:00+05:30,24070.25,24077.6,24053.8,24065.5,0
2026-07-15T13:02:00+05:30,24065.15,24077.7,24064.75,24068.35,0
2026-07-15T13:03:00+05:30,24068.3,24075.35,24066.6,24072.2,0
2026-07-15T13:04:00+05:30,24072.15,24073.85,24067.55,24069.25,0
2026-07-15T13:05:00+05:30,24069.7,24076.35,24067.7,24073.55,0
2026-07-15T13:06:00+05:30,24073.35,24073.35,24061.35,24061.65,0
2026-07-15T13:07:00+05:30,24061.25,24063.75,24054.85,24054.85,0
2026-07-15T13:08:00+05:30,24054.7,24056.65,24047.4,24054.15,0
2026-07-15T13:09:00+05:30,24054.95,24057.45,24044.95,24045.75,0
2026-07-15T13:10:00+05:30,24045.7,24052.7,24043.25,24048.95,0
2026-07-15T13:11:00+05:30,24049.6,24051.75,24043.3,24046.45,0
2026-07-15T13:12:00+05:30,24047.45,24056.65,24045.1,24046.7,0
2026-07-15T13:13:00+05:30,24046.75,24050.25,24041.5,24043.1,0
2026-07-15T13:14:00+05:30,24043.45,24054.4,24041.4,24054.4,0
2026-07-15T13:15:00+05:30,24053.7,24066.0,24046.75,24063.55,0
2026-07-15T13:16:00+05:30,24063.9,24071.75,24057.0,24069.4,0
2026-07-15T13:17:00+05:30,24068.15,24070.5,24061.8,24066.55,0
2026-07-15T13:18:00+05:30,24065.9,24076.3,24064.85,24076.3,0
2026-07-15T13:19:00+05:30,24076.4,24087.45,24075.1,24085.3,0
2026-07-15T13:20:00+05:30,24084.4,24084.95,24077.1,24082.2,0
2026-07-15T13:21:00+05:30,24083.5,24084.55,24073.35,24074.7,0
2026-07-15T13:22:00+05:30,24075.55,24078.05,24072.45,24074.7,0
2026-07-15T13:23:00+05:30,24074.55,24078.1,24068.3,24072.4,0
2026-07-15T13:24:00+05:30,24072.45,24073.65,24068.45,24072.4,0
2026-07-15T13:25:00+05:30,24072.8,24074.85,24068.85,24071.85,0
2026-07-15T13:26:00+05:30,24072.55,24074.95,24069.25,24069.4,0
2026-07-15T13:27:00+05:30,24069.5,24071.25,24065.6,24065.9,0
2026-07-15T13:28:00+05:30,24065.05,24074.25,24064.0,24072.8,0
2026-07-15T13:29:00+05:30,24072.6,24078.5,24071.25,24074.95,0
2026-07-15T13:30:00+05:30,24075.0,24076.65,24069.0,24072.1,0
2026-07-15T13:31:00+05:30,24071.6,24073.45,24069.9,24073.05,0
2026-07-15T13:32:00+05:30,24073.45,24074.7,24065.45,24068.8,0
2026-07-15T13:33:00+05:30,24068.5,24070.1,24063.8,24067.35,0
2026-07-15T13:34:00+05:30,24067.7,24069.05,24058.5,24063.0,0
2026-07-15T13:35:00+05:30,24061.85,24068.4,24061.3,24066.7,0
2026-07-15T13:36:00+05:30,24066.5,24072.15,24066.05,24069.75,0
2026-07-15T13:37:00+05:30,24069.8,24072.5,24061.65,24067.45,0
2026-07-15T13:38:00+05:30,24068.35,24069.75,24057.65,24059.7,0
2026-07-15T13:39:00+05:30,24059.95,24064.7,24059.15,24064.35,0
2026-07-15T13:40:00+05:30,24064.25,24064.9,24057.55,24059.6,0
2026-07-15T13:41:00+05:30,24059.3,24062.45,24051.8,24054.15,0
2026-07-15T13:42:00+05:30,24054.1,24058.8,24053.45,24058.45,0
2026-07-15T13:43:00+05:30,24058.1,24059.7,24048.5,24049.6,0
2026-07-15T13:44:00+05:30,24049.4,24062.05,24049.4,24061.6,0
2026-07-15T13:45:00+05:30,24061.3,24064.45,24051.7,24060.7,0
2026-07-15T13:46:00+05:30,24060.05,24065.15,24059.75,24062.75,0
2026-07-15T13:47:00+05:30,24062.7,24065.2,24059.0,24063.25,0
2026-07-15T13:48:00+05:30,24063.2,24073.3,24062.6,24066.15,0
2026-07-15T13:49:00+05:30,24066.15,24070.75,24064.7,24067.85,0
2026-07-15T13:50:00+05:30,24068.55,24071.2,24062.85,24063.35,0
2026-07-15T13:51:00+05:30,24063.2,24064.9,24051.0,24051.75,0
2026-07-15T13:52:00+05:30,24051.55,24059.1,24051.15,24054.8,0
2026-07-15T13:53:00+05:30,24054.95,24056.0,24044.85,24048.75,0
2026-07-15T13:54:00+05:30,24048.45,24056.05,24048.35,24053.1,0
2026-07-15T13:55:00+05:30,24053.3,24054.65,24049.05,24051.1,0
2026-07-15T13:56:00+05:30,24050.3,24061.15,24049.5,24060.5,0
2026-07-15T13:57:00+05:30,24060.8,24070.0,24057.1,24068.4,0
2026-07-15T13:58:00+05:30,24067.95,24073.65,24067.1,24069.8,0
2026-07-15T13:59:00+05:30,24069.2,24080.3,24069.2,24078.35,0
2026-07-15T14:00:00+05:30,24077.9,24083.55,24077.45,24081.7,0
2026-07-15T14:01:00+05:30,24081.35,24083.35,24072.5,24072.95,0
2026-07-15T14:02:00+05:30,24072.75,24076.05,24071.0,24073.45,0
2026-07-15T14:03:00+05:30,24073.05,24075.75,24069.4,24071.85,0
2026-07-15T14:04:00+05:30,24073.05,24078.45,24071.75,24077.4,0
2026-07-15T14:05:00+05:30,24076.95,24079.6,24075.35,24078.9,0
2026-07-15T14:06:00+05:30,24078.65,24080.75,24070.3,24078.95,0
2026-07-15T14:07:00+05:30,24078.55,24084.9,24076.3,24083.8,0
2026-07-15T14:08:00+05:30,24083.9,24098.8,24082.75,24096.25,0
2026-07-15T14:09:00+05:30,24096.6,24098.15,24088.85,24089.05,0
2026-07-15T14:10:00+05:30,24088.65,24092.25,24082.15,24083.0,0
2026-07-15T14:11:00+05:30,24083.55,24088.2,24082.55,24088.2,0
2026-07-15T14:12:00+05:30,24088.4,24091.65,24080.35,24080.8,0
2026-07-15T14:13:00+05:30,24080.8,24088.2,24079.4,24085.05,0
2026-07-15T14:14:00+05:30,24084.9,24087.3,24083.95,24086.45,0
2026-07-15T14:15:00+05:30,24086.35,24095.1,24085.65,24095.05,0
2026-07-15T14:16:00+05:30,24094.7,24100.85,24090.15,24091.9,0
2026-07-15T14:17:00+05:30,24092.35,24093.4,24082.2,24082.2,0
2026-07-15T14:18:00+05:30,24082.25,24084.7,24075.9,24084.05,0
2026-07-15T14:19:00+05:30,24084.5,24092.0,24079.0,24082.65,0
2026-07-15T14:20:00+05:30,24082.45,24086.25,24070.1,24072.2,0
2026-07-15T14:21:00+05:30,24070.75,24080.8,24068.8,24080.05,0
2026-07-15T14:22:00+05:30,24080.05,24085.35,24079.3,24079.65,0
2026-07-15T14:23:00+05:30,24080.4,24082.4,24076.95,24077.4,0
2026-07-15T14:24:00+05:30,24077.6,24079.6,24068.3,24072.25,0
2026-07-15T14:25:00+05:30,24072.1,24074.25,24068.3,24070.55,0
2026-07-15T14:26:00+05:30,24070.65,24072.15,24066.65,24067.85,0
2026-07-15T14:27:00+05:30,24068.0,24079.55,24067.9,24076.65,0
2026-07-15T14:28:00+05:30,24076.7,24077.3,24072.25,24076.35,0
2026-07-15T14:29:00+05:30,24076.25,24078.7,24073.4,24077.65,0
2026-07-15T14:30:00+05:30,24077.95,24083.95,24074.35,24074.95,0
2026-07-15T14:31:00+05:30,24075.1,24076.9,24072.5,24073.85,0
2026-07-15T14:32:00+05:30,24073.8,24077.0,24072.1,24076.6,0
2026-07-15T14:33:00+05:30,24076.35,24082.75,24076.15,24081.5,0
2026-07-15T14:34:00+05:30,24081.75,24085.95,24075.15,24075.2,0
2026-07-15T14:35:00+05:30,24075.6,24086.5,24074.8,24084.85,0
2026-07-15T14:36:00+05:30,24084.65,24091.35,24080.75,24081.95,0
2026-07-15T14:37:00+05:30,24082.25,24089.7,24078.6,24078.6,0
2026-07-15T14:38:00+05:30,24078.35,24100.5,24078.15,24098.55,0
2026-07-15T14:39:00+05:30,24098.25,24106.0,24098.15,24105.05,0
2026-07-15T14:40:00+05:30,24105.35,24107.05,24096.9,24101.5,0
2026-07-15T14:41:00+05:30,24101.35,24102.7,24093.5,24095.65,0
2026-07-15T14:42:00+05:30,24095.55,24101.3,24095.4,24098.1,0
2026-07-15T14:43:00+05:30,24097.6,24098.75,24095.4,24096.2,0
2026-07-15T14:44:00+05:30,24096.85,24103.0,24094.55,24101.5,0
2026-07-15T14:45:00+05:30,24099.85,24105.75,24092.75,24093.15,0
2026-07-15T14:46:00+05:30,24093.1,24102.65,24092.4,24100.75,0
2026-07-15T14:47:00+05:30,24100.7,24101.7,24083.5,24084.6,0
2026-07-15T14:48:00+05:30,24084.85,24086.45,24080.75,24085.35,0
2026-07-15T14:49:00+05:30,24085.25,24087.95,24081.8,24082.6,0
2026-07-15T14:50:00+05:30,24082.9,24086.8,24076.95,24082.8,0
2026-07-15T14:51:00+05:30,24082.65,24084.15,24076.85,24078.25,0
2026-07-15T14:52:00+05:30,24078.7,24082.7,24075.15,24080.1,0
2026-07-15T14:53:00+05:30,24080.55,24082.7,24076.6,24078.3,0
2026-07-15T14:54:00+05:30,24077.95,24085.0,24077.85,24082.6,0
2026-07-15T14:55:00+05:30,24083.15,24084.85,24076.45,24080.7,0
2026-07-15T14:56:00+05:30,24080.9,24082.7,24077.7,24079.45,0
2026-07-15T14:57:00+05:30,24079.75,24081.0,24072.35,24073.05,0
2026-07-15T14:58:00+05:30,24073.55,24079.9,24072.9,24077.55,0
2026-07-15T14:59:00+05:30,24077.65,24079.35,24066.2,24067.85,0
2026-07-15T15:00:00+05:30,24067.15,24091.6,24061.05,24069.25,0
2026-07-15T15:01:00+05:30,24069.2,24078.1,24067.1,24067.25,0
2026-07-15T15:02:00+05:30,24066.55,24069.0,24061.65,24066.35,0
2026-07-15T15:03:00+05:30,24065.9,24072.75,24065.9,24067.0,0
2026-07-15T15:04:00+05:30,24065.55,24075.4,24065.55,24073.7,0
2026-07-15T15:05:00+05:30,24072.9,24077.45,24068.9,24069.6,0
2026-07-15T15:06:00+05:30,24068.25,24078.05,24068.25,24073.85,0
2026-07-15T15:07:00+05:30,24072.1,24080.45,24072.1,24078.2,0
2026-07-15T15:08:00+05:30,24077.45,24079.1,24076.05,24076.5,0
2026-07-15T15:09:00+05:30,24075.85,24078.95,24071.95,24072.65,0
2026-07-15T15:10:00+05:30,24072.5,24077.15,24072.1,24076.3,0
2026-07-15T15:11:00+05:30,24074.1,24076.7,24073.8,24075.65,0
2026-07-15T15:12:00+05:30,24074.6,24079.45,24072.55,24073.4,0
2026-07-15T15:13:00+05:30,24072.4,24076.75,24071.95,24072.55,0
2026-07-15T15:14:00+05:30,24072.4,24080.05,24072.4,24077.75,0
2026-07-15T15:15:00+05:30,24076.1,24078.8,24073.35,24074.2,0
2026-07-15T15:16:00+05:30,24073.4,24076.35,24070.65,24071.55,0
2026-07-15T15:17:00+05:30,24069.8,24076.85,24069.8,24072.8,0
2026-07-15T15:18:00+05:30,24071.85,24075.15,24069.95,24073.5,0
2026-07-15T15:19:00+05:30,24072.35,24080.45,24072.35,24079.1,0
2026-07-15T15:20:00+05:30,24077.9,24085.15,24077.5,24083.65,0
2026-07-15T15:21:00+05:30,24081.5,24086.5,24078.6,24079.3,0
2026-07-15T15:22:00+05:30,24078.95,24081.25,24074.45,24078.0,0
2026-07-15T15:23:00+05:30,24077.4,24082.2,24077.4,24079.85,0
2026-07-15T15:24:00+05:30,24079.7,24087.4,24078.25,24086.3,0
2026-07-15T15:25:00+05:30,24085.6,24091.3,24083.1,24087.5,0
2026-07-15T15:26:00+05:30,24085.4,24089.3,24083.25,24085.1,0
2026-07-15T15:27:00+05:30,24082.95,24086.6,24081.6,24084.6,0
2026-07-15T15:28:00+05:30,24086.65,24086.65,24074.7,24077.8,0
2026-07-15T15:29:00+05:30,24076.85,24083.05,24070.75,24073.45,0
2026-07-16T09:15:00+05:30,24142.1,24156.1,24117.55,24126.05,0
2026-07-16T09:16:00+05:30,24127.85,24141.1,24124.0,24139.1,0
2026-07-16T09:17:00+05:30,24137.6,24150.1,24136.65,24145.7,0
2026-07-16T09:18:00+05:30,24149.3,24164.25,24146.95,24163.15,0
2026-07-16T09:19:00+05:30,24162.95,24167.4,24154.3,24157.05,0
2026-07-16T09:20:00+05:30,24157.05,24165.85,24154.5,24157.0,0
2026-07-16T09:21:00+05:30,24157.2,24157.2,24132.95,24137.6,0
2026-07-16T09:22:00+05:30,24140.05,24149.1,24135.9,24141.65,0
2026-07-16T09:23:00+05:30,24142.4,24148.2,24137.9,24141.7,0
2026-07-16T09:24:00+05:30,24143.2,24145.25,24137.85,24140.45,0
2026-07-16T09:25:00+05:30,24143.05,24146.45,24140.5,24141.0,0
2026-07-16T09:26:00+05:30,24143.1,24145.35,24135.7,24138.4,0
2026-07-16T09:27:00+05:30,24140.6,24143.9,24129.8,24130.3,0
2026-07-16T09:28:00+05:30,24130.55,24130.55,24121.75,24122.3,0
2026-07-16T09:29:00+05:30,24123.9,24130.85,24118.65,24127.5,0
2026-07-16T09:30:00+05:30,24129.25,24141.7,24127.4,24136.85,0
2026-07-16T09:31:00+05:30,24138.2,24138.5,24127.0,24128.6,0
2026-07-16T09:32:00+05:30,24129.85,24132.05,24125.7,24128.8,0
2026-07-16T09:33:00+05:30,24130.95,24131.1,24120.15,24122.7,0
2026-07-16T09:34:00+05:30,24123.35,24123.55,24110.25,24110.45,0
2026-07-16T09:35:00+05:30,24112.0,24112.2,24105.15,24107.65,0
2026-07-16T09:36:00+05:30,24110.2,24112.3,24097.05,24099.9,0
2026-07-16T09:37:00+05:30,24102.0,24119.75,24101.1,24113.85,0
2026-07-16T09:38:00+05:30,24114.45,24114.5,24102.75,24104.5,0
2026-07-16T09:39:00+05:30,24104.7,24109.8,24103.15,24108.1,0
2026-07-16T09:40:00+05:30,24110.45,24114.9,24106.3,24112.1,0
2026-07-16T09:41:00+05:30,24114.4,24122.6,24111.85,24119.7,0
2026-07-16T09:42:00+05:30,24119.95,24135.7,24118.95,24131.2,0
2026-07-16T09:43:00+05:30,24132.25,24137.55,24127.4,24133.35,0
2026-07-16T09:44:00+05:30,24135.2,24141.1,24130.25,24140.85,0
2026-07-16T09:45:00+05:30,24141.6,24145.75,24138.45,24139.2,0
2026-07-16T09:46:00+05:30,24140.8,24140.8,24131.3,24138.0,0
2026-07-16T09:47:00+05:30,24140.4,24141.75,24133.75,24134.0,0
2026-07-16T09:48:00+05:30,24134.95,24134.95,24124.25,24127.2,0
2026-07-16T09:49:00+05:30,24129.55,24129.6,24120.95,24122.6,0
2026-07-16T09:50:00+05:30,24124.25,24124.25,24114.7,24121.35,0
2026-07-16T09:51:00+05:30,24121.2,24123.9,24112.25,24113.4,0
2026-07-16T09:52:00+05:30,24116.6,24116.6,24111.65,24114.5,0
2026-07-16T09:53:00+05:30,24115.95,24118.95,24113.4,24116.2,0
2026-07-16T09:54:00+05:30,24117.9,24125.95,24113.4,24125.55,0
2026-07-16T09:55:00+05:30,24126.75,24137.35,24125.25,24135.15,0
2026-07-16T09:56:00+05:30,24137.4,24140.15,24135.1,24135.95,0
2026-07-16T09:57:00+05:30,24137.05,24140.8,24133.55,24138.0,0
2026-07-16T09:58:00+05:30,24138.35,24140.0,24135.8,24137.3,0
2026-07-16T09:59:00+05:30,24138.65,24138.65,24126.8,24128.1,0
2026-07-16T10:00:00+05:30,24128.15,24128.8,24122.6,24124.05,0
2026-07-16T10:01:00+05:30,24125.95,24133.1,24123.45,24132.3,0
2026-07-16T10:02:00+05:30,24133.2,24141.0,24131.35,24139.0,0
2026-07-16T10:03:00+05:30,24140.15,24140.2,24129.7,24131.45,0
2026-07-16T10:04:00+05:30,24133.15,24133.5,24128.85,24130.35,0
2026-07-16T10:05:00+05:30,24131.2,24131.2,24117.55,24121.35,0
2026-07-16T10:06:00+05:30,24123.3,24124.15,24118.7,24122.95,0
2026-07-16T10:07:00+05:30,24124.1,24125.55,24120.2,24123.95,0
2026-07-16T10:08:00+05:30,24124.15,24127.7,24121.55,24125.05,0
2026-07-16T10:09:00+05:30,24125.8,24133.0,24124.35,24125.6,0
2026-07-16T10:10:00+05:30,24127.25,24127.75,24114.8,24117.0,0
2026-07-16T10:11:00+05:30,24118.7,24120.95,24116.3,24118.35,0
2026-07-16T10:12:00+05:30,24121.5,24121.5,24116.75,24117.75,0
2026-07-16T10:13:00+05:30,24118.95,24125.9,24117.15,24123.75,0
2026-07-16T10:14:00+05:30,24125.55,24129.6,24123.8,24126.45,0
2026-07-16T10:15:00+05:30,24128.4,24131.15,24123.05,24130.35,0
2026-07-16T10:16:00+05:30,24132.0,24134.55,24129.6,24133.35,0
2026-07-16T10:17:00+05:30,24134.5,24140.4,24129.8,24130.6,0
2026-07-16T10:18:00+05:30,24132.4,24132.7,24124.0,24128.65,0
2026-07-16T10:19:00+05:30,24128.95,24131.5,24125.5,24125.8,0
2026-07-16T10:20:00+05:30,24127.35,24129.7,24120.85,24122.85,0
2026-07-16T10:21:00+05:30,24123.35,24126.75,24121.3,24125.2,0
2026-07-16T10:22:00+05:30,24127.85,24129.05,24124.85,24126.6,0
2026-07-16T10:23:00+05:30,24128.75,24129.6,24125.45,24126.8,0
2026-07-16T10:24:00+05:30,24128.5,24131.0,24126.65,24130.2,0
2026-07-16T10:25:00+05:30,24130.7,24130.7,24123.25,24124.1,0
2026-07-16T10:26:00+05:30,24125.05,24125.7,24117.25,24117.35,0
2026-07-16T10:27:00+05:30,24119.1,24119.1,24107.45,24110.6,0
2026-07-16T10:28:00+05:30,24111.55,24121.2,24109.8,24118.7,0
2026-07-16T10:29:00+05:30,24120.55,24127.15,24118.85,24123.5,0
2026-07-16T10:30:00+05:30,24124.4,24124.4,24116.85,24119.4,0
2026-07-16T10:31:00+05:30,24121.4,24125.0,24116.45,24122.7,0
2026-07-16T10:32:00+05:30,24123.9,24124.05,24119.3,24119.7,0
2026-07-16T10:33:00+05:30,24120.9,24124.35,24116.6,24120.6,0
2026-07-16T10:34:00+05:30,24120.8,24121.8,24114.8,24116.45,0
2026-07-16T10:35:00+05:30,24118.1,24118.1,24111.1,24112.0,0
2026-07-16T10:36:00+05:30,24113.65,24120.85,24111.05,24120.05,0
2026-07-16T10:37:00+05:30,24120.85,24120.85,24111.8,24111.8,0
2026-07-16T10:38:00+05:30,24113.4,24115.95,24109.9,24113.5,0
2026-07-16T10:39:00+05:30,24113.5,24114.8,24109.55,24113.75,0
2026-07-16T10:40:00+05:30,24115.6,24117.2,24113.25,24115.35,0
2026-07-16T10:41:00+05:30,24116.5,24123.0,24114.35,24122.9,0
2026-07-16T10:42:00+05:30,24124.2,24124.2,24117.35,24119.05,0
2026-07-16T10:43:00+05:30,24120.3,24122.65,24118.75,24120.6,0
2026-07-16T10:44:00+05:30,24121.65,24126.75,24119.7,24126.55,0
2026-07-16T10:45:00+05:30,24127.45,24129.65,24123.95,24127.75,0
2026-07-16T10:46:00+05:30,24130.0,24135.55,24128.5,24134.05,0
2026-07-16T10:47:00+05:30,24136.2,24143.65,24135.1,24141.85,0
2026-07-16T10:48:00+05:30,24143.35,24146.2,24141.1,24144.95,0
2026-07-16T10:49:00+05:30,24145.55,24148.1,24143.05,24146.35,0
2026-07-16T10:50:00+05:30,24147.5,24157.45,24144.8,24155.45,0
2026-07-16T10:51:00+05:30,24156.7,24156.8,24147.05,24151.6,0
2026-07-16T10:52:00+05:30,24153.05,24154.05,24149.1,24151.45,0
2026-07-16T10:53:00+05:30,24153.45,24155.35,24150.7,24153.85,0
2026-07-16T10:54:00+05:30,24154.75,24154.75,24149.75,24150.9,0
2026-07-16T10:55:00+05:30,24153.1,24160.8,24152.1,24158.55,0
2026-07-16T10:56:00+05:30,24160.8,24163.35,24157.5,24160.45,0
2026-07-16T10:57:00+05:30,24162.9,24165.4,24160.05,24163.4,0
2026-07-16T10:58:00+05:30,24164.65,24165.95,24162.2,24163.9,0
2026-07-16T10:59:00+05:30,24165.2,24169.35,24161.7,24168.6,0
2026-07-16T11:00:00+05:30,24170.65,24184.0,24170.2,24180.75,0
2026-07-16T11:01:00+05:30,24183.35,24185.5,24180.1,24184.5,0
2026-07-16T11:02:00+05:30,24185.9,24186.5,24176.05,24176.5,0
2026-07-16T11:03:00+05:30,24178.15,24180.6,24174.7,24177.95,0
2026-07-16T11:04:00+05:30,24178.9,24179.35,24172.95,24173.55,0
2026-07-16T11:05:00+05:30,24175.4,24175.55,24168.2,24168.85,0
2026-07-16T11:06:00+05:30,24170.25,24170.25,24162.75,24166.5,0
2026-07-16T11:07:00+05:30,24167.8,24169.0,24162.65,24168.1,0
2026-07-16T11:08:00+05:30,24169.45,24172.65,24167.5,24169.05,0
2026-07-16T11:09:00+05:30,24169.9,24169.9,24161.9,24169.55,0
2026-07-16T11:10:00+05:30,24170.9,24171.6,24163.85,24166.6,0
2026-07-16T11:11:00+05:30,24168.15,24169.25,24164.6,24166.5,0
2026-07-16T11:12:00+05:30,24167.75,24168.1,24162.2,24162.2,0
2026-07-16T11:13:00+05:30,24163.8,24166.85,24161.05,24163.1,0
2026-07-16T11:14:00+05:30,24165.25,24165.25,24156.45,24157.9,0
2026-07-16T11:15:00+05:30,24159.1,24162.45,24156.95,24160.1,0
2026-07-16T11:16:00+05:30,24161.4,24163.5,24159.55,24160.6,0
2026-07-16T11:17:00+05:30,24162.15,24162.15,24152.45,24153.9,0
2026-07-16T11:18:00+05:30,24155.15,24158.85,24151.65,24157.4,0
2026-07-16T11:19:00+05:30,24159.45,24159.45,24147.3,24148.15,0
2026-07-16T11:20:00+05:30,24149.8,24156.35,24147.9,24155.65,0
2026-07-16T11:21:00+05:30,24157.2,24162.5,24155.4,24156.0,0
2026-07-16T11:22:00+05:30,24158.75,24160.2,24152.95,24154.0,0
2026-07-16T11:23:00+05:30,24157.1,24157.1,24149.25,24150.65,0
2026-07-16T11:24:00+05:30,24153.0,24153.0,24147.95,24151.75,0
2026-07-16T11:25:00+05:30,24152.05,24153.2,24148.1,24151.9,0
2026-07-16T11:26:00+05:30,24152.9,24155.25,24149.0,24153.5,0
2026-07-16T11:27:00+05:30,24155.9,24155.9,24152.05,24153.35,0
2026-07-16T11:28:00+05:30,24154.85,24154.85,24143.6,24145.7,0
2026-07-16T11:29:00+05:30,24147.0,24148.55,24142.1,24146.35,0
2026-07-16T11:30:00+05:30,24148.95,24149.0,24143.55,24148.3,0
2026-07-16T11:31:00+05:30,24150.35,24154.5,24145.75,24153.3,0
2026-07-16T11:32:00+05:30,24155.35,24158.0,24151.75,24154.2,0
2026-07-16T11:33:00+05:30,24156.2,24157.55,24149.75,24153.95,0
2026-07-16T11:34:00+05:30,24155.0,24155.05,24149.65,24150.6,0
2026-07-16T11:35:00+05:30,24152.3,24156.35,24149.45,24154.5,0
2026-07-16T11:36:00+05:30,24156.15,24157.45,24152.1,24153.25,0
2026-07-16T11:37:00+05:30,24154.2,24155.95,24146.1,24146.1,0
2026-07-16T11:38:00+05:30,24146.85,24165.6,24144.0,24161.75,0
2026-07-16T11:39:00+05:30,24163.8,24164.2,24155.85,24160.0,0
2026-07-16T11:40:00+05:30,24162.55,24164.6,24159.75,24161.2,0
2026-07-16T11:41:00+05:30,24162.75,24166.8,24160.95,24164.75,0
2026-07-16T11:42:00+05:30,24166.2,24166.2,24153.25,24154.25,0
2026-07-16T11:43:00+05:30,24157.1,24157.25,24147.85,24150.15,0
2026-07-16T11:44:00+05:30,24151.95,24152.4,24147.0,24149.5,0
2026-07-16T11:45:00+05:30,24151.55,24155.4,24149.45,24152.65,0
2026-07-16T11:46:00+05:30,24152.95,24153.55,24148.55,24152.7,0
2026-07-16T11:47:00+05:30,24154.2,24154.2,24149.8,24150.9,0
2026-07-16T11:48:00+05:30,24152.55,24153.35,24146.7,24148.45,0
2026-07-16T11:49:00+05:30,24149.55,24152.4,24145.9,24148.55,0
2026-07-16T11:50:00+05:30,24150.95,24152.25,24143.9,24144.35,0
2026-07-16T11:51:00+05:30,24147.2,24149.95,24139.0,24147.7,0
2026-07-16T11:52:00+05:30,24148.8,24149.6,24144.0,24144.75,0
2026-07-16T11:53:00+05:30,24146.3,24149.6,24144.85,24148.75,0
2026-07-16T11:54:00+05:30,24149.7,24152.75,24146.45,24152.75,0
2026-07-16T11:55:00+05:30,24153.55,24153.55,24146.2,24147.1,0
2026-07-16T11:56:00+05:30,24149.1,24151.0,24146.4,24149.8,0
2026-07-16T11:57:00+05:30,24151.15,24154.9,24147.15,24153.0,0
2026-07-16T11:58:00+05:30,24153.55,24153.65,24148.3,24149.35,0
2026-07-16T11:59:00+05:30,24151.3,24154.7,24146.85,24151.0,0
2026-07-16T12:00:00+05:30,24153.05,24154.05,24149.55,24151.25,0
2026-07-16T12:01:00+05:30,24152.4,24152.4,24145.0,24145.3,0
2026-07-16T12:02:00+05:30,24146.0,24147.8,24142.5,24144.35,0
2026-07-16T12:03:00+05:30,24145.8,24145.8,24135.9,24137.5,0
2026-07-16T12:04:00+05:30,24138.6,24141.0,24134.05,24138.65,0
2026-07-16T12:05:00+05:30,24141.0,24142.45,24137.15,24141.25,0
2026-07-16T12:06:00+05:30,24143.1,24144.1,24140.1,24142.8,0
2026-07-16T12:07:00+05:30,24143.6,24143.9,24136.5,24137.4,0
2026-07-16T12:08:00+05:30,24139.2,24142.9,24134.8,24142.8,0
2026-07-16T12:09:00+05:30,24144.15,24144.8,24137.95,24139.55,0
2026-07-16T12:10:00+05:30,24140.5,24141.3,24137.35,24139.95,0
2026-07-16T12:11:00+05:30,24142.25,24144.9,24139.95,24140.7,0
2026-07-16T12:12:00+05:30,24142.2,24144.65,24138.75,24139.3,0
2026-07-16T12:13:00+05:30,24140.25,24140.25,24134.4,24135.4,0
2026-07-16T12:14:00+05:30,24137.55,24137.55,24132.45,24133.9,0
2026-07-16T12:15:00+05:30,24136.3,24138.45,24133.35,24135.35,0
2026-07-16T12:16:00+05:30,24136.75,24136.75,24132.0,24133.9,0
2026-07-16T12:17:00+05:30,24135.8,24139.15,24132.95,24137.4,0
2026-07-16T12:18:00+05:30,24138.75,24139.25,24132.35,24134.5,0
2026-07-16T12:19:00+05:30,24135.9,24138.8,24131.95,24138.5,0
2026-07-16T12:20:00+05:30,24139.75,24140.2,24137.3,24139.25,0
2026-07-16T12:21:00+05:30,24140.45,24140.85,24137.0,24139.35,0
2026-07-16T12:22:00+05:30,24139.8,24140.75,24133.35,24136.05,0
2026-07-16T12:23:00+05:30,24138.35,24138.6,24132.5,24133.35,0
2026-07-16T12:24:00+05:30,24135.45,24139.75,24132.05,24138.2,0
2026-07-16T12:25:00+05:30,24139.05,24150.4,24137.65,24149.3,0
2026-07-16T12:26:00+05:30,24150.9,24152.85,24149.1,24151.75,0
2026-07-16T12:27:00+05:30,24153.1,24153.85,24147.7,24150.2,0
2026-07-16T12:28:00+05:30,24152.3,24161.4,24150.45,24158.0,0
2026-07-16T12:29:00+05:30,24158.3,24163.45,24157.05,24159.6,0
2026-07-16T12:30:00+05:30,24160.65,24160.65,24153.4,24156.65,0
2026-07-16T12:31:00+05:30,24157.55,24157.55,24151.3,24154.1,0
2026-07-16T12:32:00+05:30,24154.3,24155.85,24149.45,24149.85,0
2026-07-16T12:33:00+05:30,24151.1,24152.0,24142.85,24144.2,0
2026-07-16T12:34:00+05:30,24145.45,24148.4,24140.65,24146.5,0
2026-07-16T12:35:00+05:30,24147.35,24149.8,24139.5,24142.05,0
2026-07-16T12:36:00+05:30,24144.15,24148.35,24142.8,24145.55,0
2026-07-16T12:37:00+05:30,24147.4,24147.4,24141.4,24142.05,0
2026-07-16T12:38:00+05:30,24144.6,24144.6,24137.55,24141.0,0
2026-07-16T12:39:00+05:30,24141.3,24143.75,24138.9,24141.4,0
2026-07-16T12:40:00+05:30,24142.85,24144.0,24138.9,24143.2,0
2026-07-16T12:41:00+05:30,24144.0,24144.7,24138.0,24142.95,0
2026-07-16T12:42:00+05:30,24143.9,24143.9,24133.6,24133.8,0
2026-07-16T12:43:00+05:30,24136.65,24136.65,24126.35,24130.85,0
2026-07-16T12:44:00+05:30,24131.95,24135.0,24128.25,24130.4,0
2026-07-16T12:45:00+05:30,24133.1,24135.6,24128.8,24135.35,0
2026-07-16T12:46:00+05:30,24136.0,24136.25,24131.6,24132.4,0
2026-07-16T12:47:00+05:30,24134.15,24134.15,24131.5,24132.95,0
2026-07-16T12:48:00+05:30,24134.9,24134.9,24131.2,24132.5,0
2026-07-16T12:49:00+05:30,24134.25,24134.65,24130.15,24131.9,0
2026-07-16T12:50:00+05:30,24133.75,24133.8,24129.9,24132.2,0
2026-07-16T12:51:00+05:30,24133.65,24133.75,24128.9,24129.3,0
2026-07-16T12:52:00+05:30,24130.85,24133.95,24129.0,24131.1,0
2026-07-16T12:53:00+05:30,24132.65,24132.65,24123.0,24123.85,0
2026-07-16T12:54:00+05:30,24125.2,24126.55,24120.25,24125.6,0
2026-07-16T12:55:00+05:30,24127.2,24127.2,24122.65,24126.65,0
2026-07-16T12:56:00+05:30,24127.9,24127.9,24121.85,24124.2,0
2026-07-16T12:57:00+05:30,24125.55,24128.35,24123.05,24123.4,0
2026-07-16T12:58:00+05:30,24125.05,24125.9,24122.75,24123.3,0
2026-07-16T12:59:00+05:30,24125.15,24125.15,24120.85,24124.55,0
2026-07-16T13:00:00+05:30,24124.8,24124.8,24110.5,24112.15,0
2026-07-16T13:01:00+05:30,24114.8,24122.15,24112.0,24122.15,0
2026-07-16T13:02:00+05:30,24122.5,24123.35,24118.25,24120.3,0
2026-07-16T13:03:00+05:30,24122.15,24122.25,24116.85,24119.25,0
2026-07-16T13:04:00+05:30,24121.05,24125.05,24117.25,24125.05,0
2026-07-16T13:05:00+05:30,24126.55,24128.15,24120.05,24124.6,0
2026-07-16T13:06:00+05:30,24126.45,24129.9,24121.7,24125.0,0
2026-07-16T13:07:00+05:30,24127.95,24128.1,24121.6,24123.05,0
2026-07-16T13:08:00+05:30,24124.4,24128.95,24121.85,24125.75,0
2026-07-16T13:09:00+05:30,24128.35,24130.75,24123.6,24125.5,0
2026-07-16T13:10:00+05:30,24128.25,24128.25,24118.5,24119.5,0
2026-07-16T13:11:00+05:30,24120.5,24121.6,24116.85,24118.45,0
2026-07-16T13:12:00+05:30,24120.4,24124.45,24118.45,24123.15,0
2026-07-16T13:13:00+05:30,24124.2,24127.25,24122.0,24123.9,0
2026-07-16T13:14:00+05:30,24124.85,24128.0,24119.75,24120.6,0
2026-07-16T13:15:00+05:30,24120.95,24121.8,24110.35,24110.95,0
2026-07-16T13:16:00+05:30,24111.85,24116.75,24109.4,24113.45,0
2026-07-16T13:17:00+05:30,24114.95,24115.25,24108.55,24110.1,0
2026-07-16T13:18:00+05:30,24113.3,24118.8,24109.05,24115.65,0
2026-07-16T13:19:00+05:30,24116.5,24117.5,24113.6,24115.45,0
2026-07-16T13:20:00+05:30,24117.5,24120.15,24114.8,24119.55,0
2026-07-16T13:21:00+05:30,24120.5,24122.2,24118.1,24120.0,0
2026-07-16T13:22:00+05:30,24121.25,24121.25,24112.95,24112.95,0
2026-07-16T13:23:00+05:30,24114.3,24116.4,24110.95,24113.9,0
2026-07-16T13:24:00+05:30,24116.2,24116.6,24112.5,24114.3,0
2026-07-16T13:25:00+05:30,24115.2,24115.2,24105.85,24107.05,0
2026-07-16T13:26:00+05:30,24109.2,24109.2,24104.65,24106.05,0
2026-07-16T13:27:00+05:30,24107.45,24107.75,24102.85,24103.6,0
2026-07-16T13:28:00+05:30,24105.7,24107.0,24102.7,24104.0,0
2026-07-16T13:29:00+05:30,24106.9,24107.25,24102.8,24105.8,0
2026-07-16T13:30:00+05:30,24107.4,24107.4,24083.5,24091.55,0
2026-07-16T13:31:00+05:30,24091.95,24092.1,24082.25,24084.0,0
2026-07-16T13:32:00+05:30,24084.95,24090.35,24079.65,24088.2,0
2026-07-16T13:33:00+05:30,24089.6,24093.05,24084.15,24085.5,0
2026-07-16T13:34:00+05:30,24086.6,24092.35,24083.7,24090.55,0
2026-07-16T13:35:00+05:30,24092.9,24092.9,24086.0,24088.5,0
2026-07-16T13:36:00+05:30,24090.0,24090.05,24085.15,24087.95,0
2026-07-16T13:37:00+05:30,24089.35,24089.35,24070.1,24071.7,0
2026-07-16T13:38:00+05:30,24073.35,24073.35,24066.15,24068.15,0
2026-07-16T13:39:00+05:30,24069.45,24072.4,24067.45,24070.4,0
2026-07-16T13:40:00+05:30,24072.1,24072.1,24056.4,24061.95,0
2026-07-16T13:41:00+05:30,24064.0,24064.0,24055.6,24057.6,0
2026-07-16T13:42:00+05:30,24059.25,24061.85,24056.05,24059.8,0
2026-07-16T13:43:00+05:30,24062.55,24063.7,24056.85,24058.05,0
2026-07-16T13:44:00+05:30,24059.8,24059.8,24053.05,24053.5,0
2026-07-16T13:45:00+05:30,24055.5,24066.4,24051.65,24060.85,0
2026-07-16T13:46:00+05:30,24062.45,24066.6,24059.85,24063.0,0
2026-07-16T13:47:00+05:30,24064.55,24064.55,24058.6,24060.7,0
2026-07-16T13:48:00+05:30,24062.4,24064.5,24059.15,24062.35,0
2026-07-16T13:49:00+05:30,24064.25,24064.25,24057.65,24060.45,0
2026-07-16T13:50:00+05:30,24062.5,24067.2,24060.95,24066.15,0
2026-07-16T13:51:00+05:30,24067.7,24072.55,24064.1,24072.55,0
2026-07-16T13:52:00+05:30,24075.85,24080.35,24074.4,24078.05,0
2026-07-16T13:53:00+05:30,24079.4,24082.6,24072.85,24073.05,0
2026-07-16T13:54:00+05:30,24075.95,24078.55,24072.25,24075.25,0
2026-07-16T13:55:00+05:30,24076.25,24083.9,24075.0,24082.4,0
2026-07-16T13:56:00+05:30,24084.55,24095.85,24082.25,24089.55,0
2026-07-16T13:57:00+05:30,24090.95,24090.95,24083.95,24086.85,0
2026-07-16T13:58:00+05:30,24088.55,24090.1,24084.45,24088.2,0
2026-07-16T13:59:00+05:30,24089.95,24097.15,24086.95,24096.4,0
2026-07-16T14:00:00+05:30,24098.4,24098.75,24091.5,24094.25,0
2026-07-16T14:01:00+05:30,24095.4,24096.05,24091.65,24093.15,0
2026-07-16T14:02:00+05:30,24094.05,24100.85,24091.3,24098.15,0
2026-07-16T14:03:00+05:30,24099.15,24099.15,24090.4,24091.85,0
2026-07-16T14:04:00+05:30,24093.35,24096.95,24086.75,24091.75,0
2026-07-16T14:05:00+05:30,24093.7,24096.2,24091.3,24095.05,0
2026-07-16T14:06:00+05:30,24096.85,24101.4,24095.55,24098.55,0
2026-07-16T14:07:00+05:30,24101.05,24101.6,24093.05,24094.7,0
2026-07-16T14:08:00+05:30,24095.6,24096.5,24089.55,24091.15,0
2026-07-16T14:09:00+05:30,24091.9,24093.8,24085.8,24091.05,0
2026-07-16T14:10:00+05:30,24092.6,24092.6,24085.35,24087.9,0
2026-07-16T14:11:00+05:30,24089.65,24093.3,24088.5,24089.85,0
2026-07-16T14:12:00+05:30,24091.0,24097.65,24089.5,24094.65,0
2026-07-16T14:13:00+05:30,24097.0,24100.95,24094.3,24097.95,0
2026-07-16T14:14:00+05:30,24097.9,24098.05,24091.55,24094.15,0
2026-07-16T14:15:00+05:30,24094.6,24095.85,24091.0,24093.0,0
2026-07-16T14:16:00+05:30,24095.7,24101.95,24092.25,24101.65,0
2026-07-16T14:17:00+05:30,24102.05,24106.25,24098.45,24106.25,0
2026-07-16T14:18:00+05:30,24109.0,24111.9,24102.1,24103.1,0
2026-07-16T14:19:00+05:30,24104.9,24106.2,24100.6,24102.95,0
2026-07-16T14:20:00+05:30,24104.35,24104.5,24096.2,24097.65,0
2026-07-16T14:21:00+05:30,24099.25,24099.6,24083.95,24083.95,0
2026-07-16T14:22:00+05:30,24086.8,24097.05,24082.55,24094.7,0
2026-07-16T14:23:00+05:30,24095.4,24098.55,24091.8,24094.3,0
2026-07-16T14:24:00+05:30,24094.1,24096.7,24087.7,24090.6,0
2026-07-16T14:25:00+05:30,24091.8,24097.35,24090.2,24091.65,0
2026-07-16T14:26:00+05:30,24093.4,24093.4,24086.25,24087.55,0
2026-07-16T14:27:00+05:30,24089.1,24091.1,24082.8,24082.95,0
2026-07-16T14:28:00+05:30,24086.2,24087.5,24079.7,24085.25,0
2026-07-16T14:29:00+05:30,24086.25,24091.15,24083.45,24085.85,0
2026-07-16T14:30:00+05:30,24089.05,24096.8,24086.75,24096.65,0
2026-07-16T14:31:00+05:30,24097.9,24099.7,24091.0,24094.0,0
2026-07-16T14:32:00+05:30,24095.0,24099.35,24093.35,24098.8,0
2026-07-16T14:33:00+05:30,24100.15,24100.15,24090.85,24091.0,0
2026-07-16T14:34:00+05:30,24092.9,24099.75,24091.6,24095.15,0
2026-07-16T14:35:00+05:30,24096.9,24098.75,24093.9,24096.65,0
2026-07-16T14:36:00+05:30,24097.5,24098.2,24087.85,24088.4,0
2026-07-16T14:37:00+05:30,24091.6,24093.05,24087.35,24089.55,0
2026-07-16T14:38:00+05:30,24091.2,24091.2,24085.25,24087.85,0
2026-07-16T14:39:00+05:30,24089.75,24097.3,24087.45,24097.3,0
2026-07-16T14:40:00+05:30,24097.7,24098.85,24087.05,24088.0,0
2026-07-16T14:41:00+05:30,24089.65,24095.85,24083.25,24095.7,0
2026-07-16T14:42:00+05:30,24096.9,24100.05,24087.15,24099.2,0
2026-07-16T14:43:00+05:30,24100.55,24100.9,24094.4,24099.0,0
2026-07-16T14:44:00+05:30,24099.5,24101.95,24094.95,24096.0,0
2026-07-16T14:45:00+05:30,24099.55,24099.55,24094.05,24097.8,0
2026-07-16T14:46:00+05:30,24098.9,24098.9,24094.65,24095.1,0
2026-07-16T14:47:00+05:30,24097.7,24101.05,24094.25,24098.95,0
2026-07-16T14:48:00+05:30,24100.95,24100.95,24093.55,24093.55,0
2026-07-16T14:49:00+05:30,24096.85,24098.2,24092.0,24092.25,0
2026-07-16T14:50:00+05:30,24094.05,24098.85,24091.7,24095.05,0
2026-07-16T14:51:00+05:30,24096.55,24096.95,24091.95,24094.85,0
2026-07-16T14:52:00+05:30,24096.1,24096.2,24092.75,24094.2,0
2026-07-16T14:53:00+05:30,24095.45,24098.5,24091.9,24097.7,0
2026-07-16T14:54:00+05:30,24098.65,24100.05,24094.7,24096.35,0
2026-07-16T14:55:00+05:30,24098.75,24105.55,24096.55,24101.4,0
2026-07-16T14:56:00+05:30,24103.55,24108.35,24099.0,24108.35,0
2026-07-16T14:57:00+05:30,24109.25,24109.55,24104.5,24104.95,0
2026-07-16T14:58:00+05:30,24105.7,24116.1,24104.25,24115.0,0
2026-07-16T14:59:00+05:30,24118.8,24124.1,24105.25,24111.65,0
2026-07-16T15:00:00+05:30,24114.45,24126.55,24108.9,24113.75,0
2026-07-16T15:01:00+05:30,24114.15,24114.4,24095.8,24099.3,0
2026-07-16T15:02:00+05:30,24100.25,24100.55,24083.1,24083.1,0
2026-07-16T15:03:00+05:30,24084.85,24086.05,24072.4,24072.55,0
2026-07-16T15:04:00+05:30,24071.95,24074.95,24065.95,24067.7,0
2026-07-16T15:05:00+05:30,24067.2,24078.7,24067.2,24077.25,0
2026-07-16T15:06:00+05:30,24077.15,24084.25,24076.4,24076.4,0
2026-07-16T15:07:00+05:30,24077.15,24077.3,24065.95,24070.75,0
2026-07-16T15:08:00+05:30,24069.7,24081.8,24069.7,24075.65,0
2026-07-16T15:09:00+05:30,24076.55,24078.6,24072.75,24075.55,0
2026-07-16T15:10:00+05:30,24074.75,24077.55,24071.0,24071.05,0
2026-07-16T15:11:00+05:30,24070.75,24076.65,24070.75,24074.45,0
2026-07-16T15:12:00+05:30,24075.15,24076.65,24072.6,24073.75,0
2026-07-16T15:13:00+05:30,24073.45,24078.2,24073.45,24075.05,0
2026-07-16T15:14:00+05:30,24075.3,24076.75,24070.35,24071.1,0
2026-07-16T15:15:00+05:30,24071.15,24073.55,24068.5,24068.6,0
2026-07-16T15:16:00+05:30,24068.35,24070.6,24065.25,24067.45,0
2026-07-16T15:17:00+05:30,24067.15,24069.05,24063.9,24065.1,0
2026-07-16T15:18:00+05:30,24066.15,24067.35,24061.2,24064.75,0
2026-07-16T15:19:00+05:30,24065.4,24067.1,24064.05,24065.65,0
2026-07-16T15:20:00+05:30,24064.8,24066.15,24058.45,24058.45,0
2026-07-16T15:21:00+05:30,24058.45,24061.5,24057.1,24060.45,0
2026-07-16T15:22:00+05:30,24060.05,24063.75,24056.7,24061.15,0
2026-07-16T15:23:00+05:30,24060.25,24062.65,24058.55,24061.3,0
2026-07-16T15:24:00+05:30,24060.55,24062.9,24057.75,24058.9,0
2026-07-16T15:25:00+05:30,24059.1,24060.4,24050.0,24051.65,0
2026-07-16T15:26:00+05:30,24053.65,24063.1,24051.9,24060.9,0
2026-07-16T15:27:00+05:30,24061.05,24071.2,24060.35,24068.6,0
2026-07-16T15:28:00+05:30,24068.85,24090.15,24066.3,24085.75,0
2026-07-16T15:29:00+05:30,24086.3,24086.65,24074.85,24081.1,0
2026-07-17T09:15:00+05:30,24127.6,24153.7,24099.05,24151.25,0
2026-07-17T09:16:00+05:30,24152.4,24171.35,24152.4,24171.0,0
2026-07-17T09:17:00+05:30,24168.6,24180.4,24167.4,24176.15,0
2026-07-17T09:18:00+05:30,24176.1,24189.9,24170.5,24187.4,0
2026-07-17T09:19:00+05:30,24186.7,24194.9,24183.4,24187.85,0
2026-07-17T09:20:00+05:30,24188.9,24196.25,24184.9,24187.75,0
2026-07-17T09:21:00+05:30,24188.95,24191.25,24183.5,24185.75,0
2026-07-17T09:22:00+05:30,24186.75,24191.4,24182.95,24188.75,0
2026-07-17T09:23:00+05:30,24188.75,24191.3,24184.25,24186.15,0
2026-07-17T09:24:00+05:30,24187.3,24194.0,24182.65,24191.9,0
2026-07-17T09:25:00+05:30,24193.3,24202.8,24192.85,24198.85,0
2026-07-17T09:26:00+05:30,24200.5,24205.95,24198.15,24199.8,0
2026-07-17T09:27:00+05:30,24200.5,24205.0,24196.95,24202.85,0
2026-07-17T09:28:00+05:30,24200.9,24207.4,24200.25,24204.8,0
2026-07-17T09:29:00+05:30,24205.75,24211.7,24202.45,24210.0,0
2026-07-17T09:30:00+05:30,24211.65,24216.75,24201.65,24203.7,0
2026-07-17T09:31:00+05:30,24204.65,24207.25,24196.4,24196.85,0
2026-07-17T09:32:00+05:30,24198.2,24205.2,24193.2,24205.2,0
2026-07-17T09:33:00+05:30,24206.05,24213.5,24204.3,24210.7,0
2026-07-17T09:34:00+05:30,24212.3,24220.25,24205.6,24206.6,0
2026-07-17T09:35:00+05:30,24207.0,24209.75,24204.1,24207.05,0
2026-07-17T09:36:00+05:30,24207.4,24210.2,24203.05,24209.4,0
2026-07-17T09:37:00+05:30,24209.55,24217.05,24209.05,24216.25,0
2026-07-17T09:38:00+05:30,24216.25,24224.15,24215.5,24221.55,0
2026-07-17T09:39:00+05:30,24222.45,24225.35,24217.4,24219.15,0
2026-07-17T09:40:00+05:30,24218.45,24224.05,24216.6,24221.05,0
2026-07-17T09:41:00+05:30,24222.25,24225.65,24218.7,24222.2,0
2026-07-17T09:42:00+05:30,24221.8,24226.4,24220.0,24224.7,0
2026-07-17T09:43:00+05:30,24224.9,24230.25,24222.4,24225.15,0
2026-07-17T09:44:00+05:30,24227.3,24231.85,24222.7,24231.3,0
2026-07-17T09:45:00+05:30,24231.8,24243.75,24231.05,24234.5,0
2026-07-17T09:46:00+05:30,24234.6,24242.1,24233.05,24241.45,0
2026-07-17T09:47:00+05:30,24241.7,24245.3,24236.35,24236.35,0
2026-07-17T09:48:00+05:30,24236.4,24242.15,24236.05,24240.05,0
2026-07-17T09:49:00+05:30,24240.7,24241.9,24234.3,24236.85,0
2026-07-17T09:50:00+05:30,24236.8,24246.95,24236.8,24243.2,0
2026-07-17T09:51:00+05:30,24242.4,24242.5,24227.35,24228.9,0
2026-07-17T09:52:00+05:30,24229.7,24231.9,24227.6,24229.95,0
2026-07-17T09:53:00+05:30,24229.55,24235.4,24227.3,24233.1,0
2026-07-17T09:54:00+05:30,24233.85,24243.8,24233.0,24240.0,0
2026-07-17T09:55:00+05:30,24241.3,24242.05,24230.05,24230.2,0
2026-07-17T09:56:00+05:30,24231.5,24232.2,24222.05,24223.1,0
2026-07-17T09:57:00+05:30,24223.9,24224.6,24217.35,24219.35,0
2026-07-17T09:58:00+05:30,24219.9,24229.05,24217.85,24229.05,0
2026-07-17T09:59:00+05:30,24229.15,24231.6,24225.55,24228.85,0
2026-07-17T10:00:00+05:30,24230.3,24235.35,24221.65,24221.65,0
2026-07-17T10:01:00+05:30,24222.45,24225.3,24210.25,24212.35,0
2026-07-17T10:02:00+05:30,24213.35,24219.3,24213.1,24215.95,0
2026-07-17T10:03:00+05:30,24215.9,24218.3,24210.3,24214.95,0
2026-07-17T10:04:00+05:30,24214.7,24218.65,24210.4,24214.5,0
2026-07-17T10:05:00+05:30,24215.45,24222.95,24211.05,24221.3,0
2026-07-17T10:06:00+05:30,24221.8,24229.5,24221.25,24222.7,0
2026-07-17T10:07:00+05:30,24224.05,24227.05,24221.9,24225.65,0
2026-07-17T10:08:00+05:30,24225.6,24228.85,24219.85,24227.6,0
2026-07-17T10:09:00+05:30,24227.25,24236.0,24227.25,24231.95,0
2026-07-17T10:10:00+05:30,24232.45,24234.15,24229.9,24230.65,0
2026-07-17T10:11:00+05:30,24231.9,24234.25,24229.8,24233.25,0
2026-07-17T10:12:00+05:30,24233.05,24241.9,24231.25,24239.9,0
2026-07-17T10:13:00+05:30,24240.65,24249.2,24240.0,24244.9,0
2026-07-17T10:14:00+05:30,24246.1,24246.4,24239.05,24239.85,0
2026-07-17T10:15:00+05:30,24240.95,24246.7,24238.2,24245.7,0
2026-07-17T10:16:00+05:30,24245.75,24248.75,24244.15,24247.15,0
2026-07-17T10:17:00+05:30,24247.7,24254.85,24246.35,24253.65,0
2026-07-17T10:18:00+05:30,24254.1,24275.5,24252.25,24274.45,0
2026-07-17T10:19:00+05:30,24274.7,24279.0,24271.1,24273.95,0
2026-07-17T10:20:00+05:30,24273.85,24275.9,24266.35,24266.75,0
2026-07-17T10:21:00+05:30,24267.45,24270.75,24264.7,24268.3,0
2026-07-17T10:22:00+05:30,24268.55,24268.75,24262.95,24262.95,0
2026-07-17T10:23:00+05:30,24263.3,24263.5,24257.5,24258.8,0
2026-07-17T10:24:00+05:30,24259.05,24259.25,24253.85,24255.6,0
2026-07-17T10:25:00+05:30,24256.9,24265.7,24254.95,24263.9,0
2026-07-17T10:26:00+05:30,24265.6,24266.5,24262.25,24265.75,0
2026-07-17T10:27:00+05:30,24265.85,24269.95,24264.15,24267.65,0
2026-07-17T10:28:00+05:30,24267.65,24276.95,24266.75,24273.3,0
2026-07-17T10:29:00+05:30,24274.1,24282.6,24272.6,24281.55,0
2026-07-17T10:30:00+05:30,24282.55,24284.0,24276.1,24279.4,0
2026-07-17T10:31:00+05:30,24280.6,24284.6,24278.5,24283.1,0
2026-07-17T10:32:00+05:30,24283.6,24288.9,24281.3,24285.2,0
2026-07-17T10:33:00+05:30,24285.1,24285.1,24276.4,24279.65,0
2026-07-17T10:34:00+05:30,24281.35,24286.15,24279.2,24284.3,0
2026-07-17T10:35:00+05:30,24284.85,24286.65,24271.6,24272.2,0
2026-07-17T10:36:00+05:30,24273.2,24275.2,24268.7,24272.5,0
2026-07-17T10:37:00+05:30,24272.95,24275.0,24266.8,24267.25,0
2026-07-17T10:38:00+05:30,24267.7,24268.45,24262.8,24267.8,0
2026-07-17T10:39:00+05:30,24268.6,24269.4,24265.3,24267.25,0
2026-07-17T10:40:00+05:30,24267.7,24269.55,24264.45,24268.45,0
2026-07-17T10:41:00+05:30,24267.8,24271.4,24267.0,24270.75,0
2026-07-17T10:42:00+05:30,24271.15,24274.35,24268.6,24269.25,0
2026-07-17T10:43:00+05:30,24269.55,24270.15,24244.2,24248.15,0
2026-07-17T10:44:00+05:30,24252.1,24259.7,24248.05,24259.1,0
2026-07-17T10:45:00+05:30,24259.05,24262.65,24247.05,24253.3,0
2026-07-17T10:46:00+05:30,24253.5,24253.5,24245.05,24252.5,0
2026-07-17T10:47:00+05:30,24252.1,24256.05,24251.3,24254.4,0
2026-07-17T10:48:00+05:30,24256.1,24258.25,24253.55,24253.6,0
2026-07-17T10:49:00+05:30,24254.0,24255.1,24248.2,24249.9,0
2026-07-17T10:50:00+05:30,24249.9,24253.45,24247.9,24251.05,0
2026-07-17T10:51:00+05:30,24252.5,24253.65,24247.05,24248.9,0
2026-07-17T10:52:00+05:30,24250.0,24252.9,24246.15,24251.75,0
2026-07-17T10:53:00+05:30,24252.45,24258.25,24252.0,24256.2,0
2026-07-17T10:54:00+05:30,24257.35,24260.8,24250.3,24255.55,0
2026-07-17T10:55:00+05:30,24252.05,24257.05,24249.1,24256.75,0
2026-07-17T10:56:00+05:30,24257.8,24262.75,24253.6,24255.85,0
2026-07-17T10:57:00+05:30,24257.0,24258.7,24252.6,24256.5,0
2026-07-17T10:58:00+05:30,24257.0,24260.0,24254.85,24257.75,0
2026-07-17T10:59:00+05:30,24258.65,24259.0,24251.7,24257.0,0
2026-07-17T11:00:00+05:30,24257.05,24262.15,24256.15,24259.9,0
2026-07-17T11:01:00+05:30,24260.2,24262.6,24255.1,24256.6,0
2026-07-17T11:02:00+05:30,24255.6,24255.7,24247.5,24248.55,0
2026-07-17T11:03:00+05:30,24248.55,24254.2,24248.35,24250.15,0
2026-07-17T11:04:00+05:30,24251.55,24258.65,24251.1,24258.15,0
2026-07-17T11:05:00+05:30,24258.85,24264.15,24256.4,24262.2,0
2026-07-17T11:06:00+05:30,24261.6,24262.8,24255.7,24261.9,0
2026-07-17T11:07:00+05:30,24263.2,24263.2,24245.7,24246.15,0
2026-07-17T11:08:00+05:30,24246.55,24246.8,24235.35,24238.35,0
2026-07-17T11:09:00+05:30,24238.85,24244.5,24238.15,24241.9,0
2026-07-17T11:10:00+05:30,24243.5,24244.85,24237.3,24238.9,0
2026-07-17T11:11:00+05:30,24239.95,24244.35,24238.7,24240.75,0
2026-07-17T11:12:00+05:30,24241.65,24242.15,24238.35,24241.7,0
2026-07-17T11:13:00+05:30,24242.0,24243.55,24236.95,24237.9,0
2026-07-17T11:14:00+05:30,24237.75,24238.35,24230.9,24235.7,0
2026-07-17T11:15:00+05:30,24237.3,24240.65,24233.95,24237.6,0
2026-07-17T11:16:00+05:30,24238.95,24239.45,24232.65,24235.35,0
2026-07-17T11:17:00+05:30,24236.55,24242.1,24235.5,24239.5,0
2026-07-17T11:18:00+05:30,24240.45,24240.5,24234.45,24236.9,0
2026-07-17T11:19:00+05:30,24237.95,24243.35,24235.7,24241.65,0
2026-07-17T11:20:00+05:30,24242.75,24243.55,24239.55,24241.75,0
2026-07-17T11:21:00+05:30,24242.7,24244.7,24238.85,24241.7,0
2026-07-17T11:22:00+05:30,24243.35,24250.6,24242.5,24249.45,0
2026-07-17T11:23:00+05:30,24250.2,24250.2,24235.75,24238.45,0
2026-07-17T11:24:00+05:30,24240.65,24246.3,24237.05,24246.2,0
2026-07-17T11:25:00+05:30,24246.7,24248.2,24241.2,24242.8,0
2026-07-17T11:26:00+05:30,24242.7,24242.7,24238.0,24240.8,0
2026-07-17T11:27:00+05:30,24241.4,24246.1,24241.3,24243.5,0
2026-07-17T11:28:00+05:30,24244.45,24247.85,24241.75,24245.2,0
2026-07-17T11:29:00+05:30,24245.75,24250.9,24243.0,24243.0,0
2026-07-17T11:30:00+05:30,24243.9,24248.2,24243.2,24244.15,0
2026-07-17T11:31:00+05:30,24244.9,24248.05,24243.35,24245.35,0
2026-07-17T11:32:00+05:30,24246.2,24247.35,24241.45,24242.85,0
2026-07-17T11:33:00+05:30,24243.5,24248.95,24241.0,24248.0,0
2026-07-17T11:34:00+05:30,24248.95,24256.85,24247.05,24252.6,0
2026-07-17T11:35:00+05:30,24253.0,24258.85,24252.0,24258.15,0
2026-07-17T11:36:00+05:30,24258.55,24259.45,24250.5,24250.85,0
2026-07-17T11:37:00+05:30,24251.6,24254.25,24245.05,24246.9,0
2026-07-17T11:38:00+05:30,24247.65,24251.95,24244.6,24251.2,0
2026-07-17T11:39:00+05:30,24251.95,24257.2,24248.85,24257.05,0
2026-07-17T11:40:00+05:30,24257.2,24259.6,24253.95,24258.5,0
2026-07-17T11:41:00+05:30,24259.55,24263.3,24256.8,24263.3,0
2026-07-17T11:42:00+05:30,24264.0,24264.9,24259.85,24261.4,0
2026-07-17T11:43:00+05:30,24261.6,24264.8,24259.1,24262.1,0
2026-07-17T11:44:00+05:30,24262.45,24269.0,24262.0,24267.2,0
2026-07-17T11:45:00+05:30,24268.7,24271.9,24267.15,24271.55,0
2026-07-17T11:46:00+05:30,24272.15,24272.25,24266.55,24269.05,0
2026-07-17T11:47:00+05:30,24269.6,24271.25,24265.1,24266.35,0
2026-07-17T11:48:00+05:30,24267.05,24270.2,24265.2,24267.65,0
2026-07-17T11:49:00+05:30,24268.25,24270.7,24265.3,24267.65,0
2026-07-17T11:50:00+05:30,24268.1,24270.65,24264.9,24270.6,0
2026-07-17T11:51:00+05:30,24270.7,24274.25,24268.9,24272.35,0
2026-07-17T11:52:00+05:30,24272.35,24274.05,24269.65,24273.85,0
2026-07-17T11:53:00+05:30,24273.8,24279.3,24273.5,24278.7,0
2026-07-17T11:54:00+05:30,24279.2,24282.5,24277.6,24279.0,0
2026-07-17T11:55:00+05:30,24279.65,24281.55,24274.0,24274.8,0
2026-07-17T11:56:00+05:30,24275.55,24281.9,24271.35,24279.7,0
2026-07-17T11:57:00+05:30,24280.35,24283.2,24279.1,24279.35,0
2026-07-17T11:58:00+05:30,24280.55,24280.6,24273.75,24275.0,0
2026-07-17T11:59:00+05:30,24275.9,24278.35,24273.85,24277.85,0
2026-07-17T12:00:00+05:30,24277.2,24279.8,24265.55,24270.9,0
2026-07-17T12:01:00+05:30,24270.7,24271.95,24266.75,24268.15,0
2026-07-17T12:02:00+05:30,24269.75,24270.35,24264.9,24267.3,0
2026-07-17T12:03:00+05:30,24267.55,24276.3,24264.85,24275.5,0
2026-07-17T12:04:00+05:30,24275.95,24279.95,24273.6,24274.85,0
2026-07-17T12:05:00+05:30,24275.25,24276.95,24271.4,24274.25,0
2026-07-17T12:06:00+05:30,24274.5,24274.5,24266.2,24267.8,0
2026-07-17T12:07:00+05:30,24269.35,24270.3,24262.1,24263.35,0
2026-07-17T12:08:00+05:30,24264.95,24268.1,24260.7,24268.1,0
2026-07-17T12:09:00+05:30,24269.2,24275.4,24267.75,24274.2,0
2026-07-17T12:10:00+05:30,24274.6,24279.9,24272.9,24274.0,0
2026-07-17T12:11:00+05:30,24275.9,24276.7,24270.45,24271.55,0
2026-07-17T12:12:00+05:30,24272.9,24278.25,24270.45,24275.9,0
2026-07-17T12:13:00+05:30,24276.8,24278.35,24269.8,24270.5,0
2026-07-17T12:14:00+05:30,24271.6,24278.25,24269.0,24276.55,0
2026-07-17T12:15:00+05:30,24277.3,24281.4,24275.95,24280.5,0
2026-07-17T12:16:00+05:30,24281.25,24284.45,24272.15,24274.3,0
2026-07-17T12:17:00+05:30,24274.75,24275.95,24267.35,24272.2,0
2026-07-17T12:18:00+05:30,24272.95,24277.35,24270.3,24275.65,0
2026-07-17T12:19:00+05:30,24276.5,24279.3,24273.65,24275.45,0
2026-07-17T12:20:00+05:30,24276.35,24281.9,24274.65,24280.75,0
2026-07-17T12:21:00+05:30,24282.4,24282.65,24277.0,24279.5,0
2026-07-17T12:22:00+05:30,24280.25,24281.5,24268.6,24271.9,0
2026-07-17T12:23:00+05:30,24272.1,24282.15,24271.95,24281.05,0
2026-07-17T12:24:00+05:30,24282.15,24283.6,24279.05,24281.75,0
2026-07-17T12:25:00+05:30,24282.5,24286.35,24278.55,24278.7,0
2026-07-17T12:26:00+05:30,24279.6,24283.3,24276.45,24277.3,0
2026-07-17T12:27:00+05:30,24278.8,24283.0,24277.05,24278.55,0
2026-07-17T12:28:00+05:30,24279.3,24282.05,24277.9,24277.9,0
2026-07-17T12:29:00+05:30,24279.0,24280.1,24273.2,24277.65,0
2026-07-17T12:30:00+05:30,24278.35,24278.7,24271.65,24274.55,0
2026-07-17T12:31:00+05:30,24274.6,24278.35,24272.9,24277.1,0
2026-07-17T12:32:00+05:30,24277.25,24279.95,24273.1,24273.75,0
2026-07-17T12:33:00+05:30,24274.5,24281.15,24273.45,24280.45,0
2026-07-17T12:34:00+05:30,24280.7,24284.6,24280.15,24281.15,0
2026-07-17T12:35:00+05:30,24282.45,24283.9,24277.5,24281.3,0
2026-07-17T12:36:00+05:30,24282.0,24283.75,24281.15,24281.65,0
2026-07-17T12:37:00+05:30,24282.7,24284.0,24278.35,24278.9,0
2026-07-17T12:38:00+05:30,24280.2,24280.8,24275.25,24278.5,0
2026-07-17T12:39:00+05:30,24278.75,24280.75,24273.95,24277.75,0
2026-07-17T12:40:00+05:30,24278.25,24279.0,24265.95,24266.55,0
2026-07-17T12:41:00+05:30,24266.5,24269.05,24259.75,24269.05,0
2026-07-17T12:42:00+05:30,24269.75,24281.2,24268.7,24280.15,0
2026-07-17T12:43:00+05:30,24280.65,24281.1,24273.2,24275.0,0
2026-07-17T12:44:00+05:30,24275.7,24279.5,24274.35,24277.05,0
2026-07-17T12:45:00+05:30,24277.5,24285.6,24277.0,24283.5,0
2026-07-17T12:46:00+05:30,24283.35,24285.65,24281.55,24282.25,0
2026-07-17T12:47:00+05:30,24283.5,24286.55,24282.55,24286.55,0
2026-07-17T12:48:00+05:30,24287.05,24287.9,24281.95,24287.25,0
2026-07-17T12:49:00+05:30,24287.75,24297.5,24287.75,24294.0,0
2026-07-17T12:50:00+05:30,24294.45,24295.0,24280.05,24283.6,0
2026-07-17T12:51:00+05:30,24282.3,24282.4,24276.8,24281.35,0
2026-07-17T12:52:00+05:30,24281.65,24282.25,24278.7,24279.75,0
2026-07-17T12:53:00+05:30,24280.15,24280.15,24270.9,24272.5,0
2026-07-17T12:54:00+05:30,24273.4,24275.4,24270.85,24273.9,0
2026-07-17T12:55:00+05:30,24274.15,24278.55,24270.7,24271.2,0
2026-07-17T12:56:00+05:30,24271.6,24275.8,24271.0,24274.55,0
2026-07-17T12:57:00+05:30,24275.55,24284.5,24274.05,24280.35,0
2026-07-17T12:58:00+05:30,24281.35,24283.85,24277.5,24278.95,0
2026-07-17T12:59:00+05:30,24280.05,24285.2,24278.65,24283.3,0
2026-07-17T13:00:00+05:30,24283.5,24285.0,24281.6,24282.4,0
2026-07-17T13:01:00+05:30,24282.8,24286.7,24282.45,24283.75,0
2026-07-17T13:02:00+05:30,24284.45,24286.55,24278.55,24278.65,0
2026-07-17T13:03:00+05:30,24279.65,24283.6,24276.35,24279.25,0
2026-07-17T13:04:00+05:30,24280.7,24286.8,24279.75,24279.85,0
2026-07-17T13:05:00+05:30,24281.55,24282.8,24278.3,24281.1,0
2026-07-17T13:06:00+05:30,24282.35,24284.55,24279.65,24283.3,0
2026-07-17T13:07:00+05:30,24283.95,24287.45,24275.95,24276.45,0
2026-07-17T13:08:00+05:30,24277.55,24281.65,24276.55,24279.75,0
2026-07-17T13:09:00+05:30,24280.7,24281.35,24276.55,24278.0,0
2026-07-17T13:10:00+05:30,24277.85,24282.0,24277.45,24279.5,0
2026-07-17T13:11:00+05:30,24280.2,24283.7,24279.25,24279.3,0
2026-07-17T13:12:00+05:30,24280.35,24283.4,24276.5,24277.35,0
2026-07-17T13:13:00+05:30,24277.9,24281.6,24276.2,24276.45,0
2026-07-17T13:14:00+05:30,24277.15,24286.75,24277.15,24282.55,0
2026-07-17T13:15:00+05:30,24282.0,24283.6,24267.8,24271.9,0
2026-07-17T13:16:00+05:30,24269.8,24273.5,24267.8,24272.8,0
2026-07-17T13:17:00+05:30,24273.05,24275.9,24271.95,24275.4,0
2026-07-17T13:18:00+05:30,24275.6,24277.75,24271.9,24272.55,0
2026-07-17T13:19:00+05:30,24273.15,24277.65,24271.2,24273.6,0
2026-07-17T13:20:00+05:30,24274.35,24280.9,24273.95,24277.3,0
2026-07-17T13:21:00+05:30,24277.05,24279.8,24274.25,24277.45,0
2026-07-17T13:22:00+05:30,24277.5,24278.75,24271.4,24274.5,0
2026-07-17T13:23:00+05:30,24274.35,24275.5,24268.4,24269.05,0
2026-07-17T13:24:00+05:30,24269.1,24274.1,24263.7,24266.45,0
2026-07-17T13:25:00+05:30,24266.05,24269.0,24262.3,24268.65,0
2026-07-17T13:26:00+05:30,24269.2,24272.2,24264.1,24265.0,0
2026-07-17T13:27:00+05:30,24264.45,24266.85,24260.7,24261.85,0
2026-07-17T13:28:00+05:30,24262.15,24263.05,24257.4,24260.65,0
2026-07-17T13:29:00+05:30,24261.25,24272.1,24261.25,24267.3,0
2026-07-17T13:30:00+05:30,24267.3,24271.1,24266.8,24269.75,0
2026-07-17T13:31:00+05:30,24269.7,24276.45,24267.15,24268.05,0
2026-07-17T13:32:00+05:30,24268.05,24269.8,24262.95,24266.5,0
2026-07-17T13:33:00+05:30,24266.8,24268.1,24263.25,24263.95,0
2026-07-17T13:34:00+05:30,24264.75,24267.0,24262.7,24265.7,0
2026-07-17T13:35:00+05:30,24266.0,24270.65,24265.7,24267.6,0
2026-07-17T13:36:00+05:30,24268.45,24274.3,24267.6,24269.8,0
2026-07-17T13:37:00+05:30,24268.9,24272.5,24264.65,24264.7,0
2026-07-17T13:38:00+05:30,24264.95,24267.05,24262.15,24265.8,0
2026-07-17T13:39:00+05:30,24265.4,24270.4,24264.45,24269.5,0
2026-07-17T13:40:00+05:30,24269.5,24270.1,24257.25,24258.25,0
2026-07-17T13:41:00+05:30,24258.5,24260.25,24249.85,24254.65,0
2026-07-17T13:42:00+05:30,24254.85,24256.6,24249.2,24251.2,0
2026-07-17T13:43:00+05:30,24251.35,24252.1,24245.9,24248.35,0
2026-07-17T13:44:00+05:30,24248.1,24256.0,24247.55,24254.25,0
2026-07-17T13:45:00+05:30,24253.95,24255.25,24249.25,24252.4,0
2026-07-17T13:46:00+05:30,24251.95,24253.3,24243.85,24245.1,0
2026-07-17T13:47:00+05:30,24244.75,24244.95,24235.75,24238.7,0
2026-07-17T13:48:00+05:30,24238.85,24247.4,24238.35,24247.05,0
2026-07-17T13:49:00+05:30,24246.8,24248.55,24239.2,24239.95,0
2026-07-17T13:50:00+05:30,24239.4,24240.0,24226.0,24226.7,0
2026-07-17T13:51:00+05:30,24227.05,24227.05,24213.45,24215.95,0
2026-07-17T13:52:00+05:30,24215.4,24228.3,24215.4,24222.35,0
2026-07-17T13:53:00+05:30,24221.8,24229.7,24221.8,24229.25,0
2026-07-17T13:54:00+05:30,24230.05,24232.95,24228.65,24232.0,0
2026-07-17T13:55:00+05:30,24232.15,24238.75,24230.25,24236.5,0
2026-07-17T13:56:00+05:30,24236.85,24237.25,24229.7,24232.75,0
2026-07-17T13:57:00+05:30,24232.7,24236.4,24231.7,24233.7,0
2026-07-17T13:58:00+05:30,24232.9,24238.5,24232.65,24237.6,0
2026-07-17T13:59:00+05:30,24237.7,24252.4,24237.55,24250.1,0
2026-07-17T14:00:00+05:30,24247.45,24251.3,24245.95,24248.8,0
2026-07-17T14:01:00+05:30,24248.0,24250.65,24244.65,24246.8,0
2026-07-17T14:02:00+05:30,24246.65,24248.65,24241.8,24243.6,0
2026-07-17T14:03:00+05:30,24242.95,24247.3,24242.25,24246.25,0
2026-07-17T14:04:00+05:30,24246.65,24254.05,24246.55,24250.35,0
2026-07-17T14:05:00+05:30,24250.55,24257.45,24249.95,24254.7,0
2026-07-17T14:06:00+05:30,24254.7,24256.75,24249.45,24249.65,0
2026-07-17T14:07:00+05:30,24249.15,24252.6,24246.35,24251.05,0
2026-07-17T14:08:00+05:30,24250.45,24254.05,24248.1,24251.1,0
2026-07-17T14:09:00+05:30,24251.6,24255.25,24250.65,24252.95,0
2026-07-17T14:10:00+05:30,24253.25,24256.05,24252.75,24254.0,0
2026-07-17T14:11:00+05:30,24254.5,24266.65,24254.5,24265.25,0
2026-07-17T14:12:00+05:30,24264.5,24272.85,24264.5,24271.6,0
2026-07-17T14:13:00+05:30,24271.25,24278.05,24271.25,24277.25,0
2026-07-17T14:14:00+05:30,24276.95,24284.45,24276.95,24280.55,0
2026-07-17T14:15:00+05:30,24281.7,24346.3,24281.7,24345.4,0
2026-07-17T14:16:00+05:30,24345.3,24364.4,24334.2,24362.9,0
2026-07-17T14:17:00+05:30,24362.75,24367.3,24344.0,24347.45,0
2026-07-17T14:18:00+05:30,24347.7,24348.05,24331.55,24332.7,0
2026-07-17T14:19:00+05:30,24332.95,24333.3,24308.3,24308.45,0
2026-07-17T14:20:00+05:30,24308.6,24320.7,24308.5,24312.75,0
2026-07-17T14:21:00+05:30,24313.4,24315.35,24304.45,24308.9,0
2026-07-17T14:22:00+05:30,24309.35,24309.95,24300.95,24300.95,0
2026-07-17T14:23:00+05:30,24300.7,24302.1,24292.7,24292.7,0
2026-07-17T14:24:00+05:30,24293.0,24297.95,24290.8,24297.45,0
2026-07-17T14:25:00+05:30,24298.3,24309.55,24293.3,24307.3,0
2026-07-17T14:26:00+05:30,24306.55,24316.5,24306.55,24311.25,0
2026-07-17T14:27:00+05:30,24310.55,24312.75,24306.7,24310.95,0
2026-07-17T14:28:00+05:30,24310.45,24317.05,24309.25,24309.5,0
2026-07-17T14:29:00+05:30,24309.7,24311.65,24284.65,24287.4,0
2026-07-17T14:30:00+05:30,24287.2,24307.0,24286.85,24304.65,0
2026-07-17T14:31:00+05:30,24304.3,24307.4,24298.1,24300.3,0
2026-07-17T14:32:00+05:30,24299.55,24303.1,24296.35,24299.15,0
2026-07-17T14:33:00+05:30,24299.15,24301.7,24295.05,24295.55,0
2026-07-17T14:34:00+05:30,24296.0,24301.1,24294.9,24298.0,0
2026-07-17T14:35:00+05:30,24299.0,24301.4,24295.85,24298.65,0
2026-07-17T14:36:00+05:30,24298.7,24299.45,24291.1,24293.25,0
2026-07-17T14:37:00+05:30,24293.65,24295.05,24291.0,24293.05,0
2026-07-17T14:38:00+05:30,24292.55,24301.35,24290.0,24298.95,0
2026-07-17T14:39:00+05:30,24298.0,24299.65,24295.85,24297.9,0
2026-07-17T14:40:00+05:30,24298.0,24304.8,24298.0,24302.0,0
2026-07-17T14:41:00+05:30,24302.4,24312.15,24299.7,24311.85,0
2026-07-17T14:42:00+05:30,24310.9,24313.85,24305.75,24310.4,0
2026-07-17T14:43:00+05:30,24310.5,24317.8,24310.5,24312.1,0
2026-07-17T14:44:00+05:30,24312.15,24321.05,24310.95,24317.65,0
2026-07-17T14:45:00+05:30,24318.85,24322.7,24317.5,24319.5,0
2026-07-17T14:46:00+05:30,24318.2,24326.55,24315.9,24325.05,0
2026-07-17T14:47:00+05:30,24323.75,24327.65,24320.35,24321.6,0
2026-07-17T14:48:00+05:30,24322.4,24323.05,24316.4,24320.25,0
2026-07-17T14:49:00+05:30,24321.15,24327.1,24320.7,24324.0,0
2026-07-17T14:50:00+05:30,24323.9,24325.5,24318.05,24320.0,0
2026-07-17T14:51:00+05:30,24319.8,24325.05,24315.35,24317.05,0
2026-07-17T14:52:00+05:30,24316.65,24321.55,24316.5,24319.6,0
2026-07-17T14:53:00+05:30,24319.1,24321.05,24313.9,24320.5,0
2026-07-17T14:54:00+05:30,24321.1,24321.8,24316.25,24320.95,0
2026-07-17T14:55:00+05:30,24321.05,24329.9,24318.55,24327.4,0
2026-07-17T14:56:00+05:30,24328.1,24334.8,24321.45,24324.9,0
2026-07-17T14:57:00+05:30,24325.6,24328.55,24321.6,24321.6,0
2026-07-17T14:58:00+05:30,24321.35,24323.7,24315.15,24315.85,0
2026-07-17T14:59:00+05:30,24316.3,24319.95,24311.7,24311.75,0
2026-07-17T15:00:00+05:30,24311.85,24325.5,24311.2,24323.7,0
2026-07-17T15:01:00+05:30,24323.6,24332.8,24323.4,24325.6,0
2026-07-17T15:02:00+05:30,24326.15,24326.8,24321.05,24324.35,0
2026-07-17T15:03:00+05:30,24324.3,24325.35,24317.8,24317.95,0
2026-07-17T15:04:00+05:30,24318.65,24324.15,24317.1,24322.05,0
2026-07-17T15:05:00+05:30,24321.8,24328.55,24321.75,24327.55,0
2026-07-17T15:06:00+05:30,24327.5,24331.7,24326.35,24330.2,0
2026-07-17T15:07:00+05:30,24329.65,24334.65,24329.35,24334.3,0
2026-07-17T15:08:00+05:30,24333.2,24333.25,24330.2,24332.1,0
2026-07-17T15:09:00+05:30,24331.95,24335.05,24330.45,24333.55,0
2026-07-17T15:10:00+05:30,24332.9,24335.45,24330.5,24331.75,0
2026-07-17T15:11:00+05:30,24331.45,24335.55,24330.1,24332.25,0
2026-07-17T15:12:00+05:30,24332.25,24338.25,24331.7,24336.05,0
2026-07-17T15:13:00+05:30,24335.0,24336.55,24331.7,24334.9,0
2026-07-17T15:14:00+05:30,24335.1,24335.35,24327.95,24328.75,0
2026-07-17T15:15:00+05:30,24328.9,24329.65,24320.3,24323.85,0
2026-07-17T15:16:00+05:30,24324.1,24326.1,24320.95,24322.9,0
2026-07-17T15:17:00+05:30,24323.1,24327.0,24321.75,24325.55,0
2026-07-17T15:18:00+05:30,24325.15,24330.35,24324.45,24328.8,0
2026-07-17T15:19:00+05:30,24327.2,24330.4,24324.8,24329.0,0
2026-07-17T15:20:00+05:30,24327.25,24332.95,24326.35,24332.95,0
2026-07-17T15:21:00+05:30,24332.7,24335.55,24328.5,24333.15,0
2026-07-17T15:22:00+05:30,24333.45,24337.4,24332.25,24336.85,0
2026-07-17T15:23:00+05:30,24337.15,24339.65,24334.2,24337.95,0
2026-07-17T15:24:00+05:30,24336.75,24343.5,24336.6,24342.8,0
2026-07-17T15:25:00+05:30,24341.55,24348.0,24339.75,24345.0,0
2026-07-17T15:26:00+05:30,24344.65,24345.55,24340.4,24342.8,0
2026-07-17T15:27:00+05:30,24341.2,24346.75,24340.75,24344.0,0
2026-07-17T15:28:00+05:30,24345.25,24346.95,24339.2,24339.4,0
2026-07-17T15:29:00+05:30,24342.4,24352.65,24340.05,24346.7,0
2026-07-20T09:15:00+05:30,24190.05,24262.35,24149.9,24252.0,0
2026-07-20T09:16:00+05:30,24252.7,24253.25,24192.9,24217.2,0
2026-07-20T09:17:00+05:30,24216.7,24230.0,24206.5,24225.7,0
2026-07-20T09:18:00+05:30,24226.1,24229.55,24212.05,24216.5,0
2026-07-20T09:19:00+05:30,24216.8,24216.8,24203.25,24209.7,0
2026-07-20T09:20:00+05:30,24205.85,24211.7,24192.15,24198.2,0
2026-07-20T09:21:00+05:30,24196.35,24203.15,24188.9,24188.9,0
2026-07-20T09:22:00+05:30,24189.6,24191.75,24178.3,24187.6,0
2026-07-20T09:23:00+05:30,24187.95,24197.6,24186.5,24192.35,0
2026-07-20T09:24:00+05:30,24192.1,24217.15,24191.45,24212.65,0
2026-07-20T09:25:00+05:30,24213.5,24214.4,24194.25,24198.0,0
2026-07-20T09:26:00+05:30,24197.7,24205.55,24192.85,24203.85,0
2026-07-20T09:27:00+05:30,24204.55,24204.55,24192.95,24196.65,0
2026-07-20T09:28:00+05:30,24197.0,24197.3,24181.65,24188.35,0
2026-07-20T09:29:00+05:30,24188.25,24195.7,24185.2,24191.7,0
2026-07-20T09:30:00+05:30,24191.9,24193.05,24179.85,24182.95,0
2026-07-20T09:31:00+05:30,24184.2,24188.3,24176.4,24181.35,0
2026-07-20T09:32:00+05:30,24182.6,24184.85,24174.9,24182.1,0
2026-07-20T09:33:00+05:30,24178.5,24182.35,24170.2,24175.65,0
2026-07-20T09:34:00+05:30,24175.4,24181.55,24171.05,24180.45,0
2026-07-20T09:35:00+05:30,24182.0,24185.1,24175.9,24183.95,0
2026-07-20T09:36:00+05:30,24184.15,24190.65,24183.4,24189.45,0
2026-07-20T09:37:00+05:30,24191.05,24191.8,24180.75,24181.0,0
2026-07-20T09:38:00+05:30,24182.1,24183.55,24170.35,24172.1,0
2026-07-20T09:39:00+05:30,24172.05,24174.05,24162.75,24162.75,0
2026-07-20T09:40:00+05:30,24162.6,24169.7,24160.95,24168.35,0
2026-07-20T09:41:00+05:30,24167.9,24169.6,24161.7,24161.7,0
2026-07-20T09:42:00+05:30,24161.65,24168.5,24159.6,24167.85,0
2026-07-20T09:43:00+05:30,24168.0,24178.9,24167.35,24175.65,0
2026-07-20T09:44:00+05:30,24175.75,24177.7,24169.05,24171.45,0
2026-07-20T09:45:00+05:30,24170.6,24175.6,24163.15,24163.35,0
2026-07-20T09:46:00+05:30,24164.65,24170.0,24163.9,24166.0,0
2026-07-20T09:47:00+05:30,24167.65,24168.25,24160.55,24161.35,0
2026-07-20T09:48:00+05:30,24161.35,24165.2,24158.1,24159.55,0
2026-07-20T09:49:00+05:30,24159.8,24163.8,24157.5,24163.3,0
2026-07-20T09:50:00+05:30,24162.7,24175.9,24162.05,24172.0,0
2026-07-20T09:51:00+05:30,24171.75,24174.55,24164.25,24165.1,0
2026-07-20T09:52:00+05:30,24164.5,24170.75,24163.15,24169.6,0
2026-07-20T09:53:00+05:30,24170.35,24179.15,24168.55,24172.1,0
2026-07-20T09:54:00+05:30,24172.25,24178.8,24171.95,24178.15,0
2026-07-20T09:55:00+05:30,24176.2,24185.55,24174.75,24183.25,0
2026-07-20T09:56:00+05:30,24183.85,24190.95,24181.7,24189.25,0
2026-07-20T09:57:00+05:30,24189.3,24193.7,24185.0,24192.25,0
2026-07-20T09:58:00+05:30,24190.7,24198.5,24190.45,24196.1,0
2026-07-20T09:59:00+05:30,24195.45,24196.2,24188.2,24190.25,0
2026-07-20T10:00:00+05:30,24191.25,24191.25,24179.8,24187.1,0
2026-07-20T10:01:00+05:30,24187.5,24190.65,24181.8,24186.65,0
2026-07-20T10:02:00+05:30,24187.05,24197.65,24185.95,24195.2,0
2026-07-20T10:03:00+05:30,24195.05,24207.1,24193.0,24197.4,0
2026-07-20T10:04:00+05:30,24198.85,24199.05,24192.25,24194.55,0
2026-07-20T10:05:00+05:30,24194.55,24203.25,24192.4,24201.75,0
2026-07-20T10:06:00+05:30,24202.0,24209.5,24201.55,24202.55,0
2026-07-20T10:07:00+05:30,24202.5,24203.25,24195.7,24199.85,0
2026-07-20T10:08:00+05:30,24199.3,24201.6,24190.5,24191.6,0
2026-07-20T10:09:00+05:30,24192.25,24203.6,24192.25,24201.55,0
2026-07-20T10:10:00+05:30,24201.7,24210.75,24199.85,24207.75,0
2026-07-20T10:11:00+05:30,24207.35,24212.35,24206.0,24212.1,0
2026-07-20T10:12:00+05:30,24212.65,24218.0,24210.75,24217.9,0
2026-07-20T10:13:00+05:30,24218.1,24219.4,24208.6,24209.5,0
2026-07-20T10:14:00+05:30,24210.35,24211.6,24206.25,24209.95,0
2026-07-20T10:15:00+05:30,24210.4,24214.95,24207.35,24214.45,0
2026-07-20T10:16:00+05:30,24213.7,24222.15,24210.55,24222.15,0
2026-07-20T10:17:00+05:30,24221.7,24232.2,24221.1,24229.8,0
2026-07-20T10:18:00+05:30,24231.15,24232.35,24227.5,24229.8,0
2026-07-20T10:19:00+05:30,24230.3,24231.9,24224.3,24228.1,0
2026-07-20T10:20:00+05:30,24228.3,24230.15,24221.35,24222.6,0
2026-07-20T10:21:00+05:30,24222.6,24223.45,24219.25,24222.45,0
2026-07-20T10:22:00+05:30,24222.9,24226.9,24215.6,24217.25,0
2026-07-20T10:23:00+05:30,24217.5,24220.05,24210.8,24211.75,0
2026-07-20T10:24:00+05:30,24211.5,24215.25,24208.0,24213.75,0
2026-07-20T10:25:00+05:30,24213.75,24216.0,24209.9,24214.45,0
2026-07-20T10:26:00+05:30,24214.15,24223.45,24211.95,24223.3,0
2026-07-20T10:27:00+05:30,24223.3,24227.8,24222.25,24223.1,0
2026-07-20T10:28:00+05:30,24223.05,24229.35,24222.75,24228.7,0
2026-07-20T10:29:00+05:30,24228.3,24230.25,24226.45,24230.25,0
2026-07-20T10:30:00+05:30,24229.9,24233.7,24228.05,24233.05,0
2026-07-20T10:31:00+05:30,24233.15,24239.2,24230.3,24235.4,0
2026-07-20T10:32:00+05:30,24236.4,24237.85,24229.4,24235.5,0
2026-07-20T10:33:00+05:30,24235.8,24238.1,24232.65,24235.0,0
2026-07-20T10:34:00+05:30,24234.3,24236.5,24224.2,24224.2,0
2026-07-20T10:35:00+05:30,24225.6,24226.35,24215.5,24217.05,0
2026-07-20T10:36:00+05:30,24217.8,24223.35,24216.3,24220.7,0
2026-07-20T10:37:00+05:30,24220.5,24221.85,24213.95,24215.4,0
2026-07-20T10:38:00+05:30,24215.25,24219.7,24214.35,24218.35,0
2026-07-20T10:39:00+05:30,24218.0,24226.9,24217.4,24224.2,0
2026-07-20T10:40:00+05:30,24224.0,24229.9,24217.05,24217.05,0
2026-07-20T10:41:00+05:30,24217.45,24221.65,24215.9,24216.85,0
2026-07-20T10:42:00+05:30,24217.05,24221.05,24213.55,24217.5,0
2026-07-20T10:43:00+05:30,24217.3,24223.9,24215.9,24223.15,0
2026-07-20T10:44:00+05:30,24223.05,24227.05,24218.45,24218.45,0
2026-07-20T10:45:00+05:30,24218.4,24220.1,24216.55,24218.5,0
2026-07-20T10:46:00+05:30,24218.4,24225.1,24218.0,24222.85,0
2026-07-20T10:47:00+05:30,24222.65,24228.15,24220.5,24222.75,0
2026-07-20T10:48:00+05:30,24222.85,24226.25,24222.15,24222.55,0
2026-07-20T10:49:00+05:30,24222.45,24226.95,24221.7,24225.8,0
2026-07-20T10:50:00+05:30,24225.95,24232.15,24224.05,24230.3,0
2026-07-20T10:51:00+05:30,24230.6,24232.4,24228.25,24229.45,0
2026-07-20T10:52:00+05:30,24228.95,24229.35,24225.6,24227.4,0
2026-07-20T10:53:00+05:30,24226.85,24228.15,24216.75,24219.45,0
2026-07-20T10:54:00+05:30,24218.75,24224.25,24218.75,24223.15,0
2026-07-20T10:55:00+05:30,24223.8,24224.45,24216.55,24217.9,0
2026-07-20T10:56:00+05:30,24218.0,24226.45,24218.0,24224.35,0
2026-07-20T10:57:00+05:30,24224.85,24230.5,24222.75,24226.5,0
2026-07-20T10:58:00+05:30,24226.8,24228.25,24222.35,24224.3,0
2026-07-20T10:59:00+05:30,24223.85,24231.55,24223.1,24228.65,0
2026-07-20T11:00:00+05:30,24228.6,24231.0,24221.1,24222.85,0
2026-07-20T11:01:00+05:30,24223.65,24225.3,24220.75,24224.0,0
2026-07-20T11:02:00+05:30,24223.85,24224.6,24220.15,24221.3,0
2026-07-20T11:03:00+05:30,24221.2,24226.1,24220.45,24224.1,0
2026-07-20T11:04:00+05:30,24223.3,24225.15,24219.25,24222.8,0
2026-07-20T11:05:00+05:30,24222.85,24222.85,24211.05,24215.35,0
2026-07-20T11:06:00+05:30,24215.65,24217.65,24212.15,24217.2,0
2026-07-20T11:07:00+05:30,24216.9,24231.7,24216.15,24230.8,0
2026-07-20T11:08:00+05:30,24230.15,24234.3,24227.4,24233.05,0
2026-07-20T11:09:00+05:30,24233.5,24234.9,24227.05,24229.15,0
2026-07-20T11:10:00+05:30,24229.65,24231.65,24219.45,24219.45,0
2026-07-20T11:11:00+05:30,24223.2,24224.55,24218.75,24220.45,0
2026-07-20T11:12:00+05:30,24221.05,24222.9,24218.2,24221.15,0
2026-07-20T11:13:00+05:30,24220.55,24221.65,24215.0,24218.4,0
2026-07-20T11:14:00+05:30,24218.4,24219.15,24213.9,24214.6,0
2026-07-20T11:15:00+05:30,24215.45,24218.55,24207.7,24207.9,0
2026-07-20T11:16:00+05:30,24207.95,24210.95,24203.05,24210.65,0
2026-07-20T11:17:00+05:30,24210.8,24217.35,24210.0,24217.35,0
2026-07-20T11:18:00+05:30,24217.2,24221.1,24215.7,24218.4,0
2026-07-20T11:19:00+05:30,24218.4,24219.0,24215.65,24216.65,0
2026-07-20T11:20:00+05:30,24217.3,24222.95,24215.05,24221.5,0
2026-07-20T11:21:00+05:30,24221.5,24224.8,24220.4,24222.0,0
2026-07-20T11:22:00+05:30,24221.7,24222.0,24214.0,24217.0,0
2026-07-20T11:23:00+05:30,24216.85,24217.6,24212.25,24212.6,0
2026-07-20T11:24:00+05:30,24212.95,24214.05,24208.75,24211.5,0
2026-07-20T11:25:00+05:30,24211.2,24216.45,24211.0,24215.75,0
2026-07-20T11:26:00+05:30,24215.35,24218.5,24214.6,24216.75,0
2026-07-20T11:27:00+05:30,24217.45,24221.9,24216.1,24219.85,0
2026-07-20T11:28:00+05:30,24220.65,24222.2,24210.95,24212.65,0
2026-07-20T11:29:00+05:30,24210.8,24211.95,24205.85,24209.9,0
2026-07-20T11:30:00+05:30,24210.05,24212.55,24205.75,24206.55,0
2026-07-20T11:31:00+05:30,24207.35,24207.95,24200.6,24201.35,0
2026-07-20T11:32:00+05:30,24201.45,24210.3,24200.35,24208.0,0
2026-07-20T11:33:00+05:30,24207.6,24211.4,24206.4,24209.6,0
2026-07-20T11:34:00+05:30,24209.65,24210.65,24205.2,24207.15,0
2026-07-20T11:35:00+05:30,24206.75,24208.2,24194.95,24199.0,0
2026-07-20T11:36:00+05:30,24199.35,24205.2,24197.85,24204.5,0
2026-07-20T11:37:00+05:30,24204.2,24209.7,24203.4,24208.85,0
2026-07-20T11:38:00+05:30,24208.85,24215.45,24208.8,24211.05,0
2026-07-20T11:39:00+05:30,24211.05,24213.0,24208.8,24209.85,0
2026-07-20T11:40:00+05:30,24209.65,24211.85,24204.65,24205.9,0
2026-07-20T11:41:00+05:30,24205.6,24210.35,24203.55,24207.65,0
2026-07-20T11:42:00+05:30,24208.25,24208.4,24204.15,24205.3,0
2026-07-20T11:43:00+05:30,24205.5,24206.25,24200.05,24201.0,0
2026-07-20T11:44:00+05:30,24201.1,24201.5,24195.45,24196.25,0
2026-07-20T11:45:00+05:30,24196.45,24196.65,24188.25,24188.55,0
2026-07-20T11:46:00+05:30,24188.15,24197.15,24188.15,24196.7,0
2026-07-20T11:47:00+05:30,24196.65,24197.05,24190.95,24192.9,0
2026-07-20T11:48:00+05:30,24192.8,24195.8,24191.0,24192.25,0
2026-07-20T11:49:00+05:30,24192.15,24194.2,24189.55,24191.95,0
2026-07-20T11:50:00+05:30,24192.6,24194.8,24189.15,24191.7,0
2026-07-20T11:51:00+05:30,24192.1,24194.25,24187.0,24187.8,0
2026-07-20T11:52:00+05:30,24187.5,24188.65,24181.95,24187.55,0
2026-07-20T11:53:00+05:30,24187.85,24190.4,24185.8,24187.2,0
2026-07-20T11:54:00+05:30,24187.7,24188.65,24179.35,24179.5,0
2026-07-20T11:55:00+05:30,24179.75,24182.5,24177.0,24181.8,0
2026-07-20T11:56:00+05:30,24182.4,24186.65,24181.7,24185.45,0
2026-07-20T11:57:00+05:30,24185.35,24186.25,24179.15,24182.9,0
2026-07-20T11:58:00+05:30,24183.1,24190.25,24180.5,24189.6,0
2026-07-20T11:59:00+05:30,24189.85,24192.95,24188.6,24189.5,0
2026-07-20T12:00:00+05:30,24189.6,24191.35,24182.85,24182.85,0
2026-07-20T12:01:00+05:30,24183.15,24185.25,24182.2,24183.1,0
2026-07-20T12:02:00+05:30,24183.6,24184.05,24179.75,24182.1,0
2026-07-20T12:03:00+05:30,24181.7,24183.5,24175.15,24175.9,0
2026-07-20T12:04:00+05:30,24175.15,24179.6,24174.25,24177.05,0
2026-07-20T12:05:00+05:30,24177.2,24184.65,24175.1,24181.8,0
2026-07-20T12:06:00+05:30,24182.1,24185.3,24179.9,24183.25,0
2026-07-20T12:07:00+05:30,24183.1,24185.4,24180.0,24183.2,0
2026-07-20T12:08:00+05:30,24183.45,24183.75,24176.3,24180.4,0
2026-07-20T12:09:00+05:30,24180.65,24182.4,24176.45,24179.5,0
2026-07-20T12:10:00+05:30,24179.3,24186.4,24178.6,24181.95,0
2026-07-20T12:11:00+05:30,24183.2,24191.85,24181.7,24190.9,0
2026-07-20T12:12:00+05:30,24191.05,24192.45,24188.1,24189.35,0
2026-07-20T12:13:00+05:30,24189.45,24191.5,24185.85,24186.45,0
2026-07-20T12:14:00+05:30,24186.9,24189.3,24184.65,24187.7,0
2026-07-20T12:15:00+05:30,24187.7,24192.85,24186.95,24191.85,0
2026-07-20T12:16:00+05:30,24191.95,24194.4,24188.85,24193.9,0
2026-07-20T12:17:00+05:30,24193.65,24199.9,24192.9,24198.05,0
2026-07-20T12:18:00+05:30,24197.55,24198.1,24192.15,24192.5,0
2026-07-20T12:19:00+05:30,24193.35,24196.0,24191.85,24196.0,0
2026-07-20T12:20:00+05:30,24195.55,24195.7,24192.2,24192.85,0
2026-07-20T12:21:00+05:30,24192.8,24198.3,24191.7,24197.05,0
2026-07-20T12:22:00+05:30,24197.85,24198.05,24191.8,24192.7,0
2026-07-20T12:23:00+05:30,24192.8,24193.0,24184.2,24185.15,0
2026-07-20T12:24:00+05:30,24185.35,24185.35,24179.5,24179.8,0
2026-07-20T12:25:00+05:30,24180.0,24184.5,24179.95,24182.5,0
2026-07-20T12:26:00+05:30,24182.35,24185.1,24178.25,24178.25,0
2026-07-20T12:27:00+05:30,24178.55,24181.55,24176.0,24179.05,0
2026-07-20T12:28:00+05:30,24179.5,24181.7,24174.95,24176.35,0
2026-07-20T12:29:00+05:30,24176.35,24176.9,24168.2,24171.7,0
2026-07-20T12:30:00+05:30,24172.0,24179.85,24172.0,24179.45,0
2026-07-20T12:31:00+05:30,24179.2,24182.25,24178.2,24180.2,0
2026-07-20T12:32:00+05:30,24180.9,24182.3,24177.6,24179.25,0
2026-07-20T12:33:00+05:30,24179.3,24182.1,24177.75,24179.2,0
2026-07-20T12:34:00+05:30,24179.8,24180.2,24173.4,24175.25,0
2026-07-20T12:35:00+05:30,24175.85,24179.2,24172.35,24173.3,0
2026-07-20T12:36:00+05:30,24173.6,24174.2,24166.5,24166.65,0
2026-07-20T12:37:00+05:30,24166.55,24169.15,24164.5,24168.35,0
2026-07-20T12:38:00+05:30,24168.7,24170.4,24163.4,24164.5,0
2026-07-20T12:39:00+05:30,24165.1,24168.25,24163.9,24166.25,0
2026-07-20T12:40:00+05:30,24166.55,24169.95,24165.9,24169.05,0
2026-07-20T12:41:00+05:30,24168.95,24171.2,24164.8,24171.2,0
2026-07-20T12:42:00+05:30,24171.2,24173.3,24165.7,24165.7,0
2026-07-20T12:43:00+05:30,24165.85,24165.85,24157.8,24157.8,0
2026-07-20T12:44:00+05:30,24159.25,24161.45,24156.05,24157.2,0
2026-07-20T12:45:00+05:30,24157.4,24158.05,24153.9,24156.4,0
2026-07-20T12:46:00+05:30,24155.7,24159.35,24153.35,24153.75,0
2026-07-20T12:47:00+05:30,24155.15,24155.35,24140.4,24140.95,0
2026-07-20T12:48:00+05:30,24140.8,24142.35,24135.85,24141.05,0
2026-07-20T12:49:00+05:30,24142.1,24144.5,24138.6,24143.5,0
2026-07-20T12:50:00+05:30,24142.55,24151.75,24142.55,24149.8,0
2026-07-20T12:51:00+05:30,24150.0,24152.25,24146.4,24146.45,0
2026-07-20T12:52:00+05:30,24146.75,24164.3,24145.2,24162.85,0
2026-07-20T12:53:00+05:30,24162.65,24163.2,24158.35,24158.35,0
2026-07-20T12:54:00+05:30,24158.85,24166.4,24158.8,24164.85,0
2026-07-20T12:55:00+05:30,24164.85,24171.2,24163.3,24168.1,0
2026-07-20T12:56:00+05:30,24168.8,24171.55,24167.25,24170.05,0
2026-07-20T12:57:00+05:30,24169.7,24177.9,24168.25,24175.8,0
2026-07-20T12:58:00+05:30,24175.75,24190.3,24175.55,24186.9,0
2026-07-20T12:59:00+05:30,24187.05,24189.25,24183.65,24186.8,0
2026-07-20T13:00:00+05:30,24186.7,24189.35,24185.6,24186.0,0
2026-07-20T13:01:00+05:30,24186.0,24186.5,24179.9,24182.25,0
2026-07-20T13:02:00+05:30,24182.2,24184.2,24180.0,24181.85,0
2026-07-20T13:03:00+05:30,24182.05,24184.25,24180.7,24182.05,0
2026-07-20T13:04:00+05:30,24182.5,24186.25,24181.55,24185.2,0
2026-07-20T13:05:00+05:30,24185.55,24186.55,24180.65,24181.25,0
2026-07-20T13:06:00+05:30,24181.1,24184.15,24179.7,24180.95,0
2026-07-20T13:07:00+05:30,24181.15,24183.7,24180.45,24181.75,0
2026-07-20T13:08:00+05:30,24182.35,24184.05,24175.8,24177.2,0
2026-07-20T13:09:00+05:30,24177.1,24181.4,24176.85,24179.85,0
2026-07-20T13:10:00+05:30,24180.15,24181.9,24178.55,24178.85,0
2026-07-20T13:11:00+05:30,24179.0,24184.85,24178.05,24182.65,0
2026-07-20T13:12:00+05:30,24182.1,24189.15,24181.3,24186.55,0
2026-07-20T13:13:00+05:30,24187.0,24196.45,24186.45,24194.3,0
2026-07-20T13:14:00+05:30,24193.2,24226.0,24193.2,24225.0,0
2026-07-20T13:15:00+05:30,24224.75,24236.5,24212.4,24214.8,0
2026-07-20T13:16:00+05:30,24215.0,24222.5,24214.45,24219.25,0
2026-07-20T13:17:00+05:30,24219.35,24220.8,24216.3,24216.75,0
2026-07-20T13:18:00+05:30,24216.75,24220.2,24215.95,24217.15,0
2026-07-20T13:19:00+05:30,24218.0,24222.55,24217.35,24219.95,0
2026-07-20T13:20:00+05:30,24220.95,24223.5,24219.35,24220.0,0
2026-07-20T13:21:00+05:30,24219.7,24222.45,24218.9,24220.6,0
2026-07-20T13:22:00+05:30,24220.35,24233.55,24220.35,24232.7,0
2026-07-20T13:23:00+05:30,24232.85,24237.5,24232.6,24234.85,0
2026-07-20T13:24:00+05:30,24234.9,24236.25,24232.55,24234.7,0
2026-07-20T13:25:00+05:30,24234.6,24235.15,24224.8,24227.7,0
2026-07-20T13:26:00+05:30,24228.7,24233.95,24227.55,24232.5,0
2026-07-20T13:27:00+05:30,24232.8,24245.05,24232.75,24243.65,0
2026-07-20T13:28:00+05:30,24243.4,24246.35,24241.95,24242.4,0
2026-07-20T13:29:00+05:30,24242.9,24244.25,24240.15,24243.3,0
2026-07-20T13:30:00+05:30,24243.2,24246.5,24236.6,24236.85,0
2026-07-20T13:31:00+05:30,24236.7,24241.05,24236.15,24237.15,0
2026-07-20T13:32:00+05:30,24237.8,24241.3,24235.4,24238.25,0
2026-07-20T13:33:00+05:30,24237.55,24241.95,24236.15,24239.35,0
2026-07-20T13:34:00+05:30,24239.25,24243.9,24236.1,24236.45,0
2026-07-20T13:35:00+05:30,24237.4,24245.45,24234.45,24242.8,0
2026-07-20T13:36:00+05:30,24243.3,24250.05,24242.6,24243.2,0
2026-07-20T13:37:00+05:30,24244.05,24245.75,24237.65,24238.05,0
2026-07-20T13:38:00+05:30,24238.8,24241.55,24238.6,24239.55,0
2026-07-20T13:39:00+05:30,24239.4,24241.4,24238.35,24241.15,0
2026-07-20T13:40:00+05:30,24240.75,24241.05,24237.05,24238.9,0
2026-07-20T13:41:00+05:30,24238.55,24239.6,24235.45,24235.45,0
2026-07-20T13:42:00+05:30,24236.15,24237.55,24233.75,24234.45,0
2026-07-20T13:43:00+05:30,24233.95,24236.0,24232.45,24233.55,0
2026-07-20T13:44:00+05:30,24232.85,24233.4,24227.5,24228.8,0
2026-07-20T13:45:00+05:30,24228.25,24241.05,24227.15,24233.55,0
2026-07-20T13:46:00+05:30,24233.55,24245.45,24233.1,24244.6,0
2026-07-20T13:47:00+05:30,24245.1,24255.15,24244.7,24251.35,0
2026-07-20T13:48:00+05:30,24251.3,24256.6,24247.2,24248.65,0
2026-07-20T13:49:00+05:30,24248.2,24252.7,24245.7,24252.4,0
2026-07-20T13:50:00+05:30,24252.4,24253.75,24245.5,24247.0,0
2026-07-20T13:51:00+05:30,24247.05,24248.75,24239.7,24243.1,0
2026-07-20T13:52:00+05:30,24242.5,24243.15,24235.2,24236.75,0
2026-07-20T13:53:00+05:30,24236.6,24238.7,24232.8,24233.3,0
2026-07-20T13:54:00+05:30,24233.9,24241.25,24233.5,24240.5,0
2026-07-20T13:55:00+05:30,24240.65,24248.65,24240.0,24246.45,0
2026-07-20T13:56:00+05:30,24246.1,24247.45,24242.65,24246.25,0
2026-07-20T13:57:00+05:30,24246.25,24255.35,24246.1,24253.95,0
2026-07-20T13:58:00+05:30,24253.8,24257.9,24252.8,24256.0,0
2026-07-20T13:59:00+05:30,24255.8,24256.55,24253.15,24254.65,0
2026-07-20T14:00:00+05:30,24254.5,24256.0,24248.25,24251.1,0
2026-07-20T14:01:00+05:30,24251.15,24260.45,24250.9,24259.25,0
2026-07-20T14:02:00+05:30,24258.5,24261.55,24256.35,24257.7,0
2026-07-20T14:03:00+05:30,24257.85,24259.8,24256.8,24258.75,0
2026-07-20T14:04:00+05:30,24258.8,24263.2,24257.65,24262.25,0
2026-07-20T14:05:00+05:30,24261.85,24266.1,24260.5,24263.35,0
2026-07-20T14:06:00+05:30,24262.95,24264.3,24257.4,24261.75,0
2026-07-20T14:07:00+05:30,24261.55,24265.1,24256.6,24258.0,0
2026-07-20T14:08:00+05:30,24257.75,24264.5,24257.4,24261.7,0
2026-07-20T14:09:00+05:30,24261.45,24262.1,24253.95,24254.1,0
2026-07-20T14:10:00+05:30,24253.75,24257.4,24251.45,24253.75,0
2026-07-20T14:11:00+05:30,24253.15,24258.3,24251.7,24255.25,0
2026-07-20T14:12:00+05:30,24255.3,24261.55,24254.3,24260.05,0
2026-07-20T14:13:00+05:30,24260.05,24261.75,24253.7,24254.4,0
2026-07-20T14:14:00+05:30,24254.45,24255.55,24250.15,24250.9,0
2026-07-20T14:15:00+05:30,24250.55,24250.85,24243.7,24245.55,0
2026-07-20T14:16:00+05:30,24245.2,24247.45,24242.15,24242.75,0
2026-07-20T14:17:00+05:30,24243.3,24245.3,24241.05,24245.3,0
2026-07-20T14:18:00+05:30,24246.0,24251.15,24244.25,24250.55,0
2026-07-20T14:19:00+05:30,24250.25,24255.45,24249.75,24254.25,0
2026-07-20T14:20:00+05:30,24254.85,24255.0,24251.0,24251.7,0
2026-07-20T14:21:00+05:30,24251.35,24253.55,24249.45,24253.3,0
2026-07-20T14:22:00+05:30,24253.25,24255.55,24252.35,24254.05,0
2026-07-20T14:23:00+05:30,24253.8,24258.25,24253.35,24256.55,0
2026-07-20T14:24:00+05:30,24256.45,24259.1,24253.3,24253.95,0
2026-07-20T14:25:00+05:30,24253.75,24254.4,24249.65,24251.9,0
2026-07-20T14:26:00+05:30,24251.9,24255.65,24250.25,24253.35,0
2026-07-20T14:27:00+05:30,24253.15,24258.35,24251.65,24257.2,0
2026-07-20T14:28:00+05:30,24257.3,24258.0,24252.25,24254.05,0
2026-07-20T14:29:00+05:30,24254.35,24256.85,24252.4,24254.75,0
2026-07-20T14:30:00+05:30,24254.8,24256.55,24243.65,24245.25,0
2026-07-20T14:31:00+05:30,24245.0,24249.1,24241.8,24244.1,0
2026-07-20T14:32:00+05:30,24243.55,24245.55,24242.25,24244.0,0
2026-07-20T14:33:00+05:30,24243.55,24243.8,24239.7,24243.5,0
2026-07-20T14:34:00+05:30,24243.15,24245.6,24241.0,24242.9,0
2026-07-20T14:35:00+05:30,24242.6,24245.7,24236.15,24237.8,0
2026-07-20T14:36:00+05:30,24237.4,24238.75,24232.75,24232.75,0
2026-07-20T14:37:00+05:30,24233.25,24234.4,24224.75,24229.5,0
2026-07-20T14:38:00+05:30,24229.5,24232.65,24226.4,24231.9,0
2026-07-20T14:39:00+05:30,24231.45,24233.35,24228.2,24230.15,0
2026-07-20T14:40:00+05:30,24230.45,24236.25,24225.6,24236.25,0
2026-07-20T14:41:00+05:30,24236.25,24242.75,24235.4,24240.55,0
2026-07-20T14:42:00+05:30,24240.55,24241.7,24237.4,24239.35,0
2026-07-20T14:43:00+05:30,24239.5,24240.05,24233.7,24234.05,0
2026-07-20T14:44:00+05:30,24234.6,24238.1,24233.25,24237.1,0
2026-07-20T14:45:00+05:30,24237.1,24238.0,24233.1,24233.95,0
2026-07-20T14:46:00+05:30,24236.95,24241.7,24234.0,24240.45,0
2026-07-20T14:47:00+05:30,24240.3,24242.85,24239.35,24240.45,0
2026-07-20T14:48:00+05:30,24240.6,24243.05,24237.95,24239.3,0
2026-07-20T14:49:00+05:30,24239.25,24240.55,24236.9,24237.35,0
2026-07-20T14:50:00+05:30,24237.35,24241.85,24237.0,24241.05,0
2026-07-20T14:51:00+05:30,24240.95,24247.55,24239.95,24245.05,0
2026-07-20T14:52:00+05:30,24244.65,24248.5,24243.4,24248.5,0
2026-07-20T14:53:00+05:30,24247.7,24251.0,24246.1,24246.4,0
2026-07-20T14:54:00+05:30,24246.95,24248.4,24243.15,24243.95,0
2026-07-20T14:55:00+05:30,24243.65,24247.4,24241.2,24246.05,0
2026-07-20T14:56:00+05:30,24246.55,24246.8,24241.0,24242.35,0
2026-07-20T14:57:00+05:30,24242.55,24243.25,24237.9,24238.05,0
2026-07-20T14:58:00+05:30,24239.15,24242.1,24235.55,24236.1,0
2026-07-20T14:59:00+05:30,24236.95,24238.05,24230.1,24230.7,0
2026-07-20T15:00:00+05:30,24233.6,24246.5,24228.4,24233.35,0
2026-07-20T15:01:00+05:30,24235.65,24242.2,24233.1,24238.55,0
2026-07-20T15:02:00+05:30,24239.6,24240.45,24235.05,24235.85,0
2026-07-20T15:03:00+05:30,24237.6,24242.25,24232.95,24234.25,0
2026-07-20T15:04:00+05:30,24236.5,24236.75,24232.2,24233.45,0
2026-07-20T15:05:00+05:30,24234.95,24234.95,24229.55,24232.95,0
2026-07-20T15:06:00+05:30,24233.75,24236.85,24230.2,24234.25,0
2026-07-20T15:07:00+05:30,24235.9,24237.9,24233.6,24236.2,0
2026-07-20T15:08:00+05:30,24237.75,24238.15,24234.9,24237.0,0
2026-07-20T15:09:00+05:30,24237.9,24239.9,24234.9,24235.45,0
2026-07-20T15:10:00+05:30,24236.7,24241.75,24234.5,24241.35,0
2026-07-20T15:11:00+05:30,24243.1,24243.55,24235.0,24236.25,0
2026-07-20T15:12:00+05:30,24237.65,24240.15,24235.45,24237.0,0
2026-07-20T15:13:00+05:30,24238.85,24239.85,24236.55,24238.15,0
2026-07-20T15:14:00+05:30,24239.2,24239.2,24234.85,24238.15,0
2026-07-20T15:15:00+05:30,24240.15,24243.2,24238.2,24241.6,0
2026-07-20T15:16:00+05:30,24243.6,24243.6,24237.7,24239.65,0
2026-07-20T15:17:00+05:30,24239.45,24241.95,24237.65,24239.9,0
2026-07-20T15:18:00+05:30,24240.2,24240.65,24234.55,24236.25,0
2026-07-20T15:19:00+05:30,24237.7,24242.6,24233.35,24239.25,0
2026-07-20T15:20:00+05:30,24241.25,24241.6,24235.55,24238.95,0
2026-07-20T15:21:00+05:30,24240.95,24241.45,24234.6,24238.0,0
2026-07-20T15:22:00+05:30,24239.0,24239.0,24234.65,24237.15,0
2026-07-20T15:23:00+05:30,24238.05,24242.8,24236.35,24241.6,0
2026-07-20T15:24:00+05:30,24243.15,24247.05,24239.9,24245.15,0
2026-07-20T15:25:00+05:30,24246.95,24248.45,24241.6,24243.35,0
2026-07-20T15:26:00+05:30,24245.5,24245.65,24240.7,24243.3,0
2026-07-20T15:27:00+05:30,24244.5,24246.75,24241.85,24245.35,0
2026-07-20T15:28:00+05:30,24244.9,24246.65,24238.75,24243.55,0
2026-07-20T15:29:00+05:30,24241.05,24246.2,24237.85,24239.5,0
2026-07-21T09:15:00+05:30,24216.05,24260.65,24203.6,24242.85,0
2026-07-21T09:16:00+05:30,24245.75,24245.75,24227.8,24229.65,0
2026-07-21T09:17:00+05:30,24231.1,24243.6,24230.6,24239.1,0
2026-07-21T09:18:00+05:30,24240.55,24258.45,24233.55,24256.0,0
2026-07-21T09:19:00+05:30,24259.05,24262.2,24253.6,24255.55,0
2026-07-21T09:20:00+05:30,24256.15,24257.8,24244.5,24247.85,0
2026-07-21T09:21:00+05:30,24250.8,24255.9,24247.15,24254.9,0
2026-07-21T09:22:00+05:30,24257.05,24257.7,24246.75,24246.75,0
2026-07-21T09:23:00+05:30,24248.5,24251.85,24240.9,24240.9,0
2026-07-21T09:24:00+05:30,24242.9,24242.9,24228.4,24236.55,0
2026-07-21T09:25:00+05:30,24237.9,24237.9,24224.95,24229.55,0
2026-07-21T09:26:00+05:30,24231.15,24248.65,24228.6,24246.8,0
2026-07-21T09:27:00+05:30,24248.45,24255.95,24247.15,24248.15,0
2026-07-21T09:28:00+05:30,24249.05,24253.5,24245.55,24252.2,0
2026-07-21T09:29:00+05:30,24253.1,24254.9,24246.75,24247.75,0
2026-07-21T09:30:00+05:30,24248.6,24255.8,24237.45,24238.6,0
2026-07-21T09:31:00+05:30,24239.8,24241.15,24233.65,24234.8,0
2026-07-21T09:32:00+05:30,24234.75,24238.85,24230.9,24231.75,0
2026-07-21T09:33:00+05:30,24233.3,24233.3,24224.2,24226.65,0
2026-07-21T09:34:00+05:30,24228.65,24231.9,24225.8,24225.8,0
2026-07-21T09:35:00+05:30,24228.85,24228.85,24217.55,24219.55,0
2026-07-21T09:36:00+05:30,24222.55,24224.6,24217.35,24224.25,0
2026-07-21T09:37:00+05:30,24225.55,24237.15,24222.4,24234.45,0
2026-07-21T09:38:00+05:30,24235.4,24236.0,24226.95,24230.45,0
2026-07-21T09:39:00+05:30,24230.7,24230.95,24225.3,24226.05,0
2026-07-21T09:40:00+05:30,24226.7,24231.0,24224.85,24225.9,0
2026-07-21T09:41:00+05:30,24228.05,24232.5,24225.4,24231.15,0
2026-07-21T09:42:00+05:30,24232.5,24232.7,24225.05,24230.4,0
2026-07-21T09:43:00+05:30,24232.45,24232.45,24221.0,24223.25,0
2026-07-21T09:44:00+05:30,24226.25,24238.0,24222.45,24236.95,0
2026-07-21T09:45:00+05:30,24237.1,24237.95,24224.95,24225.5,0
2026-07-21T09:46:00+05:30,24226.15,24234.1,24222.8,24229.35,0
2026-07-21T09:47:00+05:30,24231.9,24232.5,24218.25,24218.55,0
2026-07-21T09:48:00+05:30,24220.4,24222.35,24217.4,24218.45,0
2026-07-21T09:49:00+05:30,24219.5,24223.15,24216.9,24222.15,0
2026-07-21T09:50:00+05:30,24224.2,24230.3,24219.65,24230.3,0
2026-07-21T09:51:00+05:30,24231.95,24234.55,24228.6,24229.9,0
2026-07-21T09:52:00+05:30,24231.95,24233.95,24226.35,24232.9,0
2026-07-21T09:53:00+05:30,24234.6,24240.9,24232.8,24236.1,0
2026-07-21T09:54:00+05:30,24238.25,24238.3,24226.25,24230.55,0
2026-07-21T09:55:00+05:30,24232.6,24233.6,24226.9,24229.0,0
2026-07-21T09:56:00+05:30,24230.75,24232.65,24225.3,24225.3,0
2026-07-21T09:57:00+05:30,24227.6,24235.9,24226.6,24232.25,0
2026-07-21T09:58:00+05:30,24234.1,24234.1,24226.8,24228.3,0
2026-07-21T09:59:00+05:30,24229.95,24231.05,24227.1,24229.4,0
2026-07-21T10:00:00+05:30,24232.0,24233.6,24229.4,24229.4,0
2026-07-21T10:01:00+05:30,24231.35,24231.35,24222.15,24223.3,0
2026-07-21T10:02:00+05:30,24225.5,24225.5,24218.75,24220.0,0
2026-07-21T10:03:00+05:30,24223.25,24223.25,24217.65,24221.7,0
2026-07-21T10:04:00+05:30,24223.7,24224.85,24218.75,24220.15,0
2026-07-21T10:05:00+05:30,24221.6,24223.9,24217.55,24221.95,0
2026-07-21T10:06:00+05:30,24224.4,24228.75,24218.85,24222.95,0
2026-07-21T10:07:00+05:30,24225.05,24229.85,24222.0,24226.5,0
2026-07-21T10:08:00+05:30,24227.9,24229.55,24224.15,24225.1,0
2026-07-21T10:09:00+05:30,24227.7,24228.45,24223.5,24226.55,0
2026-07-21T10:10:00+05:30,24226.95,24227.4,24222.45,24222.45,0
2026-07-21T10:11:00+05:30,24225.2,24225.55,24220.0,24220.45,0
2026-07-21T10:12:00+05:30,24222.35,24227.0,24219.05,24225.3,0
2026-07-21T10:13:00+05:30,24227.5,24227.5,24218.15,24218.95,0
2026-07-21T10:14:00+05:30,24220.5,24220.5,24211.75,24212.3,0
2026-07-21T10:15:00+05:30,24214.7,24214.7,24206.15,24210.55,0
2026-07-21T10:16:00+05:30,24211.5,24212.85,24207.05,24208.5,0
2026-07-21T10:17:00+05:30,24210.0,24210.35,24204.2,24204.5,0
2026-07-21T10:18:00+05:30,24207.4,24209.65,24201.95,24208.05,0
2026-07-21T10:19:00+05:30,24208.9,24209.85,24204.85,24207.35,0
2026-07-21T10:20:00+05:30,24208.9,24208.9,24203.95,24205.45,0
2026-07-21T10:21:00+05:30,24207.05,24207.8,24203.3,24205.2,0
2026-07-21T10:22:00+05:30,24206.9,24206.9,24194.0,24194.25,0
2026-07-21T10:23:00+05:30,24195.6,24196.4,24190.0,24192.9,0
2026-07-21T10:24:00+05:30,24193.95,24195.05,24188.1,24192.4,0
2026-07-21T10:25:00+05:30,24194.5,24199.9,24192.05,24197.9,0
2026-07-21T10:26:00+05:30,24199.95,24200.05,24190.85,24191.8,0
2026-07-21T10:27:00+05:30,24192.35,24192.35,24186.2,24188.05,0
2026-07-21T10:28:00+05:30,24189.9,24196.05,24187.6,24195.1,0
2026-07-21T10:29:00+05:30,24196.05,24201.1,24193.9,24199.6,0
2026-07-21T10:30:00+05:30,24202.4,24202.4,24196.0,24200.0,0
2026-07-21T10:31:00+05:30,24200.95,24201.5,24195.1,24197.05,0
2026-07-21T10:32:00+05:30,24198.75,24199.45,24194.35,24194.75,0
2026-07-21T10:33:00+05:30,24195.8,24195.8,24189.2,24189.2,0
2026-07-21T10:34:00+05:30,24190.85,24190.85,24185.55,24187.3,0
2026-07-21T10:35:00+05:30,24188.8,24192.7,24184.7,24191.4,0
2026-07-21T10:36:00+05:30,24192.2,24192.2,24188.2,24188.2,0
2026-07-21T10:37:00+05:30,24190.45,24191.15,24188.0,24190.25,0
2026-07-21T10:38:00+05:30,24192.05,24192.3,24178.3,24179.85,0
2026-07-21T10:39:00+05:30,24180.85,24180.85,24174.15,24176.9,0
2026-07-21T10:40:00+05:30,24178.05,24182.7,24175.05,24181.4,0
2026-07-21T10:41:00+05:30,24184.75,24185.25,24179.2,24180.8,0
2026-07-21T10:42:00+05:30,24180.8,24186.5,24180.25,24184.9,0
2026-07-21T10:43:00+05:30,24186.3,24187.95,24183.85,24187.95,0
2026-07-21T10:44:00+05:30,24189.4,24192.15,24186.3,24187.8,0
2026-07-21T10:45:00+05:30,24189.05,24189.05,24180.1,24181.55,0
2026-07-21T10:46:00+05:30,24182.65,24184.6,24180.1,24182.1,0
2026-07-21T10:47:00+05:30,24183.85,24184.3,24178.9,24179.45,0
2026-07-21T10:48:00+05:30,24180.4,24181.7,24177.5,24178.95,0
2026-07-21T10:49:00+05:30,24180.4,24180.4,24173.55,24176.9,0
2026-07-21T10:50:00+05:30,24178.45,24178.45,24169.05,24170.35,0
2026-07-21T10:51:00+05:30,24171.35,24171.35,24165.75,24166.3,0
2026-07-21T10:52:00+05:30,24168.4,24169.55,24163.75,24166.75,0
2026-07-21T10:53:00+05:30,24169.25,24171.3,24165.65,24170.75,0
2026-07-21T10:54:00+05:30,24171.8,24171.8,24166.0,24169.0,0
2026-07-21T10:55:00+05:30,24170.9,24176.2,24166.85,24175.65,0
2026-07-21T10:56:00+05:30,24177.4,24186.45,24176.7,24184.4,0
2026-07-21T10:57:00+05:30,24186.2,24186.2,24180.45,24183.1,0
2026-07-21T10:58:00+05:30,24184.7,24186.85,24182.55,24182.55,0
2026-07-21T10:59:00+05:30,24184.6,24186.35,24182.55,24185.15,0
2026-07-21T11:00:00+05:30,24186.1,24187.1,24181.6,24183.65,0
2026-07-21T11:01:00+05:30,24185.3,24189.6,24182.95,24187.3,0
2026-07-21T11:02:00+05:30,24189.15,24190.35,24185.05,24186.3,0
2026-07-21T11:03:00+05:30,24188.3,24194.65,24187.6,24191.65,0
2026-07-21T11:04:00+05:30,24192.85,24193.6,24188.25,24190.85,0
2026-07-21T11:05:00+05:30,24192.4,24192.65,24186.65,24189.25,0
2026-07-21T11:06:00+05:30,24191.0,24193.95,24189.55,24193.1,0
2026-07-21T11:07:00+05:30,24194.35,24196.6,24191.5,24192.0,0
2026-07-21T11:08:00+05:30,24193.05,24193.6,24188.5,24188.5,0
2026-07-21T11:09:00+05:30,24189.5,24189.5,24180.75,24181.5,0
2026-07-21T11:10:00+05:30,24183.15,24191.25,24180.95,24190.2,0
2026-07-21T11:11:00+05:30,24191.5,24192.2,24187.0,24188.3,0
2026-07-21T11:12:00+05:30,24189.3,24189.3,24182.65,24182.9,0
2026-07-21T11:13:00+05:30,24185.2,24185.65,24182.4,24184.4,0
2026-07-21T11:14:00+05:30,24186.05,24187.15,24183.7,24186.5,0
2026-07-21T11:15:00+05:30,24186.45,24188.7,24184.35,24184.45,0
2026-07-21T11:16:00+05:30,24186.15,24186.15,24179.6,24180.6,0
2026-07-21T11:17:00+05:30,24182.15,24182.55,24177.05,24181.45,0
2026-07-21T11:18:00+05:30,24182.6,24185.3,24179.5,24183.4,0
2026-07-21T11:19:00+05:30,24184.75,24185.2,24181.25,24184.05,0
2026-07-21T11:20:00+05:30,24185.45,24185.65,24181.85,24182.55,0
2026-07-21T11:21:00+05:30,24184.05,24184.05,24175.7,24176.9,0
2026-07-21T11:22:00+05:30,24178.45,24178.45,24171.4,24171.55,0
2026-07-21T11:23:00+05:30,24173.3,24174.15,24166.65,24173.8,0
2026-07-21T11:24:00+05:30,24176.0,24178.25,24173.75,24175.15,0
2026-07-21T11:25:00+05:30,24177.3,24181.1,24175.55,24179.75,0
2026-07-21T11:26:00+05:30,24181.45,24182.0,24175.15,24176.1,0
2026-07-21T11:27:00+05:30,24177.95,24177.95,24172.2,24172.8,0
2026-07-21T11:28:00+05:30,24173.75,24174.95,24170.5,24173.8,0
2026-07-21T11:29:00+05:30,24174.9,24175.3,24170.55,24173.05,0
2026-07-21T11:30:00+05:30,24174.25,24175.55,24170.3,24173.3,0
2026-07-21T11:31:00+05:30,24175.3,24178.9,24172.4,24177.2,0
2026-07-21T11:32:00+05:30,24179.0,24181.7,24175.9,24181.7,0
2026-07-21T11:33:00+05:30,24182.5,24185.2,24179.8,24185.1,0
2026-07-21T11:34:00+05:30,24186.25,24187.1,24182.8,24184.15,0
2026-07-21T11:35:00+05:30,24185.0,24188.1,24182.95,24184.95,0
2026-07-21T11:36:00+05:30,24187.0,24187.0,24181.7,24181.7,0
2026-07-21T11:37:00+05:30,24184.0,24184.0,24168.8,24172.1,0
2026-07-21T11:38:00+05:30,24173.45,24175.7,24169.65,24174.4,0
2026-07-21T11:39:00+05:30,24176.15,24176.15,24169.85,24172.3,0
2026-07-21T11:40:00+05:30,24173.65,24173.65,24162.3,24165.9,0
2026-07-21T11:41:00+05:30,24168.75,24169.1,24164.55,24168.5,0
2026-07-21T11:42:00+05:30,24169.7,24169.85,24161.65,24165.3,0
2026-07-21T11:43:00+05:30,24166.95,24167.05,24159.55,24160.75,0
2026-07-21T11:44:00+05:30,24163.6,24164.4,24159.95,24161.65,0
2026-07-21T11:45:00+05:30,24162.65,24162.75,24158.2,24159.3,0
2026-07-21T11:46:00+05:30,24161.05,24166.45,24158.05,24165.65,0
2026-07-21T11:47:00+05:30,24166.7,24169.5,24163.85,24163.85,0
2026-07-21T11:48:00+05:30,24165.7,24166.65,24161.9,24164.75,0
2026-07-21T11:49:00+05:30,24165.6,24167.65,24163.6,24164.45,0
2026-07-21T11:50:00+05:30,24165.95,24168.9,24164.15,24168.25,0
2026-07-21T11:51:00+05:30,24169.25,24169.25,24163.8,24163.8,0
2026-07-21T11:52:00+05:30,24165.45,24165.9,24162.1,24162.45,0
2026-07-21T11:53:00+05:30,24164.0,24165.5,24162.15,24162.7,0
2026-07-21T11:54:00+05:30,24165.2,24167.05,24162.6,24164.45,0
2026-07-21T11:55:00+05:30,24165.7,24171.05,24162.45,24170.9,0
2026-07-21T11:56:00+05:30,24172.45,24173.3,24169.6,24171.0,0
2026-07-21T11:57:00+05:30,24172.45,24173.5,24169.65,24172.55,0
2026-07-21T11:58:00+05:30,24174.4,24175.2,24170.65,24171.8,0
2026-07-21T11:59:00+05:30,24173.3,24173.95,24169.1,24169.3,0
2026-07-21T12:00:00+05:30,24172.55,24173.5,24169.55,24171.55,0
2026-07-21T12:01:00+05:30,24172.1,24175.25,24168.45,24173.55,0
2026-07-21T12:02:00+05:30,24176.5,24178.6,24173.15,24176.65,0
2026-07-21T12:03:00+05:30,24178.65,24180.3,24175.2,24178.3,0
2026-07-21T12:04:00+05:30,24180.2,24181.9,24175.7,24181.5,0
2026-07-21T12:05:00+05:30,24182.3,24183.7,24178.75,24182.1,0
2026-07-21T12:06:00+05:30,24183.15,24183.45,24179.75,24181.95,0
2026-07-21T12:07:00+05:30,24183.25,24183.25,24179.1,24180.25,0
2026-07-21T12:08:00+05:30,24183.1,24183.1,24175.1,24176.25,0
2026-07-21T12:09:00+05:30,24178.25,24178.4,24173.9,24174.8,0
2026-07-21T12:10:00+05:30,24176.2,24180.2,24174.95,24177.4,0
2026-07-21T12:11:00+05:30,24179.9,24180.6,24177.5,24177.7,0
2026-07-21T12:12:00+05:30,24179.85,24179.85,24175.3,24176.25,0
2026-07-21T12:13:00+05:30,24178.25,24178.25,24172.65,24172.7,0
2026-07-21T12:14:00+05:30,24175.2,24175.2,24172.15,24173.65,0
2026-07-21T12:15:00+05:30,24174.9,24176.55,24172.55,24172.85,0
2026-07-21T12:16:00+05:30,24176.4,24177.85,24173.05,24174.1,0
2026-07-21T12:17:00+05:30,24175.15,24175.15,24170.85,24172.3,0
2026-07-21T12:18:00+05:30,24174.2,24174.55,24170.75,24172.45,0
2026-07-21T12:19:00+05:30,24173.3,24173.75,24170.75,24171.95,0
2026-07-21T12:20:00+05:30,24173.45,24177.7,24171.75,24177.65,0
2026-07-21T12:21:00+05:30,24179.25,24179.75,24175.85,24178.5,0
2026-07-21T12:22:00+05:30,24179.4,24180.3,24176.75,24178.6,0
2026-07-21T12:23:00+05:30,24180.3,24182.7,24176.7,24182.05,0
2026-07-21T12:24:00+05:30,24182.35,24182.35,24169.85,24173.35,0
2026-07-21T12:25:00+05:30,24174.5,24177.75,24173.0,24175.55,0
2026-07-21T12:26:00+05:30,24176.6,24178.55,24173.85,24176.9,0
2026-07-21T12:27:00+05:30,24178.3,24179.25,24173.75,24174.6,0
2026-07-21T12:28:00+05:30,24175.85,24175.85,24171.0,24172.4,0
2026-07-21T12:29:00+05:30,24174.15,24174.15,24170.45,24171.95,0
2026-07-21T12:30:00+05:30,24173.25,24178.3,24169.55,24176.65,0
2026-07-21T12:31:00+05:30,24178.1,24178.1,24172.3,24173.6,0
2026-07-21T12:32:00+05:30,24175.75,24179.65,24172.65,24178.7,0
2026-07-21T12:33:00+05:30,24179.6,24184.9,24174.0,24184.9,0
2026-07-21T12:34:00+05:30,24185.7,24186.4,24179.6,24180.8,0
2026-07-21T12:35:00+05:30,24182.9,24183.3,24178.5,24182.6,0
2026-07-21T12:36:00+05:30,24183.95,24185.3,24180.1,24182.95,0
2026-07-21T12:37:00+05:30,24184.75,24188.15,24182.8,24186.15,0
2026-07-21T12:38:00+05:30,24186.7,24189.7,24184.7,24189.3,0
2026-07-21T12:39:00+05:30,24190.15,24190.5,24179.0,24179.0,0
2026-07-21T12:40:00+05:30,24180.9,24181.2,24176.95,24177.5,0
2026-07-21T12:41:00+05:30,24179.5,24179.5,24176.1,24178.15,0
2026-07-21T12:42:00+05:30,24179.15,24179.35,24167.7,24172.15,0
2026-07-21T12:43:00+05:30,24173.05,24177.3,24171.05,24175.35,0
2026-07-21T12:44:00+05:30,24177.15,24177.15,24168.65,24172.8,0
2026-07-21T12:45:00+05:30,24175.9,24177.3,24171.65,24174.65,0
2026-07-21T12:46:00+05:30,24175.3,24176.45,24172.9,24173.8,0
2026-07-21T12:47:00+05:30,24175.15,24175.15,24169.75,24172.7,0
2026-07-21T12:48:00+05:30,24173.2,24173.7,24168.65,24172.3,0
2026-07-21T12:49:00+05:30,24173.5,24174.65,24170.0,24174.15,0
2026-07-21T12:50:00+05:30,24174.4,24174.65,24170.4,24171.85,0
2026-07-21T12:51:00+05:30,24174.1,24174.1,24166.95,24167.9,0
2026-07-21T12:52:00+05:30,24168.45,24169.35,24164.7,24166.1,0
2026-07-21T12:53:00+05:30,24166.95,24168.1,24163.7,24166.1,0
2026-07-21T12:54:00+05:30,24166.95,24171.2,24165.3,24169.1,0
2026-07-21T12:55:00+05:30,24170.85,24172.8,24168.45,24168.45,0
2026-07-21T12:56:00+05:30,24170.8,24170.95,24166.7,24168.05,0
2026-07-21T12:57:00+05:30,24169.6,24169.7,24163.85,24164.55,0
2026-07-21T12:58:00+05:30,24166.6,24166.6,24154.8,24155.6,0
2026-07-21T12:59:00+05:30,24157.2,24157.35,24148.75,24151.05,0
2026-07-21T13:00:00+05:30,24153.05,24153.25,24138.95,24139.4,0
2026-07-21T13:01:00+05:30,24141.15,24146.4,24135.65,24145.75,0
2026-07-21T13:02:00+05:30,24148.3,24152.1,24146.9,24148.0,0
2026-07-21T13:03:00+05:30,24149.6,24149.6,24143.45,24143.45,0
2026-07-21T13:04:00+05:30,24144.95,24145.2,24140.7,24142.0,0
2026-07-21T13:05:00+05:30,24144.05,24147.9,24139.35,24145.55,0
2026-07-21T13:06:00+05:30,24146.7,24151.6,24144.85,24148.55,0
2026-07-21T13:07:00+05:30,24150.6,24150.6,24145.45,24145.8,0
2026-07-21T13:08:00+05:30,24147.25,24149.4,24144.45,24148.25,0
2026-07-21T13:09:00+05:30,24149.3,24153.4,24147.1,24152.45,0
2026-07-21T13:10:00+05:30,24153.8,24159.1,24151.35,24154.55,0
2026-07-21T13:11:00+05:30,24157.15,24158.35,24151.75,24156.4,0
2026-07-21T13:12:00+05:30,24158.1,24158.1,24150.55,24153.85,0
2026-07-21T13:13:00+05:30,24156.05,24156.05,24149.55,24153.65,0
2026-07-21T13:14:00+05:30,24155.9,24156.9,24150.85,24151.55,0
2026-07-21T13:15:00+05:30,24152.2,24153.7,24148.7,24149.1,0
2026-07-21T13:16:00+05:30,24150.85,24152.8,24148.4,24149.75,0
2026-07-21T13:17:00+05:30,24151.1,24152.7,24149.35,24150.35,0
2026-07-21T13:18:00+05:30,24151.2,24156.0,24149.55,24154.8,0
2026-07-21T13:19:00+05:30,24156.45,24156.45,24152.45,24153.5,0
2026-07-21T13:20:00+05:30,24156.0,24158.8,24152.75,24157.6,0
2026-07-21T13:21:00+05:30,24158.05,24160.1,24155.75,24158.1,0
2026-07-21T13:22:00+05:30,24159.8,24164.1,24157.35,24163.7,0
2026-07-21T13:23:00+05:30,24165.4,24169.4,24163.45,24165.5,0
2026-07-21T13:24:00+05:30,24167.5,24167.5,24164.65,24165.5,0
2026-07-21T13:25:00+05:30,24166.95,24170.75,24163.95,24168.9,0
2026-07-21T13:26:00+05:30,24170.85,24172.15,24167.6,24168.45,0
2026-07-21T13:27:00+05:30,24169.85,24173.3,24166.85,24172.7,0
2026-07-21T13:28:00+05:30,24173.9,24174.1,24169.7,24171.1,0
2026-07-21T13:29:00+05:30,24171.55,24172.2,24166.35,24171.85,0
2026-07-21T13:30:00+05:30,24173.9,24175.45,24170.45,24170.5,0
2026-07-21T13:31:00+05:30,24172.45,24175.5,24170.65,24173.75,0
2026-07-21T13:32:00+05:30,24176.1,24176.3,24173.0,24174.55,0
2026-07-21T13:33:00+05:30,24176.15,24180.65,24175.4,24176.65,0
2026-07-21T13:34:00+05:30,24178.25,24181.4,24175.9,24180.7,0
2026-07-21T13:35:00+05:30,24182.4,24185.2,24180.8,24183.35,0
2026-07-21T13:36:00+05:30,24184.7,24187.85,24183.4,24186.5,0
2026-07-21T13:37:00+05:30,24188.0,24189.2,24186.05,24188.05,0
2026-07-21T13:38:00+05:30,24189.75,24190.25,24186.4,24189.1,0
2026-07-21T13:39:00+05:30,24191.05,24191.45,24187.05,24190.1,0
2026-07-21T13:40:00+05:30,24192.0,24194.45,24190.15,24192.5,0
2026-07-21T13:41:00+05:30,24193.9,24195.3,24190.65,24192.1,0
2026-07-21T13:42:00+05:30,24193.8,24193.8,24185.05,24185.65,0
2026-07-21T13:43:00+05:30,24186.7,24188.75,24183.7,24186.4,0
2026-07-21T13:44:00+05:30,24188.1,24192.35,24186.25,24190.45,0
2026-07-21T13:45:00+05:30,24192.5,24192.5,24185.7,24188.15,0
2026-07-21T13:46:00+05:30,24189.5,24191.55,24186.55,24187.15,0
2026-07-21T13:47:00+05:30,24188.5,24188.5,24183.1,24183.4,0
2026-07-21T13:48:00+05:30,24186.0,24188.95,24179.75,24180.6,0
2026-07-21T13:49:00+05:30,24184.4,24188.2,24176.2,24188.2,0
2026-07-21T13:50:00+05:30,24187.95,24192.1,24183.4,24183.55,0
2026-07-21T13:51:00+05:30,24184.5,24184.5,24177.8,24181.2,0
2026-07-21T13:52:00+05:30,24182.4,24183.9,24180.6,24181.35,0
2026-07-21T13:53:00+05:30,24183.45,24184.15,24180.45,24180.75,0
2026-07-21T13:54:00+05:30,24183.15,24184.75,24179.75,24179.75,0
2026-07-21T13:55:00+05:30,24181.3,24181.3,24168.0,24168.65,0
2026-07-21T13:56:00+05:30,24170.05,24170.05,24163.45,24163.85,0
2026-07-21T13:57:00+05:30,24165.1,24165.1,24161.3,24162.8,0
2026-07-21T13:58:00+05:30,24163.3,24166.25,24161.95,24163.35,0
2026-07-21T13:59:00+05:30,24164.05,24164.05,24158.45,24163.25,0
2026-07-21T14:00:00+05:30,24164.55,24174.45,24163.05,24173.2,0
2026-07-21T14:01:00+05:30,24172.75,24175.95,24170.5,24170.6,0
2026-07-21T14:02:00+05:30,24173.05,24175.1,24171.0,24174.5,0
2026-07-21T14:03:00+05:30,24176.2,24178.05,24173.85,24173.85,0
2026-07-21T14:04:00+05:30,24176.2,24176.9,24173.4,24175.0,0
2026-07-21T14:05:00+05:30,24176.25,24182.05,24175.0,24178.65,0
2026-07-21T14:06:00+05:30,24180.2,24180.2,24176.95,24177.35,0
2026-07-21T14:07:00+05:30,24178.55,24180.6,24176.15,24176.15,0
2026-07-21T14:08:00+05:30,24177.75,24177.85,24167.9,24167.9,0
2026-07-21T14:09:00+05:30,24169.45,24169.45,24163.8,24166.75,0
2026-07-21T14:10:00+05:30,24168.45,24168.7,24165.4,24167.55,0
2026-07-21T14:11:00+05:30,24168.1,24168.15,24161.1,24161.55,0
2026-07-21T14:12:00+05:30,24164.55,24170.6,24162.7,24168.1,0
2026-07-21T14:13:00+05:30,24169.75,24169.75,24163.1,24163.55,0
2026-07-21T14:14:00+05:30,24165.5,24165.5,24161.9,24163.25,0
2026-07-21T14:15:00+05:30,24164.65,24170.55,24163.65,24169.25,0
2026-07-21T14:16:00+05:30,24170.8,24170.8,24161.7,24163.7,0
2026-07-21T14:17:00+05:30,24163.6,24163.6,24154.3,24162.9,0
2026-07-21T14:18:00+05:30,24164.3,24169.15,24158.15,24160.5,0
2026-07-21T14:19:00+05:30,24163.75,24179.25,24160.15,24178.15,0
2026-07-21T14:20:00+05:30,24176.75,24179.3,24168.4,24174.65,0
2026-07-21T14:21:00+05:30,24175.6,24175.6,24167.15,24168.15,0
2026-07-21T14:22:00+05:30,24169.9,24175.45,24169.0,24173.3,0
2026-07-21T14:23:00+05:30,24174.35,24177.75,24171.55,24175.25,0
2026-07-21T14:24:00+05:30,24177.6,24177.7,24170.95,24174.55,0
2026-07-21T14:25:00+05:30,24176.4,24176.4,24171.65,24173.75,0
2026-07-21T14:26:00+05:30,24174.4,24177.85,24170.4,24171.15,0
2026-07-21T14:27:00+05:30,24172.6,24177.2,24171.5,24176.7,0
2026-07-21T14:28:00+05:30,24177.65,24180.5,24174.15,24174.65,0
2026-07-21T14:29:00+05:30,24176.0,24176.0,24167.95,24167.95,0
2026-07-21T14:30:00+05:30,24169.6,24170.25,24161.85,24165.8,0
2026-07-21T14:31:00+05:30,24166.0,24175.1,24163.15,24175.1,0
2026-07-21T14:32:00+05:30,24175.4,24175.6,24170.4,24170.65,0
2026-07-21T14:33:00+05:30,24172.45,24172.95,24166.95,24167.45,0
2026-07-21T14:34:00+05:30,24169.2,24169.85,24166.0,24167.15,0
2026-07-21T14:35:00+05:30,24168.1,24176.3,24167.4,24173.75,0
2026-07-21T14:36:00+05:30,24175.0,24175.55,24156.35,24157.25,0
2026-07-21T14:37:00+05:30,24159.7,24163.65,24156.05,24159.8,0
2026-07-21T14:38:00+05:30,24161.55,24162.65,24158.75,24160.25,0
2026-07-21T14:39:00+05:30,24161.7,24161.95,24158.1,24159.6,0
2026-07-21T14:40:00+05:30,24161.05,24165.5,24160.2,24162.75,0
2026-07-21T14:41:00+05:30,24164.5,24166.95,24161.95,24165.9,0
2026-07-21T14:42:00+05:30,24167.7,24169.0,24165.6,24167.75,0
2026-07-21T14:43:00+05:30,24168.9,24171.85,24167.7,24171.0,0
2026-07-21T14:44:00+05:30,24172.25,24173.0,24170.1,24173.0,0
2026-07-21T14:45:00+05:30,24173.4,24175.3,24171.55,24173.4,0
2026-07-21T14:46:00+05:30,24175.4,24176.25,24172.4,24172.7,0
2026-07-21T14:47:00+05:30,24173.85,24174.25,24165.85,24166.2,0
2026-07-21T14:48:00+05:30,24170.0,24182.9,24165.9,24182.55,0
2026-07-21T14:49:00+05:30,24182.8,24185.05,24179.85,24184.75,0
2026-07-21T14:50:00+05:30,24186.15,24186.5,24172.2,24173.25,0
2026-07-21T14:51:00+05:30,24173.95,24175.0,24171.5,24173.4,0
2026-07-21T14:52:00+05:30,24172.95,24172.95,24164.85,24165.45,0
2026-07-21T14:53:00+05:30,24166.4,24180.55,24164.85,24178.1,0
2026-07-21T14:54:00+05:30,24179.6,24182.15,24176.95,24180.5,0
2026-07-21T14:55:00+05:30,24181.75,24181.75,24174.6,24178.4,0
2026-07-21T14:56:00+05:30,24180.25,24192.15,24176.75,24190.9,0
2026-07-21T14:57:00+05:30,24191.35,24191.55,24185.9,24190.7,0
2026-07-21T14:58:00+05:30,24192.2,24192.2,24185.15,24185.55,0
2026-07-21T14:59:00+05:30,24188.0,24192.75,24181.05,24182.1,0
2026-07-21T15:00:00+05:30,24183.75,24197.05,24180.75,24196.3,0
2026-07-21T15:01:00+05:30,24196.9,24197.2,24186.8,24188.55,0
2026-07-21T15:02:00+05:30,24189.4,24194.35,24188.2,24193.25,0
2026-07-21T15:03:00+05:30,24193.25,24195.65,24188.85,24191.15,0
2026-07-21T15:04:00+05:30,24190.75,24190.8,24181.4,24181.65,0
2026-07-21T15:05:00+05:30,24183.3,24190.05,24181.5,24189.6,0
2026-07-21T15:06:00+05:30,24189.7,24192.05,24187.1,24188.6,0
2026-07-21T15:07:00+05:30,24188.15,24194.6,24184.65,24193.35,0
2026-07-21T15:08:00+05:30,24192.25,24195.5,24188.75,24188.75,0
2026-07-21T15:09:00+05:30,24188.65,24190.75,24183.9,24185.75,0
2026-07-21T15:10:00+05:30,24184.15,24185.9,24180.1,24180.95,0
2026-07-21T15:11:00+05:30,24181.65,24185.8,24180.05,24184.3,0
2026-07-21T15:12:00+05:30,24185.3,24187.3,24183.4,24186.2,0
2026-07-21T15:13:00+05:30,24185.45,24188.25,24181.95,24182.05,0
2026-07-21T15:14:00+05:30,24182.75,24185.05,24180.8,24184.1,0
2026-07-21T15:15:00+05:30,24183.4,24186.3,24182.95,24183.85,0
2026-07-21T15:16:00+05:30,24183.95,24186.95,24182.1,24186.2,0
2026-07-21T15:17:00+05:30,24186.0,24190.0,24185.8,24189.3,0
2026-07-21T15:18:00+05:30,24187.95,24191.5,24185.6,24188.7,0
2026-07-21T15:19:00+05:30,24189.25,24192.7,24184.85,24185.85,0
2026-07-21T15:20:00+05:30,24184.4,24187.9,24183.15,24186.75,0
2026-07-21T15:21:00+05:30,24186.65,24188.85,24184.65,24187.7,0
2026-07-21T15:22:00+05:30,24187.25,24191.05,24187.25,24188.8,0
2026-07-21T15:23:00+05:30,24189.55,24191.05,24187.1,24188.55,0
2026-07-21T15:24:00+05:30,24188.6,24190.15,24184.85,24188.55,0
2026-07-21T15:25:00+05:30,24187.55,24190.2,24183.55,24186.4,0
2026-07-21T15:26:00+05:30,24185.35,24190.75,24184.1,24185.55,0
2026-07-21T15:27:00+05:30,24184.8,24192.05,24183.9,24190.35,0
2026-07-21T15:28:00+05:30,24190.1,24196.15,24188.35,24192.1,0
2026-07-21T15:29:00+05:30,24189.8,24196.15,24185.2,24193.05,0
2026-07-22T09:15:00+05:30,24150.45,24166.3,24091.35,24093.2,0
2026-07-22T09:16:00+05:30,24096.25,24100.6,24077.45,24086.3,0
2026-07-22T09:17:00+05:30,24088.1,24090.85,24076.15,24083.85,0
2026-07-22T09:18:00+05:30,24084.45,24090.8,24078.0,24089.6,0
2026-07-22T09:19:00+05:30,24091.65,24098.65,24089.1,24094.1,0
2026-07-22T09:20:00+05:30,24096.6,24105.2,24091.15,24104.4,0
2026-07-22T09:21:00+05:30,24105.45,24111.35,24089.75,24091.55,0
2026-07-22T09:22:00+05:30,24093.65,24096.9,24087.55,24093.0,0
2026-07-22T09:23:00+05:30,24095.45,24099.7,24090.0,24090.2,0
2026-07-22T09:24:00+05:30,24092.5,24096.55,24089.35,24095.35,0
2026-07-22T09:25:00+05:30,24097.2,24097.2,24090.15,24092.0,0
2026-07-22T09:26:00+05:30,24094.0,24094.6,24076.5,24076.5,0
2026-07-22T09:27:00+05:30,24078.6,24078.6,24066.05,24068.4,0
2026-07-22T09:28:00+05:30,24071.7,24071.85,24056.55,24058.65,0
2026-07-22T09:29:00+05:30,24060.65,24060.65,24046.95,24048.9,0
2026-07-22T09:30:00+05:30,24051.0,24058.05,24047.35,24051.45,0
2026-07-22T09:31:00+05:30,24053.1,24053.9,24031.65,24032.55,0
2026-07-22T09:32:00+05:30,24035.0,24036.05,24021.9,24035.45,0
2026-07-22T09:33:00+05:30,24035.75,24036.95,24027.4,24030.9,0
2026-07-22T09:34:00+05:30,24032.4,24033.25,24023.7,24024.25,0
2026-07-22T09:35:00+05:30,24026.25,24026.65,24017.6,24021.45,0
2026-07-22T09:36:00+05:30,24024.05,24024.15,24016.15,24020.95,0
2026-07-22T09:37:00+05:30,24021.3,24021.3,24016.65,24018.6,0
2026-07-22T09:38:00+05:30,24020.4,24032.5,24020.3,24030.4,0
2026-07-22T09:39:00+05:30,24031.5,24031.75,24020.75,24024.05,0
2026-07-22T09:40:00+05:30,24025.8,24029.8,24022.0,24029.4,0
2026-07-22T09:41:00+05:30,24031.0,24031.05,24024.25,24024.4,0
2026-07-22T09:42:00+05:30,24026.65,24030.9,24024.3,24027.95,0
2026-07-22T09:43:00+05:30,24029.0,24030.85,24024.55,24029.6,0
2026-07-22T09:44:00+05:30,24030.0,24031.15,24026.0,24027.0,0
2026-07-22T09:45:00+05:30,24028.35,24031.3,24027.35,24028.95,0
2026-07-22T09:46:00+05:30,24030.4,24030.4,24021.25,24021.7,0
2026-07-22T09:47:00+05:30,24024.05,24024.15,24011.9,24012.3,0
2026-07-22T09:48:00+05:30,24014.8,24018.3,24012.65,24016.4,0
2026-07-22T09:49:00+05:30,24018.0,24018.6,24013.15,24014.45,0
2026-07-22T09:50:00+05:30,24015.55,24022.1,24012.25,24020.55,0
2026-07-22T09:51:00+05:30,24023.5,24027.3,24020.35,24021.2,0
2026-07-22T09:52:00+05:30,24024.3,24026.1,24019.8,24023.15,0
2026-07-22T09:53:00+05:30,24024.2,24024.85,24018.55,24021.95,0
2026-07-22T09:54:00+05:30,24024.55,24024.8,24018.65,24020.45,0
2026-07-22T09:55:00+05:30,24021.1,24021.65,24013.65,24014.8,0
2026-07-22T09:56:00+05:30,24017.1,24018.0,24010.35,24010.65,0
2026-07-22T09:57:00+05:30,24012.8,24017.4,24008.7,24015.95,0
2026-07-22T09:58:00+05:30,24019.05,24020.65,24016.95,24018.15,0
2026-07-22T09:59:00+05:30,24019.3,24022.75,24017.65,24020.2,0
2026-07-22T10:00:00+05:30,24021.8,24021.85,24012.9,24015.05,0
2026-07-22T10:01:00+05:30,24016.35,24017.65,24013.65,24015.15,0
2026-07-22T10:02:00+05:30,24017.45,24021.45,24012.75,24021.45,0
2026-07-22T10:03:00+05:30,24022.65,24026.55,24021.9,24024.85,0
2026-07-22T10:04:00+05:30,24026.7,24029.7,24024.15,24025.05,0
2026-07-22T10:05:00+05:30,24027.55,24031.2,24020.55,24028.95,0
2026-07-22T10:06:00+05:30,24031.15,24043.6,24030.1,24042.05,0
2026-07-22T10:07:00+05:30,24043.85,24050.75,24041.3,24049.65,0
2026-07-22T10:08:00+05:30,24050.1,24052.75,24046.95,24049.5,0
2026-07-22T10:09:00+05:30,24052.2,24052.25,24046.8,24050.9,0
2026-07-22T10:10:00+05:30,24052.1,24052.1,24045.2,24045.6,0
2026-07-22T10:11:00+05:30,24047.5,24048.3,24042.05,24042.1,0
2026-07-22T10:12:00+05:30,24043.5,24044.45,24041.55,24042.95,0
2026-07-22T10:13:00+05:30,24044.9,24046.75,24041.5,24045.25,0
2026-07-22T10:14:00+05:30,24045.95,24046.45,24030.85,24033.45,0
2026-07-22T10:15:00+05:30,24033.8,24033.8,24028.55,24031.2,0
2026-07-22T10:16:00+05:30,24031.65,24032.35,24019.55,24019.95,0
2026-07-22T10:17:00+05:30,24022.6,24024.1,24019.05,24019.8,0
2026-07-22T10:18:00+05:30,24021.6,24024.15,24018.65,24021.95,0
2026-07-22T10:19:00+05:30,24023.15,24024.95,24016.5,24021.45,0
2026-07-22T10:20:00+05:30,24022.65,24022.65,24014.15,24020.1,0
2026-07-22T10:21:00+05:30,24021.6,24021.6,24014.8,24015.75,0
2026-07-22T10:22:00+05:30,24017.05,24018.4,24012.4,24013.15,0
2026-07-22T10:23:00+05:30,24015.75,24015.8,24002.0,24002.55,0
2026-07-22T10:24:00+05:30,24004.35,24006.6,24000.0,24001.75,0
2026-07-22T10:25:00+05:30,24003.95,24003.95,23988.55,23989.55,0
2026-07-22T10:26:00+05:30,23990.05,23990.05,23976.9,23977.95,0
2026-07-22T10:27:00+05:30,23980.25,23988.75,23973.7,23986.4,0
2026-07-22T10:28:00+05:30,23987.1,23999.8,23986.45,23998.7,0
2026-07-22T10:29:00+05:30,23999.55,24008.4,23998.7,24007.6,0
2026-07-22T10:30:00+05:30,24009.25,24010.2,24003.85,24008.25,0
2026-07-22T10:31:00+05:30,24010.3,24013.5,24005.0,24005.0,0
2026-07-22T10:32:00+05:30,24006.0,24007.05,23999.15,23999.15,0
2026-07-22T10:33:00+05:30,24000.85,24005.95,23997.85,24005.05,0
2026-07-22T10:34:00+05:30,24006.4,24006.4,24000.8,24002.1,0
2026-07-22T10:35:00+05:30,24003.5,24004.75,24001.75,24004.15,0
2026-07-22T10:36:00+05:30,24005.35,24007.4,23999.4,23999.85,0
2026-07-22T10:37:00+05:30,24001.1,24007.35,24000.25,24002.45,0
2026-07-22T10:38:00+05:30,24004.2,24004.2,23994.65,23994.8,0
2026-07-22T10:39:00+05:30,23997.05,24000.15,23993.45,23994.1,0
2026-07-22T10:40:00+05:30,23996.4,23997.55,23992.55,23993.55,0
2026-07-22T10:41:00+05:30,23996.65,23997.45,23991.55,23993.0,0
2026-07-22T10:42:00+05:30,23995.15,23996.2,23991.15,23991.95,0
2026-07-22T10:43:00+05:30,23993.45,23994.45,23991.05,23992.0,0
2026-07-22T10:44:00+05:30,23993.9,23994.4,23989.2,23989.2,0
2026-07-22T10:45:00+05:30,23991.6,23998.55,23988.25,23998.55,0
2026-07-22T10:46:00+05:30,23999.3,24006.35,23998.3,24001.55,0
2026-07-22T10:47:00+05:30,24002.9,24007.55,24000.85,24006.55,0
2026-07-22T10:48:00+05:30,24007.7,24012.4,24005.85,24010.15,0
2026-07-22T10:49:00+05:30,24011.8,24015.45,24010.0,24010.9,0
2026-07-22T10:50:00+05:30,24013.0,24013.15,24008.2,24009.8,0
2026-07-22T10:51:00+05:30,24011.55,24014.2,24009.25,24012.15,0
2026-07-22T10:52:00+05:30,24014.8,24017.5,24012.55,24015.8,0
2026-07-22T10:53:00+05:30,24017.9,24019.65,24015.2,24017.65,0
2026-07-22T10:54:00+05:30,24018.85,24021.3,24017.65,24017.7,0
2026-07-22T10:55:00+05:30,24019.75,24024.55,24017.6,24018.85,0
2026-07-22T10:56:00+05:30,24020.25,24026.0,24018.1,24025.4,0
2026-07-22T10:57:00+05:30,24027.4,24029.75,24025.85,24028.0,0
2026-07-22T10:58:00+05:30,24029.65,24030.8,24021.9,24022.2,0
2026-07-22T10:59:00+05:30,24023.65,24026.5,24021.85,24025.95,0
2026-07-22T11:00:00+05:30,24027.35,24028.1,24020.05,24020.3,0
2026-07-22T11:01:00+05:30,24022.85,24023.15,24017.3,24017.6,0
2026-07-22T11:02:00+05:30,24018.0,24019.3,24014.85,24015.15,0
2026-07-22T11:03:00+05:30,24016.6,24019.35,24013.55,24017.05,0
2026-07-22T11:04:00+05:30,24018.1,24021.3,24016.3,24018.35,0
2026-07-22T11:05:00+05:30,24019.4,24019.4,24012.5,24014.35,0
2026-07-22T11:06:00+05:30,24015.65,24015.65,24011.35,24012.55,0
2026-07-22T11:07:00+05:30,24014.55,24018.85,24012.0,24017.2,0
2026-07-22T11:08:00+05:30,24019.4,24021.6,24017.8,24019.8,0
2026-07-22T11:09:00+05:30,24019.95,24022.65,24019.25,24022.35,0
2026-07-22T11:10:00+05:30,24024.0,24025.8,24022.05,24025.2,0
2026-07-22T11:11:00+05:30,24026.45,24027.1,24020.65,24020.65,0
2026-07-22T11:12:00+05:30,24023.05,24023.05,24015.4,24017.25,0
2026-07-22T11:13:00+05:30,24018.55,24019.0,24012.4,24013.9,0
2026-07-22T11:14:00+05:30,24015.9,24018.7,24012.25,24013.7,0
2026-07-22T11:15:00+05:30,24015.2,24017.05,24013.0,24013.35,0
2026-07-22T11:16:00+05:30,24014.65,24019.5,24012.9,24017.85,0
2026-07-22T11:17:00+05:30,24019.2,24025.05,24017.25,24023.85,0
2026-07-22T11:18:00+05:30,24025.7,24030.5,24023.15,24025.3,0
2026-07-22T11:19:00+05:30,24027.5,24027.5,24023.4,24024.95,0
2026-07-22T11:20:00+05:30,24027.9,24027.95,24023.2,24026.85,0
2026-07-22T11:21:00+05:30,24028.2,24034.05,24026.75,24032.25,0
2026-07-22T11:22:00+05:30,24034.4,24035.95,24031.45,24035.45,0
2026-07-22T11:23:00+05:30,24036.6,24040.35,24035.9,24037.65,0
2026-07-22T11:24:00+05:30,24038.85,24039.6,24036.25,24037.7,0
2026-07-22T11:25:00+05:30,24039.55,24042.0,24037.35,24039.3,0
2026-07-22T11:26:00+05:30,24041.4,24041.4,24034.4,24035.7,0
2026-07-22T11:27:00+05:30,24038.65,24040.55,24034.85,24037.6,0
2026-07-22T11:28:00+05:30,24039.4,24040.75,24037.8,24039.35,0
2026-07-22T11:29:00+05:30,24040.95,24041.95,24038.0,24041.55,0
2026-07-22T11:30:00+05:30,24042.75,24043.8,24040.05,24041.05,0
2026-07-22T11:31:00+05:30,24042.2,24043.05,24038.75,24038.8,0
2026-07-22T11:32:00+05:30,24040.65,24044.5,24038.15,24042.05,0
2026-07-22T11:33:00+05:30,24044.15,24046.5,24042.6,24044.4,0
2026-07-22T11:34:00+05:30,24045.5,24048.95,24044.0,24047.65,0
2026-07-22T11:35:00+05:30,24048.7,24050.65,24041.35,24041.4,0
2026-07-22T11:36:00+05:30,24042.9,24043.65,24038.85,24039.85,0
2026-07-22T11:37:00+05:30,24041.65,24042.05,24037.35,24038.9,0
2026-07-22T11:38:00+05:30,24040.55,24040.75,24036.5,24037.8,0
2026-07-22T11:39:00+05:30,24039.25,24042.55,24037.2,24041.8,0
2026-07-22T11:40:00+05:30,24043.0,24043.9,24037.9,24039.1,0
2026-07-22T11:41:00+05:30,24041.4,24043.15,24038.95,24040.8,0
2026-07-22T11:42:00+05:30,24041.9,24044.65,24040.55,24044.3,0
2026-07-22T11:43:00+05:30,24045.85,24047.9,24043.0,24043.75,0
2026-07-22T11:44:00+05:30,24045.35,24047.25,24043.3,24045.7,0
2026-07-22T11:45:00+05:30,24046.8,24048.3,24042.75,24042.9,0
2026-07-22T11:46:00+05:30,24044.7,24045.8,24042.05,24045.2,0
2026-07-22T11:47:00+05:30,24046.85,24049.0,24044.35,24046.25,0
2026-07-22T11:48:00+05:30,24048.1,24048.6,24042.25,24043.4,0
2026-07-22T11:49:00+05:30,24045.45,24045.45,24038.2,24039.2,0
2026-07-22T11:50:00+05:30,24041.4,24042.3,24035.55,24039.55,0
2026-07-22T11:51:00+05:30,24041.75,24042.0,24037.35,24039.15,0
2026-07-22T11:52:00+05:30,24040.65,24041.6,24036.65,24039.05,0
2026-07-22T11:53:00+05:30,24040.15,24040.55,24033.85,24034.7,0
2026-07-22T11:54:00+05:30,24036.65,24036.65,24030.1,24030.1,0
2026-07-22T11:55:00+05:30,24031.75,24032.9,24027.15,24032.4,0
2026-07-22T11:56:00+05:30,24033.5,24034.15,24028.65,24031.6,0
2026-07-22T11:57:00+05:30,24033.25,24033.25,24027.35,24028.05,0
2026-07-22T11:58:00+05:30,24030.45,24031.7,24026.05,24026.9,0
2026-07-22T11:59:00+05:30,24028.6,24028.8,24022.0,24022.0,0
2026-07-22T12:00:00+05:30,24023.4,24024.5,24014.4,24014.4,0
2026-07-22T12:01:00+05:30,24016.7,24016.7,24008.55,24008.85,0
2026-07-22T12:02:00+05:30,24010.95,24011.0,23998.35,24003.25,0
2026-07-22T12:03:00+05:30,24004.7,24008.4,24003.15,24006.5,0
2026-07-22T12:04:00+05:30,24006.2,24011.5,24005.75,24009.25,0
2026-07-22T12:05:00+05:30,24011.0,24012.45,24007.5,24011.5,0
2026-07-22T12:06:00+05:30,24013.3,24015.7,24009.55,24013.85,0
2026-07-22T12:07:00+05:30,24015.65,24016.25,24010.75,24010.75,0
2026-07-22T12:08:00+05:30,24013.2,24013.3,24006.35,24006.9,0
2026-07-22T12:09:00+05:30,24008.45,24008.45,23999.0,23999.45,0
2026-07-22T12:10:00+05:30,24001.15,24002.2,23997.05,24000.5,0
2026-07-22T12:11:00+05:30,24002.4,24005.05,24000.4,24002.55,0
2026-07-22T12:12:00+05:30,24004.75,24004.75,23998.2,23998.2,0
2026-07-22T12:13:00+05:30,24000.6,24000.6,23995.95,23997.4,0
2026-07-22T12:14:00+05:30,23998.35,23999.65,23995.25,23996.25,0
2026-07-22T12:15:00+05:30,23997.85,23997.85,23991.65,23995.95,0
2026-07-22T12:16:00+05:30,23997.25,23999.3,23995.45,23997.9,0
2026-07-22T12:17:00+05:30,23999.8,23999.8,23996.1,23997.8,0
2026-07-22T12:18:00+05:30,23998.8,23998.8,23987.45,23987.9,0
2026-07-22T12:19:00+05:30,23989.65,23990.0,23978.55,23978.85,0
2026-07-22T12:20:00+05:30,23979.25,23979.25,23968.55,23971.8,0
2026-07-22T12:21:00+05:30,23973.5,23981.25,23972.15,23979.7,0
2026-07-22T12:22:00+05:30,23979.85,23982.0,23974.8,23977.35,0
2026-07-22T12:23:00+05:30,23978.35,23986.2,23975.45,23985.9,0
2026-07-22T12:24:00+05:30,23987.5,23990.4,23984.1,23988.8,0
2026-07-22T12:25:00+05:30,23990.15,23992.25,23989.2,23991.1,0
2026-07-22T12:26:00+05:30,23992.65,23992.95,23989.95,23991.5,0
2026-07-22T12:27:00+05:30,23992.55,23992.55,23986.6,23988.05,0
2026-07-22T12:28:00+05:30,23989.25,23989.25,23983.5,23985.1,0
2026-07-22T12:29:00+05:30,23986.95,23986.95,23979.35,23980.9,0
2026-07-22T12:30:00+05:30,23982.4,23982.4,23974.8,23976.35,0
2026-07-22T12:31:00+05:30,23976.95,23976.95,23971.05,23971.25,0
2026-07-22T12:32:00+05:30,23972.75,23974.3,23969.45,23972.95,0
2026-07-22T12:33:00+05:30,23974.25,23975.5,23969.4,23974.9,0
2026-07-22T12:34:00+05:30,23976.1,23977.95,23971.9,23974.95,0
2026-07-22T12:35:00+05:30,23976.3,23976.5,23971.15,23972.3,0
2026-07-22T12:36:00+05:30,23973.65,23973.95,23967.95,23969.65,0
2026-07-22T12:37:00+05:30,23971.45,23973.7,23968.7,23970.15,0
2026-07-22T12:38:00+05:30,23971.2,23973.0,23964.2,23965.25,0
2026-07-22T12:39:00+05:30,23966.1,23967.05,23962.5,23965.15,0
2026-07-22T12:40:00+05:30,23965.95,23965.95,23961.45,23962.3,0
2026-07-22T12:41:00+05:30,23963.65,23965.7,23961.4,23965.35,0
2026-07-22T12:42:00+05:30,23966.55,23979.4,23965.4,23978.15,0
2026-07-22T12:43:00+05:30,23979.35,23979.85,23976.65,23978.05,0
2026-07-22T12:44:00+05:30,23979.45,23983.4,23977.6,23983.25,0
2026-07-22T12:45:00+05:30,23985.1,23985.65,23980.4,23981.1,0
2026-07-22T12:46:00+05:30,23981.85,23982.9,23978.0,23981.85,0
2026-07-22T12:47:00+05:30,23983.15,23987.2,23979.1,23987.2,0
2026-07-22T12:48:00+05:30,23993.5,24000.85,23993.5,23999.3,0
2026-07-22T12:49:00+05:30,24000.3,24003.65,23998.85,24003.1,0
2026-07-22T12:50:00+05:30,24004.5,24005.8,24001.5,24004.35,0
2026-07-22T12:51:00+05:30,24006.1,24006.4,24002.95,24006.05,0
2026-07-22T12:52:00+05:30,24007.7,24012.05,24005.05,24010.95,0
2026-07-22T12:53:00+05:30,24013.4,24017.05,24008.55,24009.5,0
2026-07-22T12:54:00+05:30,24010.7,24010.7,24004.15,24006.65,0
2026-07-22T12:55:00+05:30,24008.1,24008.65,24004.75,24005.5,0
2026-07-22T12:56:00+05:30,24007.5,24009.85,24005.85,24007.35,0
2026-07-22T12:57:00+05:30,24009.15,24009.85,24006.6,24009.25,0
2026-07-22T12:58:00+05:30,24010.85,24013.2,24007.0,24007.9,0
2026-07-22T12:59:00+05:30,24010.05,24010.1,24002.85,24003.6,0
2026-07-22T13:00:00+05:30,24003.3,24003.8,23997.75,23997.9,0
2026-07-22T13:01:00+05:30,23999.6,23999.6,23989.25,23995.25,0
2026-07-22T13:02:00+05:30,23996.1,23996.35,23991.2,23995.9,0
2026-07-22T13:03:00+05:30,23996.6,23997.1,23988.6,23990.55,0
2026-07-22T13:04:00+05:30,23992.35,23992.35,23985.1,23985.1,0
2026-07-22T13:05:00+05:30,23986.75,23988.1,23981.75,23983.35,0
2026-07-22T13:06:00+05:30,23985.35,23988.95,23982.8,23987.3,0
2026-07-22T13:07:00+05:30,23988.7,23989.15,23984.8,23988.5,0
2026-07-22T13:08:00+05:30,23990.3,23993.25,23988.55,23991.35,0
2026-07-22T13:09:00+05:30,23993.2,23993.4,23988.3,23988.75,0
2026-07-22T13:10:00+05:30,23990.3,23991.2,23986.95,23989.25,0
2026-07-22T13:11:00+05:30,23991.6,23991.65,23979.35,23979.8,0
2026-07-22T13:12:00+05:30,23981.35,23981.35,23975.9,23976.15,0
2026-07-22T13:13:00+05:30,23978.15,23978.15,23968.3,23973.3,0
2026-07-22T13:14:00+05:30,23975.8,23981.1,23972.45,23978.85,0
2026-07-22T13:15:00+05:30,23980.45,23981.15,23976.15,23978.2,0
2026-07-22T13:16:00+05:30,23979.7,23982.15,23977.45,23981.95,0
2026-07-22T13:17:00+05:30,23983.5,23986.35,23981.55,23983.1,0
2026-07-22T13:18:00+05:30,23984.85,23984.85,23978.85,23982.35,0
2026-07-22T13:19:00+05:30,23984.1,23984.45,23979.45,23979.9,0
2026-07-22T13:20:00+05:30,23982.45,23984.15,23980.45,23982.15,0
2026-07-22T13:21:00+05:30,23983.75,23986.05,23979.6,23982.35,0
2026-07-22T13:22:00+05:30,23982.8,23985.3,23973.75,23978.65,0
2026-07-22T13:23:00+05:30,23979.95,23980.95,23976.5,23980.6,0
2026-07-22T13:24:00+05:30,23981.75,23982.75,23978.55,23978.65,0
2026-07-22T13:25:00+05:30,23980.7,23981.0,23974.5,23976.6,0
2026-07-22T13:26:00+05:30,23978.15,23978.7,23973.15,23974.2,0
2026-07-22T13:27:00+05:30,23976.05,23979.5,23973.6,23979.5,0
2026-07-22T13:28:00+05:30,23979.85,23981.7,23976.25,23979.7,0
2026-07-22T13:29:00+05:30,23981.7,23983.7,23978.7,23979.3,0
2026-07-22T13:30:00+05:30,23981.45,23987.7,23979.3,23987.05,0
2026-07-22T13:31:00+05:30,23988.65,23988.65,23981.4,23985.85,0
2026-07-22T13:32:00+05:30,23987.25,23990.0,23985.05,23988.8,0
2026-07-22T13:33:00+05:30,23990.05,23990.55,23983.6,23987.6,0
2026-07-22T13:34:00+05:30,23988.65,23995.15,23987.0,23994.2,0
2026-07-22T13:35:00+05:30,23996.4,24014.4,23990.75,24004.0,0
2026-07-22T13:36:00+05:30,24006.3,24010.6,24003.5,24004.25,0
2026-07-22T13:37:00+05:30,24006.45,24006.45,24001.7,24002.55,0
2026-07-22T13:38:00+05:30,24004.55,24005.0,23998.6,23999.45,0
2026-07-22T13:39:00+05:30,24001.1,24002.0,23997.6,23997.8,0
2026-07-22T13:40:00+05:30,23999.4,24002.0,23997.9,23999.25,0
2026-07-22T13:41:00+05:30,24000.25,24001.7,23988.35,23989.35,0
2026-07-22T13:42:00+05:30,23991.1,23991.1,23983.25,23984.7,0
2026-07-22T13:43:00+05:30,23986.85,23997.5,23984.45,23997.0,0
2026-07-22T13:44:00+05:30,23998.4,23998.7,23993.3,23995.35,0
2026-07-22T13:45:00+05:30,23996.45,23996.55,23990.95,23991.0,0
2026-07-22T13:46:00+05:30,23992.95,23992.95,23984.0,23986.25,0
2026-07-22T13:47:00+05:30,23987.45,23989.8,23985.55,23988.65,0
2026-07-22T13:48:00+05:30,23990.7,23990.8,23987.05,23987.8,0
2026-07-22T13:49:00+05:30,23989.65,23989.8,23980.8,23981.6,0
2026-07-22T13:50:00+05:30,23983.3,23984.65,23978.9,23978.9,0
2026-07-22T13:51:00+05:30,23980.95,23981.0,23977.15,23978.8,0
2026-07-22T13:52:00+05:30,23981.5,23982.9,23980.0,23981.85,0
2026-07-22T13:53:00+05:30,23983.25,23983.55,23978.8,23979.95,0
2026-07-22T13:54:00+05:30,23982.05,23982.1,23977.85,23977.85,0
2026-07-22T13:55:00+05:30,23980.7,23981.0,23977.4,23978.85,0
2026-07-22T13:56:00+05:30,23980.5,23982.4,23979.3,23981.1,0
2026-07-22T13:57:00+05:30,23983.1,23986.05,23981.1,23981.1,0
2026-07-22T13:58:00+05:30,23982.8,23982.8,23976.9,23977.3,0
2026-07-22T13:59:00+05:30,23978.95,23978.95,23974.4,23976.5,0
2026-07-22T14:00:00+05:30,23978.15,23981.0,23971.7,23978.25,0
2026-07-22T14:01:00+05:30,23980.75,23980.75,23976.05,23978.85,0
2026-07-22T14:02:00+05:30,23979.85,23983.55,23977.6,23982.05,0
2026-07-22T14:03:00+05:30,23984.6,23984.6,23977.7,23978.8,0
2026-07-22T14:04:00+05:30,23980.3,23980.3,23975.2,23976.0,0
2026-07-22T14:05:00+05:30,23978.15,23979.85,23975.75,23976.1,0
2026-07-22T14:06:00+05:30,23978.15,23979.25,23975.95,23976.9,0
2026-07-22T14:07:00+05:30,23977.55,23979.15,23973.35,23973.35,0
2026-07-22T14:08:00+05:30,23975.5,23978.9,23973.6,23976.8,0
2026-07-22T14:09:00+05:30,23979.2,23981.8,23976.35,23977.4,0
2026-07-22T14:10:00+05:30,23979.15,23979.2,23976.35,23977.25,0
2026-07-22T14:11:00+05:30,23979.85,23979.85,23976.45,23976.6,0
2026-07-22T14:12:00+05:30,23977.5,23977.5,23964.6,23970.5,0
2026-07-22T14:13:00+05:30,23972.9,23977.15,23969.45,23975.6,0
2026-07-22T14:14:00+05:30,23977.9,23977.9,23972.3,23973.35,0
2026-07-22T14:15:00+05:30,23975.25,23975.5,23970.6,23975.1,0
2026-07-22T14:16:00+05:30,23976.3,23982.7,23974.8,23982.4,0
2026-07-22T14:17:00+05:30,23984.7,23988.8,23982.25,23985.2,0
2026-07-22T14:18:00+05:30,23986.45,23987.7,23981.5,23982.55,0
2026-07-22T14:19:00+05:30,23984.05,23986.0,23980.1,23984.3,0
2026-07-22T14:20:00+05:30,23986.4,23987.35,23983.3,23984.4,0
2026-07-22T14:21:00+05:30,23986.25,23986.3,23977.8,23978.35,0
2026-07-22T14:22:00+05:30,23980.15,23981.35,23977.25,23977.8,0
2026-07-22T14:23:00+05:30,23980.0,23981.15,23975.25,23979.35,0
2026-07-22T14:24:00+05:30,23981.0,23982.85,23978.55,23981.15,0
2026-07-22T14:25:00+05:30,23983.9,23983.9,23976.75,23977.45,0
2026-07-22T14:26:00+05:30,23979.3,23979.5,23975.35,23976.25,0
2026-07-22T14:27:00+05:30,23978.3,23979.2,23974.9,23976.65,0
2026-07-22T14:28:00+05:30,23979.55,23979.55,23974.8,23975.1,0
2026-07-22T14:29:00+05:30,23976.7,23977.1,23970.95,23972.35,0
2026-07-22T14:30:00+05:30,23974.3,23974.5,23968.6,23968.7,0
2026-07-22T14:31:00+05:30,23970.85,23973.0,23968.5,23970.8,0
2026-07-22T14:32:00+05:30,23972.25,23973.1,23969.7,23970.75,0
2026-07-22T14:33:00+05:30,23972.6,23977.8,23970.1,23976.2,0
2026-07-22T14:34:00+05:30,23979.3,23980.05,23975.75,23977.85,0
2026-07-22T14:35:00+05:30,23980.4,23988.75,23979.45,23986.8,0
2026-07-22T14:36:00+05:30,23989.05,23989.95,23987.05,23988.05,0
2026-07-22T14:37:00+05:30,23989.8,23992.05,23988.15,23988.7,0
2026-07-22T14:38:00+05:30,23991.6,23991.8,23987.45,23988.45,0
2026-07-22T14:39:00+05:30,23991.5,23991.5,23982.5,23983.35,0
2026-07-22T14:40:00+05:30,23985.45,23988.25,23981.05,23981.6,0
2026-07-22T14:41:00+05:30,23984.15,23984.35,23976.7,23976.7,0
2026-07-22T14:42:00+05:30,23979.45,23979.7,23974.0,23976.2,0
2026-07-22T14:43:00+05:30,23978.95,23980.3,23974.05,23974.05,0
2026-07-22T14:44:00+05:30,23977.7,23978.85,23972.7,23976.3,0
2026-07-22T14:45:00+05:30,23978.45,23981.65,23975.0,23980.15,0
2026-07-22T14:46:00+05:30,23982.5,23982.5,23976.55,23977.35,0
2026-07-22T14:47:00+05:30,23980.2,23980.95,23976.4,23976.4,0
2026-07-22T14:48:00+05:30,23979.3,23980.3,23974.95,23977.25,0
2026-07-22T14:49:00+05:30,23977.65,23983.0,23977.0,23981.55,0
2026-07-22T14:50:00+05:30,23982.6,23985.35,23978.85,23985.2,0
2026-07-22T14:51:00+05:30,23987.25,23988.85,23984.9,23987.3,0
2026-07-22T14:52:00+05:30,23989.25,23989.55,23984.95,23987.0,0
2026-07-22T14:53:00+05:30,23988.85,23991.85,23986.1,23988.3,0
2026-07-22T14:54:00+05:30,23990.2,23990.55,23985.1,23987.45,0
2026-07-22T14:55:00+05:30,23990.1,23990.75,23982.6,23983.2,0
2026-07-22T14:56:00+05:30,23986.05,23986.4,23981.05,23981.05,0
2026-07-22T14:57:00+05:30,23983.9,23984.4,23975.05,23975.05,0
2026-07-22T14:58:00+05:30,23977.5,23982.55,23975.6,23981.3,0
2026-07-22T14:59:00+05:30,23983.35,23984.65,23975.0,23979.9,0
2026-07-22T15:00:00+05:30,23979.9,23993.5,23979.9,23986.2,0
2026-07-22T15:01:00+05:30,23987.8,23987.8,23980.0,23983.9,0
2026-07-22T15:02:00+05:30,23984.9,23989.25,23983.9,23987.45,0
2026-07-22T15:03:00+05:30,23987.8,23993.45,23975.9,23979.0,0
2026-07-22T15:04:00+05:30,23979.85,23983.0,23973.35,23981.65,0
2026-07-22T15:05:00+05:30,23981.25,23997.65,23980.5,23995.75,0
2026-07-22T15:06:00+05:30,23996.5,24005.4,23993.6,23993.8,0
2026-07-22T15:07:00+05:30,23995.3,23995.85,23985.8,23986.65,0
2026-07-22T15:08:00+05:30,23988.65,23998.55,23985.85,23996.75,0
2026-07-22T15:09:00+05:30,23995.85,23998.35,23993.3,23997.9,0
2026-07-22T15:10:00+05:30,23998.35,24001.9,23996.05,23997.9,0
2026-07-22T15:11:00+05:30,23997.5,24003.75,23997.35,23998.45,0
2026-07-22T15:12:00+05:30,23998.45,24005.2,23997.45,24004.2,0
2026-07-22T15:13:00+05:30,24003.6,24010.15,24003.6,24010.15,0
2026-07-22T15:14:00+05:30,24009.5,24023.95,24009.5,24021.15,0
2026-07-22T15:15:00+05:30,24021.6,24024.8,24010.05,24014.65,0
2026-07-22T15:16:00+05:30,24016.9,24023.0,24015.4,24019.85,0
2026-07-22T15:17:00+05:30,24019.2,24022.0,24017.35,24019.9,0
2026-07-22T15:18:00+05:30,24018.95,24020.9,24014.55,24020.1,0
2026-07-22T15:19:00+05:30,24019.0,24022.4,24013.4,24016.2,0
2026-07-22T15:20:00+05:30,24017.85,24018.25,24011.45,24013.4,0
2026-07-22T15:21:00+05:30,24012.8,24015.55,24005.1,24006.25,0
2026-07-22T15:22:00+05:30,24005.05,24007.0,24000.65,24001.4,0
2026-07-22T15:23:00+05:30,24000.45,24002.95,23992.65,23994.05,0
2026-07-22T15:24:00+05:30,23993.15,24000.45,23991.45,23999.2,0
2026-07-22T15:25:00+05:30,24000.1,24000.85,23992.45,23994.45,0
2026-07-22T15:26:00+05:30,23995.4,23996.6,23991.05,23993.7,0
2026-07-22T15:27:00+05:30,23993.55,23999.3,23992.75,23993.95,0
2026-07-22T15:28:00+05:30,23994.1,23996.85,23990.95,23995.5,0
2026-07-22T15:29:00+05:30,23991.9,24002.25,23990.8,23991.05,0
2026-07-23T09:15:00+05:30,23904.8,23914.4,23876.2,23894.6,0
2026-07-23T09:16:00+05:30,23896.1,23908.35,23887.5,23907.35,0
2026-07-23T09:17:00+05:30,23906.75,23906.75,23891.15,23892.95,0
2026-07-23T09:18:00+05:30,23894.3,23905.35,23893.4,23901.0,0
2026-07-23T09:19:00+05:30,23901.15,23916.05,23899.05,23915.35,0
2026-07-23T09:20:00+05:30,23913.6,23946.45,23913.6,23946.45,0
2026-07-23T09:21:00+05:30,23945.9,23949.65,23929.1,23942.35,0
2026-07-23T09:22:00+05:30,23942.75,23948.2,23940.4,23944.55,0
2026-07-23T09:23:00+05:30,23945.4,23949.7,23942.25,23948.55,0
2026-07-23T09:24:00+05:30,23948.1,23952.0,23945.85,23950.2,0
2026-07-23T09:25:00+05:30,23950.15,23950.15,23933.6,23939.9,0
2026-07-23T09:26:00+05:30,23940.5,23944.0,23936.0,23936.35,0
2026-07-23T09:27:00+05:30,23936.1,23936.8,23925.25,23929.35,0
2026-07-23T09:28:00+05:30,23928.7,23931.7,23923.0,23929.9,0
2026-07-23T09:29:00+05:30,23930.7,23930.7,23920.35,23921.55,0
2026-07-23T09:30:00+05:30,23922.55,23926.25,23915.7,23916.0,0
2026-07-23T09:31:00+05:30,23918.7,23929.8,23910.75,23912.75,0
2026-07-23T09:32:00+05:30,23913.15,23915.9,23906.3,23909.25,0
2026-07-23T09:33:00+05:30,23910.25,23914.25,23906.8,23910.95,0
2026-07-23T09:34:00+05:30,23911.35,23918.55,23911.2,23917.7,0
2026-07-23T09:35:00+05:30,23918.3,23918.3,23902.85,23902.85,0
2026-07-23T09:36:00+05:30,23902.25,23903.3,23893.25,23898.65,0
2026-07-23T09:37:00+05:30,23899.3,23904.1,23893.15,23895.0,0
2026-07-23T09:38:00+05:30,23895.3,23902.65,23892.6,23901.35,0
2026-07-23T09:39:00+05:30,23900.8,23919.85,23900.15,23916.45,0
2026-07-23T09:40:00+05:30,23916.15,23916.15,23904.55,23908.6,0
2026-07-23T09:41:00+05:30,23907.75,23912.2,23904.05,23912.2,0
2026-07-23T09:42:00+05:30,23911.9,23917.2,23910.0,23910.65,0
2026-07-23T09:43:00+05:30,23911.1,23911.7,23904.1,23908.15,0
2026-07-23T09:44:00+05:30,23907.9,23915.65,23906.75,23907.75,0
2026-07-23T09:45:00+05:30,23907.6,23923.6,23907.4,23917.5,0
2026-07-23T09:46:00+05:30,23917.7,23918.75,23908.05,23910.6,0
2026-07-23T09:47:00+05:30,23908.85,23911.9,23903.65,23905.55,0
2026-07-23T09:48:00+05:30,23906.1,23908.6,23901.45,23906.4,0
2026-07-23T09:49:00+05:30,23907.5,23919.4,23906.8,23917.2,0
2026-07-23T09:50:00+05:30,23917.15,23920.75,23914.15,23916.3,0
2026-07-23T09:51:00+05:30,23915.45,23927.2,23911.9,23922.4,0
2026-07-23T09:52:00+05:30,23923.4,23926.0,23920.65,23924.7,0
2026-07-23T09:53:00+05:30,23924.8,23930.9,23922.6,23928.7,0
2026-07-23T09:54:00+05:30,23928.9,23929.45,23920.4,23922.85,0
2026-07-23T09:55:00+05:30,23923.6,23935.5,23923.6,23933.7,0
2026-07-23T09:56:00+05:30,23932.85,23937.0,23932.75,23934.35,0
2026-07-23T09:57:00+05:30,23935.25,23936.65,23930.9,23931.95,0
2026-07-23T09:58:00+05:30,23931.95,23937.6,23930.9,23936.8,0
2026-07-23T09:59:00+05:30,23937.55,23944.0,23935.7,23942.95,0
2026-07-23T10:00:00+05:30,23943.55,23947.6,23940.25,23940.9,0
2026-07-23T10:01:00+05:30,23941.5,23951.0,23941.05,23945.55,0
2026-07-23T10:02:00+05:30,23946.1,23955.25,23944.25,23955.15,0
2026-07-23T10:03:00+05:30,23955.9,23962.45,23953.85,23959.2,0
2026-07-23T10:04:00+05:30,23960.1,23964.95,23954.75,23962.45,0
2026-07-23T10:05:00+05:30,23962.5,23962.95,23954.0,23956.4,0
2026-07-23T10:06:00+05:30,23957.6,23957.75,23951.1,23955.2,0
2026-07-23T10:07:00+05:30,23954.55,23958.1,23948.35,23951.8,0
2026-07-23T10:08:00+05:30,23950.9,23959.25,23946.6,23957.2,0
2026-07-23T10:09:00+05:30,23958.95,23969.95,23957.45,23965.55,0
2026-07-23T10:10:00+05:30,23966.6,23968.0,23955.8,23962.25,0
2026-07-23T10:11:00+05:30,23962.15,23963.9,23957.35,23961.3,0
2026-07-23T10:12:00+05:30,23961.55,23965.15,23955.75,23960.25,0
2026-07-23T10:13:00+05:30,23962.0,23964.2,23959.2,23961.65,0
2026-07-23T10:14:00+05:30,23962.4,23962.55,23956.35,23957.35,0
2026-07-23T10:15:00+05:30,23957.35,23958.25,23951.3,23957.45,0
2026-07-23T10:16:00+05:30,23957.0,23962.1,23953.8,23961.5,0
2026-07-23T10:17:00+05:30,23962.3,23968.15,23960.65,23967.55,0
2026-07-23T10:18:00+05:30,23967.5,23967.55,23958.3,23963.9,0
2026-07-23T10:19:00+05:30,23963.35,23965.45,23955.2,23955.75,0
2026-07-23T10:20:00+05:30,23957.6,23958.2,23952.65,23953.7,0
2026-07-23T10:21:00+05:30,23953.5,23957.05,23951.0,23952.45,0
2026-07-23T10:22:00+05:30,23953.05,23953.45,23947.5,23949.25,0
2026-07-23T10:23:00+05:30,23950.3,23950.3,23943.8,23946.0,0
2026-07-23T10:24:00+05:30,23947.7,23954.8,23946.05,23954.8,0
2026-07-23T10:25:00+05:30,23952.0,23954.55,23949.95,23954.35,0
2026-07-23T10:26:00+05:30,23955.0,23956.95,23951.45,23953.85,0
2026-07-23T10:27:00+05:30,23955.15,23970.2,23954.6,23965.35,0
2026-07-23T10:28:00+05:30,23965.55,23971.95,23965.1,23970.45,0
2026-07-23T10:29:00+05:30,23970.9,23973.7,23967.2,23969.65,0
2026-07-23T10:30:00+05:30,23970.3,23973.2,23964.6,23965.35,0
2026-07-23T10:31:00+05:30,23965.55,23968.25,23963.8,23964.95,0
2026-07-23T10:32:00+05:30,23964.1,23965.55,23962.4,23962.45,0
2026-07-23T10:33:00+05:30,23963.25,23964.7,23959.95,23963.35,0
2026-07-23T10:34:00+05:30,23964.65,23964.65,23958.2,23962.8,0
2026-07-23T10:35:00+05:30,23962.55,23970.45,23962.45,23969.75,0
2026-07-23T10:36:00+05:30,23969.95,23974.15,23968.65,23973.4,0
2026-07-23T10:37:00+05:30,23972.65,23973.2,23968.0,23971.3,0
2026-07-23T10:38:00+05:30,23971.5,23972.8,23968.2,23972.2,0
2026-07-23T10:39:00+05:30,23972.4,23974.85,23969.55,23969.85,0
2026-07-23T10:40:00+05:30,23969.45,23978.85,23969.45,23975.4,0
2026-07-23T10:41:00+05:30,23976.15,23976.35,23972.6,23975.1,0
2026-07-23T10:42:00+05:30,23974.75,23976.6,23969.7,23971.0,0
2026-07-23T10:43:00+05:30,23971.35,23974.7,23970.45,23973.8,0
2026-07-23T10:44:00+05:30,23973.9,23976.4,23972.0,23974.95,0
2026-07-23T10:45:00+05:30,23974.8,23976.4,23969.9,23973.55,0
2026-07-23T10:46:00+05:30,23975.95,23977.9,23972.8,23974.65,0
2026-07-23T10:47:00+05:30,23974.95,23977.25,23971.25,23975.15,0
2026-07-23T10:48:00+05:30,23975.1,23979.65,23972.7,23976.5,0
2026-07-23T10:49:00+05:30,23976.9,23982.25,23975.9,23979.6,0
2026-07-23T10:50:00+05:30,23980.7,23984.3,23978.2,23981.4,0
2026-07-23T10:51:00+05:30,23981.05,23984.7,23977.65,23979.9,0
2026-07-23T10:52:00+05:30,23980.15,23983.1,23975.55,23977.45,0
2026-07-23T10:53:00+05:30,23978.15,23978.15,23966.4,23970.45,0
2026-07-23T10:54:00+05:30,23970.45,23972.1,23966.15,23967.0,0
2026-07-23T10:55:00+05:30,23967.95,23971.1,23966.25,23969.95,0
2026-07-23T10:56:00+05:30,23970.3,23975.5,23968.9,23974.9,0
2026-07-23T10:57:00+05:30,23974.65,23981.05,23974.05,23975.75,0
2026-07-23T10:58:00+05:30,23976.5,23978.9,23974.0,23974.75,0
2026-07-23T10:59:00+05:30,23975.4,23979.35,23974.35,23977.3,0
2026-07-23T11:00:00+05:30,23978.45,23983.55,23977.35,23982.9,0
2026-07-23T11:01:00+05:30,23983.2,23984.95,23979.4,23982.15,0
2026-07-23T11:02:00+05:30,23982.25,23984.55,23981.2,23983.4,0
2026-07-23T11:03:00+05:30,23984.3,23986.75,23982.05,23985.0,0
2026-07-23T11:04:00+05:30,23985.55,23988.7,23984.05,23986.7,0
2026-07-23T11:05:00+05:30,23987.45,23990.75,23984.8,23987.4,0
2026-07-23T11:06:00+05:30,23987.1,23987.7,23979.9,23980.0,0
2026-07-23T11:07:00+05:30,23981.95,23985.35,23979.3,23983.4,0
2026-07-23T11:08:00+05:30,23983.6,23988.15,23982.95,23985.25,0
2026-07-23T11:09:00+05:30,23985.45,23987.85,23983.75,23986.3,0
2026-07-23T11:10:00+05:30,23986.75,23989.05,23984.5,23986.25,0
2026-07-23T11:11:00+05:30,23987.25,23987.25,23980.45,23981.7,0
2026-07-23T11:12:00+05:30,23981.85,23985.05,23976.7,23981.3,0
2026-07-23T11:13:00+05:30,23983.45,23984.45,23973.65,23974.8,0
2026-07-23T11:14:00+05:30,23975.75,23978.4,23971.45,23972.1,0
2026-07-23T11:15:00+05:30,23973.8,23973.8,23967.4,23967.8,0
2026-07-23T11:16:00+05:30,23969.55,23970.75,23963.2,23964.5,0
2026-07-23T11:17:00+05:30,23965.35,23968.75,23962.1,23966.15,0
2026-07-23T11:18:00+05:30,23966.3,23966.85,23960.2,23962.7,0
2026-07-23T11:19:00+05:30,23963.9,23966.5,23961.05,23962.1,0
2026-07-23T11:20:00+05:30,23963.45,23963.45,23956.5,23958.05,0
2026-07-23T11:21:00+05:30,23959.55,23961.2,23955.85,23956.4,0
2026-07-23T11:22:00+05:30,23957.8,23957.8,23952.6,23955.35,0
2026-07-23T11:23:00+05:30,23957.1,23961.65,23955.5,23958.3,0
2026-07-23T11:24:00+05:30,23958.7,23958.7,23952.95,23954.55,0
2026-07-23T11:25:00+05:30,23954.85,23956.15,23950.65,23952.25,0
2026-07-23T11:26:00+05:30,23953.15,23956.55,23948.35,23955.25,0
2026-07-23T11:27:00+05:30,23955.2,23956.0,23949.2,23950.4,0
2026-07-23T11:28:00+05:30,23952.15,23952.35,23948.1,23952.0,0
2026-07-23T11:29:00+05:30,23951.8,23951.95,23944.25,23945.05,0
2026-07-23T11:30:00+05:30,23946.9,23947.55,23941.95,23945.9,0
2026-07-23T11:31:00+05:30,23945.8,23953.05,23943.55,23952.55,0
2026-07-23T11:32:00+05:30,23952.55,23956.3,23949.8,23951.3,0
2026-07-23T11:33:00+05:30,23951.95,23953.15,23947.7,23950.35,0
2026-07-23T11:34:00+05:30,23949.85,23953.35,23948.45,23953.25,0
2026-07-23T11:35:00+05:30,23953.85,23955.45,23952.6,23953.7,0
2026-07-23T11:36:00+05:30,23954.05,23955.6,23951.9,23952.3,0
2026-07-23T11:37:00+05:30,23953.1,23954.15,23939.95,23943.75,0
2026-07-23T11:38:00+05:30,23944.25,23946.95,23942.2,23946.4,0
2026-07-23T11:39:00+05:30,23947.25,23947.7,23943.6,23944.0,0
2026-07-23T11:40:00+05:30,23944.65,23946.05,23943.05,23944.55,0
2026-07-23T11:41:00+05:30,23944.9,23944.9,23941.25,23942.15,0
2026-07-23T11:42:00+05:30,23942.45,23950.05,23942.1,23948.55,0
2026-07-23T11:43:00+05:30,23948.3,23949.25,23945.7,23946.35,0
2026-07-23T11:44:00+05:30,23947.15,23948.05,23943.65,23947.6,0
2026-07-23T11:45:00+05:30,23948.55,23950.05,23945.9,23946.65,0
2026-07-23T11:46:00+05:30,23948.3,23948.95,23943.9,23945.75,0
2026-07-23T11:47:00+05:30,23946.7,23949.1,23943.6,23944.5,0
2026-07-23T11:48:00+05:30,23946.5,23948.65,23944.1,23945.65,0
2026-07-23T11:49:00+05:30,23946.25,23948.45,23943.4,23945.4,0
2026-07-23T11:50:00+05:30,23945.2,23946.85,23942.9,23943.05,0
2026-07-23T11:51:00+05:30,23944.8,23944.8,23939.45,23940.3,0
2026-07-23T11:52:00+05:30,23941.05,23941.2,23936.0,23937.4,0
2026-07-23T11:53:00+05:30,23937.8,23938.4,23930.65,23931.55,0
2026-07-23T11:54:00+05:30,23932.8,23938.75,23931.75,23938.25,0
2026-07-23T11:55:00+05:30,23938.9,23943.9,23937.85,23943.8,0
2026-07-23T11:56:00+05:30,23942.75,23944.45,23935.5,23937.1,0
2026-07-23T11:57:00+05:30,23937.65,23939.1,23933.9,23938.65,0
2026-07-23T11:58:00+05:30,23939.05,23948.2,23937.25,23946.3,0
2026-07-23T11:59:00+05:30,23946.05,23956.45,23944.2,23953.5,0
2026-07-23T12:00:00+05:30,23954.35,23964.3,23953.05,23962.65,0
2026-07-23T12:01:00+05:30,23962.7,23963.35,23952.95,23957.0,0
2026-07-23T12:02:00+05:30,23956.05,23956.5,23947.25,23948.75,0
2026-07-23T12:03:00+05:30,23950.15,23956.05,23947.45,23948.45,0
2026-07-23T12:04:00+05:30,23948.5,23950.7,23944.7,23945.55,0
2026-07-23T12:05:00+05:30,23947.0,23947.65,23942.05,23943.45,0
2026-07-23T12:06:00+05:30,23945.2,23947.8,23942.1,23944.15,0
2026-07-23T12:07:00+05:30,23944.6,23950.55,23943.0,23949.5,0
2026-07-23T12:08:00+05:30,23950.5,23952.2,23947.0,23952.2,0
2026-07-23T12:09:00+05:30,23952.15,23959.6,23950.8,23959.35,0
2026-07-23T12:10:00+05:30,23958.8,23962.0,23951.65,23953.1,0
2026-07-23T12:11:00+05:30,23953.7,23953.85,23943.1,23946.75,0
2026-07-23T12:12:00+05:30,23946.35,23948.05,23937.5,23941.6,0
2026-07-23T12:13:00+05:30,23941.8,23942.25,23935.8,23935.8,0
2026-07-23T12:14:00+05:30,23936.35,23937.9,23933.2,23934.85,0
2026-07-23T12:15:00+05:30,23936.4,23936.4,23930.5,23933.7,0
2026-07-23T12:16:00+05:30,23934.5,23939.35,23933.55,23936.35,0
2026-07-23T12:17:00+05:30,23937.15,23937.7,23933.35,23936.3,0
2026-07-23T12:18:00+05:30,23936.05,23937.85,23933.7,23935.4,0
2026-07-23T12:19:00+05:30,23936.4,23937.55,23932.4,23935.85,0
2026-07-23T12:20:00+05:30,23937.0,23937.9,23932.35,23933.85,0
2026-07-23T12:21:00+05:30,23934.65,23934.65,23928.15,23928.85,0
2026-07-23T12:22:00+05:30,23930.1,23933.9,23930.1,23931.6,0
2026-07-23T12:23:00+05:30,23932.0,23934.3,23925.15,23925.75,0
2026-07-23T12:24:00+05:30,23926.2,23926.7,23922.45,23925.05,0
2026-07-23T12:25:00+05:30,23926.05,23926.4,23921.05,23923.75,0
2026-07-23T12:26:00+05:30,23923.85,23925.15,23916.75,23918.95,0
2026-07-23T12:27:00+05:30,23918.55,23920.2,23915.2,23916.7,0
2026-07-23T12:28:00+05:30,23917.8,23919.95,23914.6,23915.85,0
2026-07-23T12:29:00+05:30,23916.45,23917.1,23911.85,23911.85,0
2026-07-23T12:30:00+05:30,23912.5,23915.0,23895.5,23895.5,0
2026-07-23T12:31:00+05:30,23895.45,23895.45,23883.35,23892.1,0
2026-07-23T12:32:00+05:30,23893.05,23894.95,23889.75,23893.0,0
2026-07-23T12:33:00+05:30,23893.85,23898.85,23892.65,23895.35,0
2026-07-23T12:34:00+05:30,23895.7,23900.15,23894.9,23899.65,0
2026-07-23T12:35:00+05:30,23899.7,23900.25,23888.9,23889.35,0
2026-07-23T12:36:00+05:30,23889.55,23889.55,23880.25,23889.2,0
2026-07-23T12:37:00+05:30,23889.55,23890.8,23885.8,23889.8,0
2026-07-23T12:38:00+05:30,23889.3,23897.75,23887.25,23896.05,0
2026-07-23T12:39:00+05:30,23897.1,23897.2,23886.25,23886.85,0
2026-07-23T12:40:00+05:30,23888.05,23888.05,23876.8,23876.8,0
2026-07-23T12:41:00+05:30,23877.25,23879.95,23874.0,23877.4,0
2026-07-23T12:42:00+05:30,23877.7,23877.8,23862.85,23863.2,0
2026-07-23T12:43:00+05:30,23864.0,23864.8,23855.7,23857.0,0
2026-07-23T12:44:00+05:30,23859.0,23859.8,23854.9,23856.95,0
2026-07-23T12:45:00+05:30,23857.25,23861.75,23851.65,23852.4,0
2026-07-23T12:46:00+05:30,23852.7,23857.95,23849.9,23857.15,0
2026-07-23T12:47:00+05:30,23858.85,23862.95,23857.45,23860.0,0
2026-07-23T12:48:00+05:30,23860.25,23864.45,23857.2,23861.75,0
2026-07-23T12:49:00+05:30,23862.0,23862.35,23850.75,23852.2,0
2026-07-23T12:50:00+05:30,23852.4,23855.95,23851.35,23851.45,0
2026-07-23T12:51:00+05:30,23851.75,23852.0,23846.95,23850.75,0
2026-07-23T12:52:00+05:30,23851.3,23851.3,23843.55,23845.0,0
2026-07-23T12:53:00+05:30,23845.95,23847.8,23843.05,23846.35,0
2026-07-23T12:54:00+05:30,23848.35,23855.65,23847.55,23854.55,0
2026-07-23T12:55:00+05:30,23855.15,23860.85,23853.7,23860.2,0
2026-07-23T12:56:00+05:30,23860.05,23860.85,23851.5,23851.5,0
2026-07-23T12:57:00+05:30,23852.25,23854.15,23843.85,23853.6,0
2026-07-23T12:58:00+05:30,23853.4,23854.3,23851.0,23851.7,0
2026-07-23T12:59:00+05:30,23852.3,23853.95,23849.95,23852.6,0
2026-07-23T13:00:00+05:30,23853.2,23854.35,23847.7,23848.75,0
2026-07-23T13:01:00+05:30,23847.65,23848.8,23844.1,23844.55,0
2026-07-23T13:02:00+05:30,23844.95,23845.75,23840.05,23842.7,0
2026-07-23T13:03:00+05:30,23843.45,23850.05,23842.6,23848.25,0
2026-07-23T13:04:00+05:30,23848.45,23849.9,23841.65,23842.6,0
2026-07-23T13:05:00+05:30,23843.75,23843.75,23835.7,23838.65,0
2026-07-23T13:06:00+05:30,23839.3,23841.5,23836.65,23838.95,0
2026-07-23T13:07:00+05:30,23839.85,23841.1,23837.35,23839.2,0
2026-07-23T13:08:00+05:30,23838.4,23839.45,23830.8,23831.2,0
2026-07-23T13:09:00+05:30,23831.85,23836.75,23831.2,23833.05,0
2026-07-23T13:10:00+05:30,23833.5,23833.65,23828.8,23831.25,0
2026-07-23T13:11:00+05:30,23833.1,23833.25,23826.85,23831.1,0
2026-07-23T13:12:00+05:30,23832.1,23832.3,23828.75,23829.15,0
2026-07-23T13:13:00+05:30,23830.4,23834.3,23826.35,23831.65,0
2026-07-23T13:14:00+05:30,23832.75,23839.25,23831.1,23831.95,0
2026-07-23T13:15:00+05:30,23832.45,23832.75,23827.2,23827.9,0
2026-07-23T13:16:00+05:30,23828.35,23828.5,23817.45,23818.2,0
2026-07-23T13:17:00+05:30,23817.7,23829.3,23811.85,23828.45,0
2026-07-23T13:18:00+05:30,23828.1,23839.0,23823.8,23837.75,0
2026-07-23T13:19:00+05:30,23838.65,23840.0,23829.15,23831.0,0
2026-07-23T13:20:00+05:30,23832.3,23835.6,23830.35,23835.1,0
2026-07-23T13:21:00+05:30,23835.45,23844.1,23834.7,23838.2,0
2026-07-23T13:22:00+05:30,23839.6,23839.8,23832.35,23839.25,0
2026-07-23T13:23:00+05:30,23837.25,23841.3,23836.0,23837.75,0
2026-07-23T13:24:00+05:30,23839.15,23840.05,23830.95,23839.85,0
2026-07-23T13:25:00+05:30,23839.9,23846.15,23837.3,23842.7,0
2026-07-23T13:26:00+05:30,23844.1,23844.1,23836.85,23838.85,0
2026-07-23T13:27:00+05:30,23839.1,23839.75,23835.8,23836.45,0
2026-07-23T13:28:00+05:30,23837.15,23838.0,23832.9,23833.55,0
2026-07-23T13:29:00+05:30,23833.7,23838.95,23833.6,23838.05,0
2026-07-23T13:30:00+05:30,23838.75,23840.45,23827.3,23833.65,0
2026-07-23T13:31:00+05:30,23833.65,23834.65,23827.35,23828.7,0
2026-07-23T13:32:00+05:30,23830.4,23833.1,23825.95,23831.8,0
2026-07-23T13:33:00+05:30,23831.8,23836.65,23830.85,23833.7,0
2026-07-23T13:34:00+05:30,23834.35,23834.4,23827.6,23829.75,0
2026-07-23T13:35:00+05:30,23831.2,23832.25,23828.55,23831.3,0
2026-07-23T13:36:00+05:30,23831.55,23833.55,23829.05,23829.9,0
2026-07-23T13:37:00+05:30,23830.7,23845.3,23827.35,23844.7,0
2026-07-23T13:38:00+05:30,23845.05,23858.65,23844.5,23858.0,0
2026-07-23T13:39:00+05:30,23857.75,23857.75,23851.3,23855.0,0
2026-07-23T13:40:00+05:30,23855.2,23863.45,23854.5,23860.2,0
2026-07-23T13:41:00+05:30,23860.85,23864.35,23858.9,23863.45,0
2026-07-23T13:42:00+05:30,23863.3,23863.3,23847.05,23847.7,0
2026-07-23T13:43:00+05:30,23847.8,23849.9,23841.45,23841.5,0
2026-07-23T13:44:00+05:30,23844.9,23852.05,23840.45,23850.8,0
2026-07-23T13:45:00+05:30,23851.85,23862.25,23850.9,23861.95,0
2026-07-23T13:46:00+05:30,23859.05,23864.2,23857.45,23863.5,0
2026-07-23T13:47:00+05:30,23863.55,23871.15,23861.45,23868.65,0
2026-07-23T13:48:00+05:30,23868.3,23868.8,23863.4,23865.8,0
2026-07-23T13:49:00+05:30,23866.65,23866.65,23858.65,23863.5,0
2026-07-23T13:50:00+05:30,23864.6,23868.5,23863.75,23865.6,0
2026-07-23T13:51:00+05:30,23867.1,23871.95,23865.4,23868.2,0
2026-07-23T13:52:00+05:30,23868.05,23868.55,23861.75,23864.7,0
2026-07-23T13:53:00+05:30,23864.65,23865.7,23858.45,23859.85,0
2026-07-23T13:54:00+05:30,23859.95,23860.55,23856.85,23857.55,0
2026-07-23T13:55:00+05:30,23858.5,23860.55,23854.95,23855.35,0
2026-07-23T13:56:00+05:30,23856.05,23863.25,23852.0,23862.55,0
2026-07-23T13:57:00+05:30,23862.8,23866.7,23861.25,23866.4,0
2026-07-23T13:58:00+05:30,23865.05,23866.85,23861.0,23861.95,0
2026-07-23T13:59:00+05:30,23862.45,23863.05,23859.05,23861.9,0
2026-07-23T14:00:00+05:30,23862.05,23864.2,23859.55,23862.45,0
2026-07-23T14:01:00+05:30,23862.5,23866.55,23860.85,23864.75,0
2026-07-23T14:02:00+05:30,23865.35,23865.65,23855.2,23860.65,0
2026-07-23T14:03:00+05:30,23860.8,23862.35,23857.55,23858.85,0
2026-07-23T14:04:00+05:30,23860.75,23867.45,23858.9,23864.15,0
2026-07-23T14:05:00+05:30,23862.95,23868.1,23862.0,23863.75,0
2026-07-23T14:06:00+05:30,23865.0,23865.0,23858.55,23859.8,0
2026-07-23T14:07:00+05:30,23861.1,23863.75,23857.25,23860.55,0
2026-07-23T14:08:00+05:30,23859.9,23861.25,23857.35,23861.2,0
2026-07-23T14:09:00+05:30,23859.55,23860.1,23852.35,23852.7,0
2026-07-23T14:10:00+05:30,23854.15,23855.75,23851.1,23854.35,0
2026-07-23T14:11:00+05:30,23853.95,23857.8,23853.5,23855.9,0
2026-07-23T14:12:00+05:30,23856.75,23860.8,23854.4,23857.15,0
2026-07-23T14:13:00+05:30,23857.85,23859.75,23853.7,23854.3,0
2026-07-23T14:14:00+05:30,23854.85,23854.9,23849.9,23850.6,0
2026-07-23T14:15:00+05:30,23851.9,23854.55,23846.8,23852.35,0
2026-07-23T14:16:00+05:30,23852.65,23861.95,23851.8,23860.8,0
2026-07-23T14:17:00+05:30,23862.0,23863.5,23857.9,23859.2,0
2026-07-23T14:18:00+05:30,23859.3,23859.9,23857.1,23857.45,0
2026-07-23T14:19:00+05:30,23857.9,23859.8,23851.55,23852.25,0
2026-07-23T14:20:00+05:30,23853.45,23858.95,23851.75,23857.5,0
2026-07-23T14:21:00+05:30,23858.5,23862.5,23855.2,23861.75,0
2026-07-23T14:22:00+05:30,23862.55,23864.8,23859.8,23861.5,0
2026-07-23T14:23:00+05:30,23863.9,23866.8,23860.45,23864.1,0
2026-07-23T14:24:00+05:30,23865.45,23869.3,23861.95,23864.2,0
2026-07-23T14:25:00+05:30,23866.05,23866.6,23858.05,23859.65,0
2026-07-23T14:26:00+05:30,23860.2,23867.6,23858.95,23865.05,0
2026-07-23T14:27:00+05:30,23866.5,23866.5,23861.95,23863.1,0
2026-07-23T14:28:00+05:30,23863.95,23864.05,23857.75,23859.85,0
2026-07-23T14:29:00+05:30,23860.2,23864.1,23857.5,23859.65,0
2026-07-23T14:30:00+05:30,23860.4,23865.0,23853.35,23853.9,0
2026-07-23T14:31:00+05:30,23854.5,23858.6,23852.3,23857.1,0
2026-07-23T14:32:00+05:30,23857.6,23860.6,23854.0,23859.6,0
2026-07-23T14:33:00+05:30,23859.85,23888.2,23856.1,23884.5,0
2026-07-23T14:34:00+05:30,23884.1,23889.0,23881.3,23888.8,0
2026-07-23T14:35:00+05:30,23889.3,23891.25,23882.6,23885.7,0
2026-07-23T14:36:00+05:30,23886.2,23886.85,23878.9,23878.9,0
2026-07-23T14:37:00+05:30,23880.0,23880.25,23865.5,23865.6,0
2026-07-23T14:38:00+05:30,23866.95,23866.95,23855.55,23856.65,0
2026-07-23T14:39:00+05:30,23857.0,23857.6,23850.85,23851.5,0
2026-07-23T14:40:00+05:30,23852.5,23853.3,23847.35,23850.95,0
2026-07-23T14:41:00+05:30,23851.35,23851.35,23842.95,23843.6,0
2026-07-23T14:42:00+05:30,23845.4,23845.4,23835.8,23835.8,0
2026-07-23T14:43:00+05:30,23836.55,23840.6,23829.5,23839.25,0
2026-07-23T14:44:00+05:30,23839.95,23842.2,23835.75,23835.75,0
2026-07-23T14:45:00+05:30,23836.65,23838.55,23832.3,23834.05,0
2026-07-23T14:46:00+05:30,23834.1,23835.7,23827.65,23830.0,0
2026-07-23T14:47:00+05:30,23829.75,23829.95,23825.9,23828.0,0
2026-07-23T14:48:00+05:30,23828.05,23828.95,23819.3,23823.35,0
2026-07-23T14:49:00+05:30,23821.75,23822.35,23816.95,23817.95,0
2026-07-23T14:50:00+05:30,23817.4,23818.4,23813.45,23813.65,0
2026-07-23T14:51:00+05:30,23814.1,23814.9,23807.9,23808.8,0
2026-07-23T14:52:00+05:30,23809.6,23820.65,23807.2,23819.05,0
2026-07-23T14:53:00+05:30,23820.0,23821.85,23813.7,23821.35,0
2026-07-23T14:54:00+05:30,23821.9,23827.8,23818.75,23823.8,0
2026-07-23T14:55:00+05:30,23824.8,23828.95,23823.55,23827.0,0
2026-07-23T14:56:00+05:30,23826.75,23830.4,23824.0,23825.65,0
2026-07-23T14:57:00+05:30,23826.45,23833.35,23824.55,23832.65,0
2026-07-23T14:58:00+05:30,23832.55,23837.45,23831.55,23836.3,0
2026-07-23T14:59:00+05:30,23836.2,23843.3,23833.95,23840.35,0
2026-07-23T15:00:00+05:30,23841.3,23845.2,23830.4,23839.0,0
2026-07-23T15:01:00+05:30,23840.75,23852.95,23838.85,23850.2,0
2026-07-23T15:02:00+05:30,23851.2,23869.45,23847.6,23869.45,0
2026-07-23T15:03:00+05:30,23869.5,23871.95,23850.95,23851.8,0
2026-07-23T15:04:00+05:30,23852.5,23852.5,23842.8,23847.05,0
2026-07-23T15:05:00+05:30,23849.15,23857.5,23846.8,23855.35,0
2026-07-23T15:06:00+05:30,23856.1,23863.05,23854.65,23860.15,0
2026-07-23T15:07:00+05:30,23861.4,23869.8,23856.8,23869.3,0
2026-07-23T15:08:00+05:30,23870.75,23877.95,23869.0,23876.35,0
2026-07-23T15:09:00+05:30,23878.05,23880.0,23867.95,23868.95,0
2026-07-23T15:10:00+05:30,23870.55,23871.75,23863.75,23864.6,0
2026-07-23T15:11:00+05:30,23866.35,23870.85,23865.4,23869.2,0
2026-07-23T15:12:00+05:30,23871.0,23872.5,23862.55,23863.2,0
2026-07-23T15:13:00+05:30,23865.45,23869.65,23860.6,23868.8,0
2026-07-23T15:14:00+05:30,23869.2,23875.15,23867.55,23873.05,0
2026-07-23T15:15:00+05:30,23873.6,23878.1,23870.7,23872.95,0
2026-07-23T15:16:00+05:30,23872.3,23873.0,23863.2,23863.55,0
2026-07-23T15:17:00+05:30,23865.0,23865.8,23861.65,23862.5,0
2026-07-23T15:18:00+05:30,23864.5,23870.1,23858.55,23868.5,0
2026-07-23T15:19:00+05:30,23870.6,23871.5,23866.65,23866.65,0
2026-07-23T15:20:00+05:30,23868.45,23871.05,23866.35,23869.1,0
2026-07-23T15:21:00+05:30,23870.35,23872.4,23868.25,23871.75,0
2026-07-23T15:22:00+05:30,23872.05,23873.0,23859.9,23863.8,0
2026-07-23T15:23:00+05:30,23865.4,23880.65,23864.3,23879.85,0
2026-07-23T15:24:00+05:30,23881.0,23883.65,23876.05,23881.95,0
2026-07-23T15:25:00+05:30,23883.55,23889.9,23878.9,23879.2,0
2026-07-23T15:26:00+05:30,23881.9,23885.4,23878.95,23883.7,0
2026-07-23T15:27:00+05:30,23884.45,23889.05,23878.65,23880.15,0
2026-07-23T15:28:00+05:30,23882.35,23882.35,23869.5,23875.6,0
2026-07-23T15:29:00+05:30,23875.0,23881.3,23863.9,23871.7,0
2026-07-24T09:15:00+05:30,23666.35,23699.95,23646.9,23692.5,0
2026-07-24T09:16:00+05:30,23691.35,23716.35,23684.55,23715.95,0
2026-07-24T09:17:00+05:30,23716.6,23724.6,23703.7,23723.35,0
2026-07-24T09:18:00+05:30,23722.6,23738.9,23720.45,23737.8,0
2026-07-24T09:19:00+05:30,23737.65,23752.8,23737.65,23751.7,0
2026-07-24T09:20:00+05:30,23751.7,23763.55,23742.4,23754.5,0
2026-07-24T09:21:00+05:30,23755.15,23760.85,23750.2,23751.4,0
2026-07-24T09:22:00+05:30,23751.55,23759.85,23750.55,23755.9,0
2026-07-24T09:23:00+05:30,23756.1,23760.2,23739.85,23741.05,0
2026-07-24T09:24:00+05:30,23740.1,23746.8,23731.1,23731.4,0
2026-07-24T09:25:00+05:30,23732.7,23732.7,23712.8,23714.35,0
2026-07-24T09:26:00+05:30,23714.4,23715.85,23707.65,23711.55,0
2026-07-24T09:27:00+05:30,23710.4,23711.85,23695.3,23699.55,0
2026-07-24T09:28:00+05:30,23698.75,23702.05,23696.05,23697.25,0
2026-07-24T09:29:00+05:30,23698.0,23704.8,23693.25,23703.55,0
2026-07-24T09:30:00+05:30,23703.4,23713.0,23702.35,23710.65,0
2026-07-24T09:31:00+05:30,23710.65,23712.75,23697.85,23700.45,0
2026-07-24T09:32:00+05:30,23700.75,23703.15,23694.65,23700.15,0
2026-07-24T09:33:00+05:30,23700.3,23703.0,23697.65,23700.95,0
2026-07-24T09:34:00+05:30,23701.4,23707.3,23686.75,23688.6,0
2026-07-24T09:35:00+05:30,23688.8,23696.2,23683.85,23691.6,0
2026-07-24T09:36:00+05:30,23690.55,23692.45,23677.35,23678.55,0
2026-07-24T09:37:00+05:30,23678.85,23680.65,23671.3,23678.0,0
2026-07-24T09:38:00+05:30,23678.35,23681.0,23672.7,23676.85,0
2026-07-24T09:39:00+05:30,23676.6,23677.4,23668.3,23669.45,0
2026-07-24T09:40:00+05:30,23669.8,23675.8,23668.75,23671.85,0
2026-07-24T09:41:00+05:30,23672.1,23675.05,23668.0,23673.95,0
2026-07-24T09:42:00+05:30,23675.25,23677.1,23661.25,23662.35,0
2026-07-24T09:43:00+05:30,23661.75,23662.7,23652.6,23654.15,0
2026-07-24T09:44:00+05:30,23653.75,23659.45,23652.95,23656.7,0
2026-07-24T09:45:00+05:30,23657.4,23662.1,23653.8,23659.9,0
2026-07-24T09:46:00+05:30,23660.35,23664.6,23652.3,23653.9,0
2026-07-24T09:47:00+05:30,23653.5,23655.35,23650.65,23654.85,0
2026-07-24T09:48:00+05:30,23655.15,23656.05,23643.45,23645.15,0
2026-07-24T09:49:00+05:30,23645.0,23650.8,23641.5,23649.0,0
2026-07-24T09:50:00+05:30,23648.7,23650.15,23635.65,23643.6,0
2026-07-24T09:51:00+05:30,23643.55,23648.3,23637.65,23638.55,0
2026-07-24T09:52:00+05:30,23638.65,23639.75,23631.35,23639.75,0
2026-07-24T09:53:00+05:30,23639.15,23655.35,23638.7,23654.3,0
2026-07-24T09:54:00+05:30,23653.7,23657.05,23651.8,23653.7,0
2026-07-24T09:55:00+05:30,23654.75,23656.25,23651.55,23653.1,0
2026-07-24T09:56:00+05:30,23653.0,23655.8,23651.25,23652.0,0
2026-07-24T09:57:00+05:30,23651.7,23663.1,23651.7,23661.45,0
2026-07-24T09:58:00+05:30,23661.4,23664.75,23655.4,23656.55,0
2026-07-24T09:59:00+05:30,23656.8,23658.0,23645.85,23646.05,0
2026-07-24T10:00:00+05:30,23647.05,23648.1,23639.75,23644.55,0
2026-07-24T10:01:00+05:30,23644.3,23645.95,23639.35,23640.95,0
2026-07-24T10:02:00+05:30,23641.05,23642.05,23626.2,23627.35,0
2026-07-24T10:03:00+05:30,23627.3,23629.6,23619.3,23623.35,0
2026-07-24T10:04:00+05:30,23623.25,23629.3,23622.8,23624.65,0
2026-07-24T10:05:00+05:30,23625.2,23627.6,23621.95,23623.05,0
2026-07-24T10:06:00+05:30,23623.05,23625.5,23612.95,23613.25,0
2026-07-24T10:07:00+05:30,23612.85,23625.55,23612.85,23623.95,0
2026-07-24T10:08:00+05:30,23623.85,23629.25,23623.05,23624.7,0
2026-07-24T10:09:00+05:30,23624.1,23625.7,23618.65,23619.05,0
2026-07-24T10:10:00+05:30,23619.0,23624.95,23616.7,23618.5,0
2026-07-24T10:11:00+05:30,23618.25,23619.95,23614.6,23616.1,0
2026-07-24T10:12:00+05:30,23616.45,23618.4,23611.4,23613.7,0
2026-07-24T10:13:00+05:30,23613.5,23615.15,23611.2,23612.3,0
2026-07-24T10:14:00+05:30,23612.3,23613.45,23607.45,23608.7,0
2026-07-24T10:15:00+05:30,23608.3,23616.6,23607.2,23615.75,0
2026-07-24T10:16:00+05:30,23614.95,23623.15,23611.55,23622.65,0
2026-07-24T10:17:00+05:30,23622.25,23627.65,23621.8,23624.7,0
2026-07-24T10:18:00+05:30,23624.25,23625.8,23613.65,23614.4,0
2026-07-24T10:19:00+05:30,23613.95,23618.1,23607.75,23611.9,0
2026-07-24T10:20:00+05:30,23611.35,23617.75,23610.05,23615.05,0
2026-07-24T10:21:00+05:30,23615.6,23617.35,23611.25,23611.7,0
2026-07-24T10:22:00+05:30,23611.2,23614.9,23607.1,23610.3,0
2026-07-24T10:23:00+05:30,23609.2,23614.4,23606.3,23613.35,0
2026-07-24T10:24:00+05:30,23612.95,23622.9,23612.6,23620.0,0
2026-07-24T10:25:00+05:30,23619.8,23623.5,23615.4,23615.75,0
2026-07-24T10:26:00+05:30,23615.85,23617.4,23613.45,23615.75,0
2026-07-24T10:27:00+05:30,23616.45,23622.05,23616.0,23619.75,0
2026-07-24T10:28:00+05:30,23620.3,23622.75,23617.2,23620.35,0
2026-07-24T10:29:00+05:30,23620.1,23623.55,23619.45,23622.25,0
2026-07-24T10:30:00+05:30,23622.2,23623.15,23617.65,23618.75,0
2026-07-24T10:31:00+05:30,23618.2,23622.25,23612.55,23612.7,0
2026-07-24T10:32:00+05:30,23612.85,23615.5,23610.9,23612.4,0
2026-07-24T10:33:00+05:30,23611.75,23626.25,23611.35,23623.35,0
2026-07-24T10:34:00+05:30,23623.25,23623.95,23613.35,23614.9,0
2026-07-24T10:35:00+05:30,23614.15,23617.2,23612.0,23615.65,0
2026-07-24T10:36:00+05:30,23615.45,23619.4,23612.6,23616.25,0
2026-07-24T10:37:00+05:30,23621.15,23626.15,23618.45,23622.3,0
2026-07-24T10:38:00+05:30,23622.65,23628.35,23622.4,23627.0,0
2026-07-24T10:39:00+05:30,23627.3,23641.7,23627.3,23637.15,0
2026-07-24T10:40:00+05:30,23637.35,23637.45,23629.55,23632.85,0
2026-07-24T10:41:00+05:30,23633.35,23636.5,23630.6,23635.8,0
2026-07-24T10:42:00+05:30,23635.65,23641.9,23634.7,23640.2,0
2026-07-24T10:43:00+05:30,23640.6,23646.05,23640.0,23643.75,0
2026-07-24T10:44:00+05:30,23644.4,23645.85,23637.75,23640.9,0
2026-07-24T10:45:00+05:30,23640.4,23643.95,23639.95,23640.95,0
2026-07-24T10:46:00+05:30,23641.75,23645.9,23640.6,23644.65,0
2026-07-24T10:47:00+05:30,23644.95,23651.25,23644.15,23646.25,0
2026-07-24T10:48:00+05:30,23646.1,23647.9,23644.0,23646.6,0
2026-07-24T10:49:00+05:30,23646.25,23649.6,23644.0,23649.1,0
2026-07-24T10:50:00+05:30,23649.25,23652.25,23648.7,23649.2,0
2026-07-24T10:51:00+05:30,23650.0,23651.9,23642.95,23643.5,0
2026-07-24T10:52:00+05:30,23644.25,23646.9,23638.95,23640.05,0
2026-07-24T10:53:00+05:30,23640.85,23642.05,23635.55,23638.5,0
2026-07-24T10:54:00+05:30,23638.2,23640.6,23634.85,23637.05,0
2026-07-24T10:55:00+05:30,23637.0,23638.65,23629.05,23629.05,0
2026-07-24T10:56:00+05:30,23628.8,23633.3,23628.75,23632.35,0
2026-07-24T10:57:00+05:30,23632.0,23633.2,23628.65,23629.1,0
2026-07-24T10:58:00+05:30,23629.05,23631.2,23627.4,23627.95,0
2026-07-24T10:59:00+05:30,23627.9,23630.8,23626.3,23627.65,0
2026-07-24T11:00:00+05:30,23627.3,23631.45,23624.05,23624.15,0
2026-07-24T11:01:00+05:30,23625.15,23628.0,23624.2,23627.3,0
2026-07-24T11:02:00+05:30,23627.35,23631.65,23625.9,23630.6,0
2026-07-24T11:03:00+05:30,23630.25,23631.75,23624.9,23625.45,0
2026-07-24T11:04:00+05:30,23626.2,23634.5,23625.25,23633.65,0
2026-07-24T11:05:00+05:30,23633.45,23637.4,23629.9,23630.65,0
2026-07-24T11:06:00+05:30,23630.4,23632.65,23628.2,23630.1,0
2026-07-24T11:07:00+05:30,23630.95,23631.45,23627.0,23627.7,0
2026-07-24T11:08:00+05:30,23627.1,23628.8,23623.6,23627.05,0
2026-07-24T11:09:00+05:30,23626.7,23630.9,23625.05,23628.85,0
2026-07-24T11:10:00+05:30,23629.4,23634.5,23628.45,23629.3,0
2026-07-24T11:11:00+05:30,23629.3,23630.55,23623.7,23625.55,0
2026-07-24T11:12:00+05:30,23625.55,23626.95,23617.1,23623.75,0
2026-07-24T11:13:00+05:30,23623.6,23626.75,23621.95,23623.55,0
2026-07-24T11:14:00+05:30,23623.35,23627.5,23623.15,23624.25,0
2026-07-24T11:15:00+05:30,23624.25,23631.05,23622.6,23630.7,0
2026-07-24T11:16:00+05:30,23631.5,23636.2,23630.6,23635.05,0
2026-07-24T11:17:00+05:30,23635.05,23640.95,23634.45,23640.2,0
2026-07-24T11:18:00+05:30,23640.2,23648.85,23639.3,23645.35,0
2026-07-24T11:19:00+05:30,23646.25,23655.05,23645.95,23651.8,0
2026-07-24T11:20:00+05:30,23651.8,23668.65,23650.85,23666.1,0
2026-07-24T11:21:00+05:30,23667.15,23670.3,23661.05,23661.85,0
2026-07-24T11:22:00+05:30,23662.05,23668.75,23660.95,23668.4,0
2026-07-24T11:23:00+05:30,23668.4,23673.4,23667.3,23673.2,0
2026-07-24T11:24:00+05:30,23673.0,23678.15,23669.65,23670.2,0
2026-07-24T11:25:00+05:30,23670.35,23673.6,23668.65,23670.65,0
2026-07-24T11:26:00+05:30,23671.25,23672.4,23664.65,23669.4,0
2026-07-24T11:27:00+05:30,23670.0,23671.25,23662.6,23662.95,0
2026-07-24T11:28:00+05:30,23662.95,23667.95,23661.05,23663.3,0
2026-07-24T11:29:00+05:30,23662.65,23666.45,23655.2,23655.7,0
2026-07-24T11:30:00+05:30,23655.7,23657.6,23650.1,23654.2,0
2026-07-24T11:31:00+05:30,23654.1,23655.55,23650.45,23651.5,0
2026-07-24T11:32:00+05:30,23652.5,23658.35,23649.15,23651.5,0
2026-07-24T11:33:00+05:30,23651.15,23657.0,23649.5,23653.65,0
2026-07-24T11:34:00+05:30,23654.15,23656.7,23652.5,23653.35,0
2026-07-24T11:35:00+05:30,23654.05,23660.0,23653.65,23659.45,0
2026-07-24T11:36:00+05:30,23659.25,23661.3,23655.55,23655.55,0
2026-07-24T11:37:00+05:30,23656.5,23664.0,23651.25,23663.2,0
2026-07-24T11:38:00+05:30,23663.1,23664.7,23659.35,23659.95,0
2026-07-24T11:39:00+05:30,23659.95,23665.05,23659.8,23663.2,0
2026-07-24T11:40:00+05:30,23663.45,23667.1,23662.4,23666.8,0
2026-07-24T11:41:00+05:30,23666.55,23671.25,23665.8,23670.2,0
2026-07-24T11:42:00+05:30,23670.55,23675.95,23670.1,23675.75,0
2026-07-24T11:43:00+05:30,23675.95,23686.35,23675.45,23684.65,0
2026-07-24T11:44:00+05:30,23685.4,23687.5,23680.4,23682.2,0
2026-07-24T11:45:00+05:30,23682.25,23687.5,23682.2,23686.05,0
2026-07-24T11:46:00+05:30,23685.9,23691.25,23685.3,23690.65,0
2026-07-24T11:47:00+05:30,23691.1,23697.9,23690.15,23695.85,0
2026-07-24T11:48:00+05:30,23696.05,23697.9,23694.05,23695.55,0
2026-07-24T11:49:00+05:30,23695.8,23699.85,23695.15,23698.25,0
2026-07-24T11:50:00+05:30,23698.45,23706.95,23698.3,23706.55,0
2026-07-24T11:51:00+05:30,23706.55,23709.2,23701.15,23702.35,0
2026-07-24T11:52:00+05:30,23702.6,23706.3,23701.85,23706.2,0
2026-07-24T11:53:00+05:30,23706.45,23710.7,23705.15,23708.55,0
2026-07-24T11:54:00+05:30,23708.35,23710.05,23704.0,23704.05,0
2026-07-24T11:55:00+05:30,23702.45,23704.35,23695.0,23697.0,0
2026-07-24T11:56:00+05:30,23696.75,23703.7,23695.75,23702.65,0
2026-07-24T11:57:00+05:30,23702.6,23704.5,23699.15,23703.8,0
2026-07-24T11:58:00+05:30,23703.5,23704.85,23699.9,23701.0,0
2026-07-24T11:59:00+05:30,23700.35,23701.65,23693.6,23696.7,0
2026-07-24T12:00:00+05:30,23697.25,23698.2,23689.25,23690.8,0
2026-07-24T12:01:00+05:30,23690.75,23697.55,23690.4,23696.2,0
2026-07-24T12:02:00+05:30,23696.0,23697.45,23693.6,23695.65,0
2026-07-24T12:03:00+05:30,23695.75,23701.4,23694.85,23698.4,0
2026-07-24T12:04:00+05:30,23698.25,23713.95,23698.05,23713.95,0
2026-07-24T12:05:00+05:30,23713.85,23716.2,23709.0,23715.75,0
2026-07-24T12:06:00+05:30,23715.6,23717.9,23711.25,23715.5,0
2026-07-24T12:07:00+05:30,23715.5,23716.35,23710.8,23712.5,0
2026-07-24T12:08:00+05:30,23712.65,23713.2,23709.3,23710.85,0
2026-07-24T12:09:00+05:30,23711.0,23715.3,23710.45,23713.05,0
2026-07-24T12:10:00+05:30,23713.2,23715.2,23705.85,23707.0,0
2026-07-24T12:11:00+05:30,23706.9,23710.5,23705.5,23708.3,0
2026-07-24T12:12:00+05:30,23708.1,23709.75,23707.15,23707.75,0
2026-07-24T12:13:00+05:30,23707.8,23710.05,23704.8,23705.35,0
2026-07-24T12:14:00+05:30,23706.15,23706.9,23701.85,23702.85,0
2026-07-24T12:15:00+05:30,23702.45,23708.05,23701.35,23706.5,0
2026-07-24T12:16:00+05:30,23706.55,23713.0,23706.4,23709.6,0
2026-07-24T12:17:00+05:30,23709.55,23717.25,23706.9,23715.45,0
2026-07-24T12:18:00+05:30,23715.35,23719.5,23712.6,23714.3,0
2026-07-24T12:19:00+05:30,23714.75,23718.5,23714.3,23717.25,0
2026-07-24T12:20:00+05:30,23717.05,23719.4,23713.75,23718.4,0
2026-07-24T12:21:00+05:30,23718.7,23722.15,23717.85,23718.15,0
2026-07-24T12:22:00+05:30,23718.2,23722.2,23716.45,23721.55,0
2026-07-24T12:23:00+05:30,23722.55,23729.55,23721.65,23728.0,0
2026-07-24T12:24:00+05:30,23727.7,23739.85,23727.7,23737.45,0
2026-07-24T12:25:00+05:30,23737.45,23744.5,23736.9,23744.5,0
2026-07-24T12:26:00+05:30,23743.8,23757.85,23743.8,23756.45,0
2026-07-24T12:27:00+05:30,23756.65,23760.3,23755.6,23759.35,0
2026-07-24T12:28:00+05:30,23759.1,23789.25,23759.1,23787.75,0
2026-07-24T12:29:00+05:30,23788.3,23792.3,23780.9,23784.25,0
2026-07-24T12:30:00+05:30,23783.8,23788.65,23778.7,23781.8,0
2026-07-24T12:31:00+05:30,23783.2,23794.65,23782.6,23791.4,0
2026-07-24T12:32:00+05:30,23791.4,23791.85,23787.3,23788.8,0
2026-07-24T12:33:00+05:30,23789.15,23790.45,23771.65,23773.45,0
2026-07-24T12:34:00+05:30,23773.7,23774.85,23760.6,23766.5,0
2026-07-24T12:35:00+05:30,23766.85,23771.6,23765.15,23765.35,0
2026-07-24T12:36:00+05:30,23765.55,23773.9,23765.55,23773.4,0
2026-07-24T12:37:00+05:30,23773.05,23775.2,23764.1,23764.15,0
2026-07-24T12:38:00+05:30,23764.05,23764.95,23756.0,23759.6,0
2026-07-24T12:39:00+05:30,23759.4,23773.65,23759.4,23771.2,0
2026-07-24T12:40:00+05:30,23771.95,23775.7,23769.55,23773.05,0
2026-07-24T12:41:00+05:30,23773.25,23778.65,23773.05,23775.0,0
2026-07-24T12:42:00+05:30,23775.05,23780.5,23773.95,23775.55,0
2026-07-24T12:43:00+05:30,23776.2,23790.6,23775.85,23789.2,0
2026-07-24T12:44:00+05:30,23788.9,23796.55,23788.8,23793.65,0
2026-07-24T12:45:00+05:30,23793.8,23797.35,23791.25,23796.05,0
2026-07-24T12:46:00+05:30,23796.5,23798.0,23786.55,23786.75,0
2026-07-24T12:47:00+05:30,23787.4,23793.6,23784.65,23792.9,0
2026-07-24T12:48:00+05:30,23793.2,23802.8,23791.7,23801.05,0
2026-07-24T12:49:00+05:30,23801.5,23805.2,23798.5,23799.9,0
2026-07-24T12:50:00+05:30,23798.95,23806.0,23798.95,23804.3,0
2026-07-24T12:51:00+05:30,23803.75,23805.5,23794.5,23794.75,0
2026-07-24T12:52:00+05:30,23794.9,23797.8,23793.35,23793.45,0
2026-07-24T12:53:00+05:30,23793.55,23797.65,23793.2,23797.65,0
2026-07-24T12:54:00+05:30,23797.5,23799.35,23795.1,23795.45,0
2026-07-24T12:55:00+05:30,23795.55,23799.4,23790.7,23799.4,0
2026-07-24T12:56:00+05:30,23799.25,23808.7,23798.85,23804.95,0
2026-07-24T12:57:00+05:30,23805.3,23806.5,23796.9,23798.4,0
2026-07-24T12:58:00+05:30,23798.35,23800.35,23796.55,23799.2,0
2026-07-24T12:59:00+05:30,23798.95,23800.9,23794.85,23797.5,0
2026-07-24T13:00:00+05:30,23797.35,23798.7,23793.75,23795.35,0
2026-07-24T13:01:00+05:30,23794.65,23800.25,23791.3,23792.1,0
2026-07-24T13:02:00+05:30,23792.05,23795.65,23788.4,23789.25,0
2026-07-24T13:03:00+05:30,23789.45,23790.35,23776.9,23777.7,0
2026-07-24T13:04:00+05:30,23777.45,23777.9,23771.45,23774.65,0
2026-07-24T13:05:00+05:30,23774.5,23775.25,23766.25,23766.85,0
2026-07-24T13:06:00+05:30,23767.15,23768.8,23763.3,23764.0,0
2026-07-24T13:07:00+05:30,23765.05,23773.4,23765.05,23772.2,0
2026-07-24T13:08:00+05:30,23772.55,23773.75,23764.15,23764.9,0
2026-07-24T13:09:00+05:30,23765.2,23769.1,23763.55,23767.5,0
2026-07-24T13:10:00+05:30,23767.85,23774.25,23767.5,23771.75,0
2026-07-24T13:11:00+05:30,23771.5,23773.0,23768.25,23768.9,0
2026-07-24T13:12:00+05:30,23768.4,23772.9,23767.8,23770.4,0
2026-07-24T13:13:00+05:30,23770.35,23777.4,23769.25,23777.4,0
2026-07-24T13:14:00+05:30,23777.1,23784.45,23776.35,23783.85,0
2026-07-24T13:15:00+05:30,23783.75,23786.6,23777.9,23778.55,0
2026-07-24T13:16:00+05:30,23778.75,23782.75,23775.2,23782.3,0
2026-07-24T13:17:00+05:30,23782.35,23785.0,23779.5,23784.7,0
2026-07-24T13:18:00+05:30,23783.95,23787.55,23783.8,23786.9,0
2026-07-24T13:19:00+05:30,23786.9,23792.9,23786.6,23790.9,0
2026-07-24T13:20:00+05:30,23792.2,23793.3,23786.2,23786.2,0
2026-07-24T13:21:00+05:30,23786.8,23790.65,23784.45,23790.65,0
2026-07-24T13:22:00+05:30,23790.35,23797.4,23789.4,23789.8,0
2026-07-24T13:23:00+05:30,23790.0,23792.1,23786.6,23790.35,0
2026-07-24T13:24:00+05:30,23790.25,23796.85,23789.8,23791.05,0
2026-07-24T13:25:00+05:30,23790.85,23793.2,23787.75,23788.95,0
2026-07-24T13:26:00+05:30,23788.9,23792.85,23786.75,23791.3,0
2026-07-24T13:27:00+05:30,23790.9,23799.95,23790.9,23799.95,0
2026-07-24T13:28:00+05:30,23798.2,23800.05,23793.6,23793.75,0
2026-07-24T13:29:00+05:30,23795.9,23797.45,23789.7,23790.65,0
2026-07-24T13:30:00+05:30,23790.6,23791.65,23785.8,23787.2,0
2026-07-24T13:31:00+05:30,23787.3,23787.75,23777.0,23777.2,0
2026-07-24T13:32:00+05:30,23777.9,23778.95,23770.85,23771.95,0
2026-07-24T13:33:00+05:30,23772.05,23773.8,23766.9,23768.85,0
2026-07-24T13:34:00+05:30,23769.15,23770.95,23764.4,23765.7,0
2026-07-24T13:35:00+05:30,23765.2,23766.55,23752.2,23753.7,0
2026-07-24T13:36:00+05:30,23753.25,23763.0,23752.6,23760.95,0
2026-07-24T13:37:00+05:30,23761.1,23764.0,23760.25,23761.15,0
2026-07-24T13:38:00+05:30,23761.3,23766.2,23761.3,23763.1,0
2026-07-24T13:39:00+05:30,23763.0,23768.3,23762.45,23766.3,0
2026-07-24T13:40:00+05:30,23767.2,23768.15,23761.15,23761.35,0
2026-07-24T13:41:00+05:30,23761.25,23762.85,23743.65,23743.65,0
2026-07-24T13:42:00+05:30,23744.6,23746.85,23736.0,23740.95,0
2026-07-24T13:43:00+05:30,23741.05,23741.95,23737.1,23741.15,0
2026-07-24T13:44:00+05:30,23741.1,23750.1,23740.75,23747.75,0
2026-07-24T13:45:00+05:30,23747.9,23750.8,23742.25,23750.8,0
2026-07-24T13:46:00+05:30,23750.5,23754.65,23748.1,23753.2,0
2026-07-24T13:47:00+05:30,23753.4,23757.0,23747.95,23750.8,0
2026-07-24T13:48:00+05:30,23750.1,23756.65,23748.25,23756.4,0
2026-07-24T13:49:00+05:30,23756.7,23765.1,23754.95,23762.3,0
2026-07-24T13:50:00+05:30,23762.95,23771.5,23762.95,23768.75,0
2026-07-24T13:51:00+05:30,23769.15,23770.2,23764.45,23768.55,0
2026-07-24T13:52:00+05:30,23768.1,23784.35,23768.1,23782.4,0
2026-07-24T13:53:00+05:30,23782.05,23786.8,23777.75,23778.2,0
2026-07-24T13:54:00+05:30,23778.7,23786.3,23777.6,23784.05,0
2026-07-24T13:55:00+05:30,23784.5,23791.05,23780.1,23790.0,0
2026-07-24T13:56:00+05:30,23788.15,23792.15,23785.9,23790.05,0
2026-07-24T13:57:00+05:30,23789.05,23791.9,23785.2,23789.4,0
2026-07-24T13:58:00+05:30,23789.4,23794.8,23787.7,23792.9,0
2026-07-24T13:59:00+05:30,23792.9,23803.05,23792.8,23802.95,0
2026-07-24T14:00:00+05:30,23803.05,23808.35,23798.45,23798.85,0
2026-07-24T14:01:00+05:30,23798.65,23799.9,23788.8,23795.6,0
2026-07-24T14:02:00+05:30,23795.9,23812.1,23795.5,23810.6,0
2026-07-24T14:03:00+05:30,23810.55,23818.85,23810.25,23818.3,0
2026-07-24T14:04:00+05:30,23818.25,23823.6,23816.8,23817.15,0
2026-07-24T14:05:00+05:30,23816.85,23817.75,23808.15,23809.65,0
2026-07-24T14:06:00+05:30,23809.5,23812.3,23806.25,23808.3,0
2026-07-24T14:07:00+05:30,23808.25,23812.7,23805.6,23810.6,0
2026-07-24T14:08:00+05:30,23810.7,23812.35,23800.65,23800.9,0
2026-07-24T14:09:00+05:30,23801.05,23805.85,23800.35,23800.35,0
2026-07-24T14:10:00+05:30,23799.7,23801.65,23791.6,23797.1,0
2026-07-24T14:11:00+05:30,23797.0,23799.95,23793.2,23794.4,0
2026-07-24T14:12:00+05:30,23794.7,23798.75,23790.6,23791.5,0
2026-07-24T14:13:00+05:30,23791.5,23796.2,23790.0,23794.0,0
2026-07-24T14:14:00+05:30,23794.15,23798.95,23793.9,23797.4,0
2026-07-24T14:15:00+05:30,23797.5,23800.3,23795.4,23799.3,0
2026-07-24T14:16:00+05:30,23799.2,23805.75,23798.55,23801.8,0
2026-07-24T14:17:00+05:30,23801.85,23803.75,23797.85,23798.3,0
2026-07-24T14:18:00+05:30,23798.3,23800.05,23788.25,23788.55,0
2026-07-24T14:19:00+05:30,23788.8,23792.0,23787.05,23789.9,0
2026-07-24T14:20:00+05:30,23789.8,23791.0,23779.3,23779.3,0
2026-07-24T14:21:00+05:30,23781.85,23781.85,23776.5,23781.05,0
2026-07-24T14:22:00+05:30,23781.15,23784.35,23776.4,23776.9,0
2026-07-24T14:23:00+05:30,23776.75,23778.1,23772.6,23775.1,0
2026-07-24T14:24:00+05:30,23775.05,23779.15,23773.75,23776.0,0
2026-07-24T14:25:00+05:30,23776.1,23785.25,23773.65,23783.25,0
2026-07-24T14:26:00+05:30,23783.25,23788.0,23776.7,23776.7,0
2026-07-24T14:27:00+05:30,23777.4,23778.55,23770.4,23771.45,0
2026-07-24T14:28:00+05:30,23770.95,23776.4,23770.7,23776.0,0
2026-07-24T14:29:00+05:30,23776.1,23778.55,23774.5,23777.65,0
2026-07-24T14:30:00+05:30,23777.35,23778.65,23771.45,23771.65,0
2026-07-24T14:31:00+05:30,23771.4,23783.3,23768.45,23781.3,0
2026-07-24T14:32:00+05:30,23781.2,23782.9,23774.45,23774.75,0
2026-07-24T14:33:00+05:30,23774.8,23778.7,23773.05,23775.0,0
2026-07-24T14:34:00+05:30,23775.0,23776.75,23765.65,23767.15,0
2026-07-24T14:35:00+05:30,23766.65,23771.6,23761.05,23769.3,0
2026-07-24T14:36:00+05:30,23769.9,23772.85,23766.7,23769.35,0
2026-07-24T14:37:00+05:30,23769.35,23775.75,23768.0,23774.15,0
2026-07-24T14:38:00+05:30,23774.55,23776.7,23768.6,23769.2,0
2026-07-24T14:39:00+05:30,23768.7,23774.75,23767.35,23772.35,0
2026-07-24T14:40:00+05:30,23772.5,23774.55,23770.6,23772.4,0
2026-07-24T14:41:00+05:30,23772.5,23778.15,23770.55,23775.0,0
2026-07-24T14:42:00+05:30,23774.85,23777.15,23763.4,23764.3,0
2026-07-24T14:43:00+05:30,23762.6,23765.95,23760.2,23764.3,0
2026-07-24T14:44:00+05:30,23764.5,23771.45,23763.85,23768.4,0
2026-07-24T14:45:00+05:30,23768.1,23771.6,23766.4,23767.25,0
2026-07-24T14:46:00+05:30,23767.0,23770.9,23765.5,23767.5,0
2026-07-24T14:47:00+05:30,23767.9,23772.75,23767.8,23769.15,0
2026-07-24T14:48:00+05:30,23769.35,23769.95,23761.85,23766.2,0
2026-07-24T14:49:00+05:30,23766.2,23774.15,23765.05,23773.7,0
2026-07-24T14:50:00+05:30,23773.15,23777.0,23770.8,23773.2,0
2026-07-24T14:51:00+05:30,23772.9,23777.75,23771.25,23777.3,0
2026-07-24T14:52:00+05:30,23777.6,23781.9,23775.95,23778.45,0
2026-07-24T14:53:00+05:30,23778.35,23793.0,23778.15,23791.75,0
2026-07-24T14:54:00+05:30,23791.3,23794.15,23789.15,23790.45,0
2026-07-24T14:55:00+05:30,23791.35,23792.7,23783.2,23785.55,0
2026-07-24T14:56:00+05:30,23785.35,23788.45,23783.6,23787.8,0
2026-07-24T14:57:00+05:30,23787.8,23788.55,23779.6,23781.75,0
2026-07-24T14:58:00+05:30,23782.2,23784.65,23779.0,23781.2,0
2026-07-24T14:59:00+05:30,23781.15,23781.15,23773.3,23776.8,0
2026-07-24T15:00:00+05:30,23777.95,23782.45,23762.15,23763.15,0
2026-07-24T15:01:00+05:30,23764.5,23764.5,23750.1,23750.6,0
2026-07-24T15:02:00+05:30,23751.8,23755.9,23747.65,23755.15,0
2026-07-24T15:03:00+05:30,23756.3,23757.5,23750.5,23752.3,0
2026-07-24T15:04:00+05:30,23753.4,23757.15,23753.4,23756.4,0
2026-07-24T15:05:00+05:30,23756.45,23757.55,23752.4,23753.75,0
2026-07-24T15:06:00+05:30,23754.45,23763.1,23752.4,23761.6,0
2026-07-24T15:07:00+05:30,23762.4,23764.25,23755.15,23755.65,0
2026-07-24T15:08:00+05:30,23756.75,23757.0,23751.5,23752.0,0
2026-07-24T15:09:00+05:30,23752.8,23759.4,23751.35,23757.15,0
2026-07-24T15:10:00+05:30,23757.35,23758.4,23751.95,23753.65,0
2026-07-24T15:11:00+05:30,23755.05,23758.25,23753.6,23756.4,0
2026-07-24T15:12:00+05:30,23757.35,23759.25,23755.6,23757.2,0
2026-07-24T15:13:00+05:30,23757.95,23759.5,23756.35,23758.75,0
2026-07-24T15:14:00+05:30,23760.35,23772.35,23758.4,23771.9,0
2026-07-24T15:15:00+05:30,23771.45,23789.8,23770.0,23788.75,0
2026-07-24T15:16:00+05:30,23789.5,23789.5,23775.75,23776.2,0
2026-07-24T15:17:00+05:30,23777.95,23778.05,23768.95,23769.6,0
2026-07-24T15:18:00+05:30,23770.55,23772.05,23767.45,23770.9,0
2026-07-24T15:19:00+05:30,23771.65,23774.35,23770.6,23772.7,0
2026-07-24T15:20:00+05:30,23774.2,23775.8,23772.45,23774.4,0
2026-07-24T15:21:00+05:30,23774.95,23777.45,23772.2,23776.75,0
2026-07-24T15:22:00+05:30,23777.8,23777.8,23773.85,23774.95,0
2026-07-24T15:23:00+05:30,23775.1,23781.0,23774.05,23780.55,0
2026-07-24T15:24:00+05:30,23780.8,23782.2,23775.75,23779.4,0
2026-07-24T15:25:00+05:30,23779.3,23782.1,23773.4,23776.4,0
2026-07-24T15:26:00+05:30,23777.35,23779.7,23772.05,23778.4,0
2026-07-24T15:27:00+05:30,23779.0,23786.4,23776.1,23786.15,0
2026-07-24T15:28:00+05:30,23785.25,23790.3,23779.15,23787.25,0
2026-07-24T15:29:00+05:30,23783.05,23792.95,23783.05,23787.0,0
2026-07-27T09:15:00+05:30,23928.4,23964.5,23925.4,23941.05,0
2026-07-27T09:16:00+05:30,23944.65,23948.0,23923.65,23934.25,0
2026-07-27T09:17:00+05:30,23936.05,23936.05,23918.6,23921.15,0
2026-07-27T09:18:00+05:30,23923.45,23923.65,23904.75,23905.9,0
2026-07-27T09:19:00+05:30,23908.75,23913.8,23896.7,23912.3,0
2026-07-27T09:20:00+05:30,23913.75,23931.7,23911.75,23927.3,0
2026-07-27T09:21:00+05:30,23930.0,23939.5,23925.8,23934.85,0
2026-07-27T09:22:00+05:30,23935.8,23937.05,23929.25,23936.0,0
2026-07-27T09:23:00+05:30,23937.7,23937.7,23925.4,23930.35,0
2026-07-27T09:24:00+05:30,23932.0,23932.6,23926.3,23929.4,0
2026-07-27T09:25:00+05:30,23930.35,23930.35,23913.6,23915.7,0
2026-07-27T09:26:00+05:30,23919.0,23936.5,23916.8,23934.6,0
2026-07-27T09:27:00+05:30,23935.65,23935.7,23922.55,23922.55,0
2026-07-27T09:28:00+05:30,23925.25,23937.05,23919.75,23935.8,0
2026-07-27T09:29:00+05:30,23937.8,23940.75,23933.45,23939.95,0
2026-07-27T09:30:00+05:30,23941.8,23948.85,23940.2,23941.35,0
2026-07-27T09:31:00+05:30,23942.9,23942.9,23929.6,23931.7,0
2026-07-27T09:32:00+05:30,23932.2,23933.05,23927.75,23929.7,0
2026-07-27T09:33:00+05:30,23931.35,23935.95,23929.05,23932.25,0
2026-07-27T09:34:00+05:30,23933.4,23939.15,23931.7,23937.35,0
2026-07-27T09:35:00+05:30,23939.6,23941.55,23936.1,23937.25,0
2026-07-27T09:36:00+05:30,23938.3,23943.05,23936.05,23942.2,0
2026-07-27T09:37:00+05:30,23942.75,23943.5,23939.9,23942.2,0
2026-07-27T09:38:00+05:30,23944.3,23952.3,23943.65,23948.25,0
2026-07-27T09:39:00+05:30,23950.0,23950.05,23941.8,23944.1,0
2026-07-27T09:40:00+05:30,23944.9,23948.55,23941.85,23942.15,0
2026-07-27T09:41:00+05:30,23945.0,23945.1,23941.1,23945.1,0
2026-07-27T09:42:00+05:30,23945.75,23948.45,23943.8,23945.75,0
2026-07-27T09:43:00+05:30,23946.8,23950.2,23942.4,23948.0,0
2026-07-27T09:44:00+05:30,23949.55,23951.3,23944.95,23951.05,0
2026-07-27T09:45:00+05:30,23952.1,23954.95,23948.85,23950.5,0
2026-07-27T09:46:00+05:30,23952.35,23954.35,23946.25,23947.15,0
2026-07-27T09:47:00+05:30,23948.3,23951.15,23945.05,23949.8,0
2026-07-27T09:48:00+05:30,23951.4,23954.8,23947.55,23953.95,0
2026-07-27T09:49:00+05:30,23955.5,23955.9,23949.7,23951.85,0
2026-07-27T09:50:00+05:30,23953.45,23953.45,23947.05,23947.9,0
2026-07-27T09:51:00+05:30,23949.5,23949.75,23944.05,23948.0,0
2026-07-27T09:52:00+05:30,23949.1,23950.05,23944.65,23947.95,0
2026-07-27T09:53:00+05:30,23950.0,23950.55,23937.7,23938.3,0
2026-07-27T09:54:00+05:30,23939.95,23939.95,23929.5,23933.4,0
2026-07-27T09:55:00+05:30,23934.95,23934.95,23920.15,23922.55,0
2026-07-27T09:56:00+05:30,23924.35,23928.0,23920.4,23921.85,0
2026-07-27T09:57:00+05:30,23923.85,23923.85,23916.8,23921.5,0
2026-07-27T09:58:00+05:30,23924.3,23930.9,23923.95,23929.35,0
2026-07-27T09:59:00+05:30,23930.55,23936.0,23928.8,23933.85,0
2026-07-27T10:00:00+05:30,23933.35,23934.9,23927.6,23928.75,0
2026-07-27T10:01:00+05:30,23930.3,23931.3,23925.95,23927.95,0
2026-07-27T10:02:00+05:30,23928.65,23930.0,23924.35,23928.85,0
2026-07-27T10:03:00+05:30,23930.55,23930.55,23921.55,23923.7,0
2026-07-27T10:04:00+05:30,23926.0,23926.0,23916.75,23918.85,0
2026-07-27T10:05:00+05:30,23920.4,23922.8,23917.55,23919.35,0
2026-07-27T10:06:00+05:30,23920.1,23922.95,23912.95,23922.2,0
2026-07-27T10:07:00+05:30,23925.8,23925.8,23918.05,23919.05,0
2026-07-27T10:08:00+05:30,23921.4,23921.7,23914.0,23914.05,0
2026-07-27T10:09:00+05:30,23916.55,23916.55,23909.0,23912.6,0
2026-07-27T10:10:00+05:30,23913.25,23916.45,23910.4,23914.4,0
2026-07-27T10:11:00+05:30,23916.15,23922.85,23914.0,23922.0,0
2026-07-27T10:12:00+05:30,23923.6,23925.4,23922.25,23923.75,0
2026-07-27T10:13:00+05:30,23925.25,23932.05,23923.4,23930.5,0
2026-07-27T10:14:00+05:30,23931.55,23933.35,23929.35,23933.3,0
2026-07-27T10:15:00+05:30,23934.0,23935.75,23930.3,23930.8,0
2026-07-27T10:16:00+05:30,23931.95,23932.7,23927.65,23928.4,0
2026-07-27T10:17:00+05:30,23929.6,23931.65,23922.15,23922.85,0
2026-07-27T10:18:00+05:30,23924.35,23926.15,23920.65,23925.7,0
2026-07-27T10:19:00+05:30,23927.2,23927.75,23922.05,23923.95,0
2026-07-27T10:20:00+05:30,23925.35,23925.5,23918.6,23918.6,0
2026-07-27T10:21:00+05:30,23920.3,23921.7,23914.8,23920.9,0
2026-07-27T10:22:00+05:30,23922.35,23923.9,23919.8,23921.3,0
2026-07-27T10:23:00+05:30,23922.9,23924.55,23917.9,23918.55,0
2026-07-27T10:24:00+05:30,23918.7,23918.7,23908.75,23911.4,0
2026-07-27T10:25:00+05:30,23912.8,23914.35,23910.3,23912.7,0
2026-07-27T10:26:00+05:30,23914.5,23917.1,23910.85,23917.1,0
2026-07-27T10:27:00+05:30,23918.4,23918.4,23913.65,23914.4,0
2026-07-27T10:28:00+05:30,23916.5,23917.55,23911.15,23912.25,0
2026-07-27T10:29:00+05:30,23915.15,23918.2,23913.75,23915.2,0
2026-07-27T10:30:00+05:30,23917.05,23921.05,23913.2,23920.65,0
2026-07-27T10:31:00+05:30,23922.65,23924.05,23913.1,23913.5,0
2026-07-27T10:32:00+05:30,23914.8,23914.8,23907.25,23908.85,0
2026-07-27T10:33:00+05:30,23910.65,23911.45,23906.5,23909.8,0
2026-07-27T10:34:00+05:30,23912.1,23916.35,23910.6,23915.9,0
2026-07-27T10:35:00+05:30,23917.45,23917.45,23905.75,23907.6,0
2026-07-27T10:36:00+05:30,23908.4,23908.55,23900.05,23901.3,0
2026-07-27T10:37:00+05:30,23902.45,23903.45,23898.45,23899.6,0
2026-07-27T10:38:00+05:30,23901.0,23901.0,23895.55,23896.85,0
2026-07-27T10:39:00+05:30,23897.65,23898.05,23891.55,23892.1,0
2026-07-27T10:40:00+05:30,23894.25,23904.75,23892.25,23904.4,0
2026-07-27T10:41:00+05:30,23906.4,23911.9,23904.7,23910.6,0
2026-07-27T10:42:00+05:30,23912.4,23915.05,23910.15,23914.45,0
2026-07-27T10:43:00+05:30,23916.55,23921.45,23914.45,23919.35,0
2026-07-27T10:44:00+05:30,23922.0,23927.65,23919.85,23925.3,0
2026-07-27T10:45:00+05:30,23927.25,23927.75,23920.8,23924.25,0
2026-07-27T10:46:00+05:30,23925.45,23925.45,23921.35,23922.65,0
2026-07-27T10:47:00+05:30,23924.3,23924.3,23919.05,23919.3,0
2026-07-27T10:48:00+05:30,23920.7,23920.7,23915.45,23918.75,0
2026-07-27T10:49:00+05:30,23920.3,23920.3,23912.5,23917.2,0
2026-07-27T10:50:00+05:30,23918.3,23919.35,23912.55,23914.05,0
2026-07-27T10:51:00+05:30,23916.5,23916.5,23907.8,23910.2,0
2026-07-27T10:52:00+05:30,23912.25,23919.45,23910.0,23918.15,0
2026-07-27T10:53:00+05:30,23919.5,23924.3,23917.4,23921.6,0
2026-07-27T10:54:00+05:30,23923.95,23923.95,23915.75,23917.1,0
2026-07-27T10:55:00+05:30,23917.8,23917.8,23911.05,23913.5,0
2026-07-27T10:56:00+05:30,23914.8,23919.5,23912.05,23918.8,0
2026-07-27T10:57:00+05:30,23920.45,23923.95,23918.95,23922.6,0
2026-07-27T10:58:00+05:30,23924.25,23931.75,23921.65,23930.85,0
2026-07-27T10:59:00+05:30,23932.6,23939.3,23930.9,23933.45,0
2026-07-27T11:00:00+05:30,23935.6,23938.4,23930.0,23930.6,0
2026-07-27T11:01:00+05:30,23934.0,23937.5,23929.15,23935.4,0
2026-07-27T11:02:00+05:30,23936.5,23937.6,23930.0,23931.25,0
2026-07-27T11:03:00+05:30,23933.75,23934.35,23930.15,23930.25,0
2026-07-27T11:04:00+05:30,23931.7,23933.2,23927.7,23930.05,0
2026-07-27T11:05:00+05:30,23931.15,23932.95,23929.1,23929.6,0
2026-07-27T11:06:00+05:30,23932.7,23932.7,23922.15,23923.65,0
2026-07-27T11:07:00+05:30,23925.75,23926.45,23922.95,23923.9,0
2026-07-27T11:08:00+05:30,23925.2,23929.1,23920.0,23928.8,0
2026-07-27T11:09:00+05:30,23930.7,23936.25,23928.8,23932.85,0
2026-07-27T11:10:00+05:30,23936.05,23937.45,23927.95,23928.4,0
2026-07-27T11:11:00+05:30,23929.75,23929.75,23923.15,23924.8,0
2026-07-27T11:12:00+05:30,23926.05,23929.1,23922.75,23928.0,0
2026-07-27T11:13:00+05:30,23929.65,23929.65,23926.05,23927.5,0
2026-07-27T11:14:00+05:30,23928.95,23928.95,23924.0,23924.75,0
2026-07-27T11:15:00+05:30,23926.0,23933.55,23923.35,23931.35,0
2026-07-27T11:16:00+05:30,23933.5,23933.5,23927.6,23930.1,0
2026-07-27T11:17:00+05:30,23932.25,23932.25,23926.8,23930.55,0
2026-07-27T11:18:00+05:30,23932.5,23937.95,23929.75,23937.95,0
2026-07-27T11:19:00+05:30,23939.25,23945.0,23935.6,23944.4,0
2026-07-27T11:20:00+05:30,23945.7,23947.25,23941.7,23944.75,0
2026-07-27T11:21:00+05:30,23947.1,23947.1,23942.25,23944.85,0
2026-07-27T11:22:00+05:30,23946.4,23946.4,23939.5,23940.5,0
2026-07-27T11:23:00+05:30,23943.25,23945.9,23941.0,23944.55,0
2026-07-27T11:24:00+05:30,23946.55,23950.95,23942.95,23949.45,0
2026-07-27T11:25:00+05:30,23951.55,23955.7,23949.1,23955.7,0
2026-07-27T11:26:00+05:30,23956.65,23958.85,23952.65,23956.55,0
2026-07-27T11:27:00+05:30,23958.55,23964.2,23955.55,23962.4,0
2026-07-27T11:28:00+05:30,23964.25,23968.05,23961.9,23965.95,0
2026-07-27T11:29:00+05:30,23967.8,23968.55,23961.15,23961.9,0
2026-07-27T11:30:00+05:30,23963.55,23970.55,23959.85,23969.95,0
2026-07-27T11:31:00+05:30,23971.7,23972.0,23961.95,23966.3,0
2026-07-27T11:32:00+05:30,23968.25,23968.25,23962.8,23964.3,0
2026-07-27T11:33:00+05:30,23966.5,23966.5,23958.9,23963.25,0
2026-07-27T11:34:00+05:30,23964.9,23965.6,23962.25,23964.0,0
2026-07-27T11:35:00+05:30,23966.45,23966.45,23960.1,23962.1,0
2026-07-27T11:36:00+05:30,23962.2,23962.2,23957.3,23958.7,0
2026-07-27T11:37:00+05:30,23959.55,23962.3,23956.3,23960.3,0
2026-07-27T11:38:00+05:30,23962.45,23964.9,23960.05,23961.7,0
2026-07-27T11:39:00+05:30,23963.5,23963.5,23958.0,23960.2,0
2026-07-27T11:40:00+05:30,23961.7,23963.7,23959.4,23961.45,0
2026-07-27T11:41:00+05:30,23963.95,23966.85,23960.7,23966.15,0
2026-07-27T11:42:00+05:30,23967.75,23968.45,23965.2,23967.2,0
2026-07-27T11:43:00+05:30,23968.75,23968.9,23961.65,23963.3,0
2026-07-27T11:44:00+05:30,23964.65,23965.65,23962.5,23963.55,0
2026-07-27T11:45:00+05:30,23966.05,23967.35,23959.75,23965.25,0
2026-07-27T11:46:00+05:30,23967.7,23970.3,23965.15,23968.2,0
2026-07-27T11:47:00+05:30,23969.95,23969.95,23964.85,23965.4,0
2026-07-27T11:48:00+05:30,23968.05,23968.05,23961.15,23963.75,0
2026-07-27T11:49:00+05:30,23965.1,23965.1,23952.65,23954.2,0
2026-07-27T11:50:00+05:30,23956.25,23956.25,23950.45,23953.35,0
2026-07-27T11:51:00+05:30,23956.05,23956.6,23951.45,23955.0,0
2026-07-27T11:52:00+05:30,23956.8,23957.8,23954.3,23956.9,0
2026-07-27T11:53:00+05:30,23958.15,23958.15,23949.1,23950.45,0
2026-07-27T11:54:00+05:30,23951.85,23961.0,23949.1,23959.7,0
2026-07-27T11:55:00+05:30,23961.95,23970.65,23959.25,23968.0,0
2026-07-27T11:56:00+05:30,23970.0,23972.8,23968.05,23969.6,0
2026-07-27T11:57:00+05:30,23971.9,23971.9,23964.6,23966.2,0
2026-07-27T11:58:00+05:30,23967.2,23967.2,23962.85,23964.15,0
2026-07-27T11:59:00+05:30,23966.4,23966.4,23961.35,23963.4,0
2026-07-27T12:00:00+05:30,23965.7,23967.4,23960.15,23960.25,0
2026-07-27T12:01:00+05:30,23962.75,23962.75,23955.95,23958.05,0
2026-07-27T12:02:00+05:30,23959.45,23961.35,23956.55,23960.5,0
2026-07-27T12:03:00+05:30,23962.65,23962.65,23956.55,23958.95,0
2026-07-27T12:04:00+05:30,23961.95,23961.95,23953.15,23955.3,0
2026-07-27T12:05:00+05:30,23957.3,23957.3,23950.65,23953.65,0
2026-07-27T12:06:00+05:30,23955.0,23955.0,23949.05,23953.05,0
2026-07-27T12:07:00+05:30,23954.95,23956.2,23952.75,23956.2,0
2026-07-27T12:08:00+05:30,23956.35,23958.05,23953.35,23955.15,0
2026-07-27T12:09:00+05:30,23956.7,23956.7,23950.65,23952.35,0
2026-07-27T12:10:00+05:30,23954.3,23954.35,23947.45,23948.4,0
2026-07-27T12:11:00+05:30,23950.2,23954.0,23945.6,23953.1,0
2026-07-27T12:12:00+05:30,23955.3,23958.15,23951.85,23955.75,0
2026-07-27T12:13:00+05:30,23957.95,23962.35,23954.7,23961.15,0
2026-07-27T12:14:00+05:30,23963.15,23963.15,23954.7,23956.2,0
2026-07-27T12:15:00+05:30,23959.05,23960.95,23955.1,23957.75,0
2026-07-27T12:16:00+05:30,23960.85,23963.9,23957.55,23963.5,0
2026-07-27T12:17:00+05:30,23965.8,23965.8,23961.45,23963.2,0
2026-07-27T12:18:00+05:30,23965.0,23965.0,23957.75,23958.7,0
2026-07-27T12:19:00+05:30,23960.6,23961.1,23957.7,23959.25,0
2026-07-27T12:20:00+05:30,23960.6,23960.6,23954.1,23954.65,0
2026-07-27T12:21:00+05:30,23957.15,23957.7,23952.95,23955.4,0
2026-07-27T12:22:00+05:30,23956.05,23960.7,23953.25,23960.1,0
2026-07-27T12:23:00+05:30,23961.75,23961.75,23956.65,23958.5,0
2026-07-27T12:24:00+05:30,23959.8,23959.8,23952.9,23957.9,0
2026-07-27T12:25:00+05:30,23960.3,23960.3,23955.85,23957.75,0
2026-07-27T12:26:00+05:30,23959.45,23962.9,23957.45,23960.0,0
2026-07-27T12:27:00+05:30,23961.75,23962.45,23958.2,23959.15,0
2026-07-27T12:28:00+05:30,23961.4,23962.9,23958.8,23960.05,0
2026-07-27T12:29:00+05:30,23961.05,23961.55,23954.25,23954.75,0
2026-07-27T12:30:00+05:30,23956.9,23960.25,23951.1,23960.25,0
2026-07-27T12:31:00+05:30,23962.15,23965.05,23959.85,23961.55,0
2026-07-27T12:32:00+05:30,23962.95,23964.95,23959.0,23962.8,0
2026-07-27T12:33:00+05:30,23965.1,23967.3,23959.75,23960.7,0
2026-07-27T12:34:00+05:30,23963.0,23963.0,23958.0,23958.5,0
2026-07-27T12:35:00+05:30,23961.8,23961.8,23954.15,23955.95,0
2026-07-27T12:36:00+05:30,23958.35,23958.35,23953.4,23954.75,0
2026-07-27T12:37:00+05:30,23956.0,23956.0,23950.1,23951.45,0
2026-07-27T12:38:00+05:30,23953.3,23953.65,23948.8,23950.85,0
2026-07-27T12:39:00+05:30,23952.05,23952.7,23948.9,23951.2,0
2026-07-27T12:40:00+05:30,23952.05,23952.05,23946.1,23947.8,0
2026-07-27T12:41:00+05:30,23949.5,23949.5,23944.95,23945.05,0
2026-07-27T12:42:00+05:30,23947.85,23947.85,23944.1,23944.55,0
2026-07-27T12:43:00+05:30,23946.1,23949.5,23943.05,23949.5,0
2026-07-27T12:44:00+05:30,23950.8,23953.35,23949.35,23951.2,0
2026-07-27T12:45:00+05:30,23952.55,23953.2,23949.2,23951.3,0
2026-07-27T12:46:00+05:30,23954.05,23954.05,23949.55,23953.05,0
2026-07-27T12:47:00+05:30,23954.1,23954.65,23951.45,23954.25,0
2026-07-27T12:48:00+05:30,23954.9,23957.65,23953.15,23954.55,0
2026-07-27T12:49:00+05:30,23957.45,23957.45,23950.5,23951.2,0
2026-07-27T12:50:00+05:30,23953.8,23955.35,23951.25,23952.05,0
2026-07-27T12:51:00+05:30,23954.85,23955.85,23951.85,23954.55,0
2026-07-27T12:52:00+05:30,23957.05,23958.0,23953.65,23956.3,0
2026-07-27T12:53:00+05:30,23957.85,23957.85,23949.2,23949.75,0
2026-07-27T12:54:00+05:30,23951.75,23951.75,23946.85,23949.0,0
2026-07-27T12:55:00+05:30,23951.3,23951.3,23943.75,23946.5,0
2026-07-27T12:56:00+05:30,23947.75,23950.4,23944.9,23949.9,0
2026-07-27T12:57:00+05:30,23951.25,23954.4,23949.4,23952.65,0
2026-07-27T12:58:00+05:30,23954.15,23956.5,23949.65,23955.6,0
2026-07-27T12:59:00+05:30,23958.05,23958.05,23951.75,23953.9,0
2026-07-27T13:00:00+05:30,23955.85,23955.85,23948.75,23949.2,0
2026-07-27T13:01:00+05:30,23951.9,23962.45,23948.2,23961.45,0
2026-07-27T13:02:00+05:30,23963.6,23963.6,23957.85,23960.4,0
2026-07-27T13:03:00+05:30,23961.9,23963.25,23957.2,23962.8,0
2026-07-27T13:04:00+05:30,23965.5,23968.8,23962.5,23962.7,0
2026-07-27T13:05:00+05:30,23965.8,23968.2,23961.0,23965.85,0
2026-07-27T13:06:00+05:30,23968.05,23969.6,23965.7,23967.55,0
2026-07-27T13:07:00+05:30,23970.25,23970.7,23965.4,23968.45,0
2026-07-27T13:08:00+05:30,23970.5,23970.5,23960.35,23961.75,0
2026-07-27T13:09:00+05:30,23963.85,23963.85,23959.6,23962.2,0
2026-07-27T13:10:00+05:30,23964.55,23967.75,23959.0,23964.1,0
2026-07-27T13:11:00+05:30,23965.95,23966.4,23961.6,23962.6,0
2026-07-27T13:12:00+05:30,23964.85,23967.7,23961.5,23962.35,0
2026-07-27T13:13:00+05:30,23964.05,23965.2,23960.8,23964.5,0
2026-07-27T13:14:00+05:30,23966.55,23970.8,23963.85,23970.1,0
2026-07-27T13:15:00+05:30,23971.9,23977.9,23969.35,23975.9,0
2026-07-27T13:16:00+05:30,23979.15,23979.15,23973.25,23976.1,0
2026-07-27T13:17:00+05:30,23978.65,23979.4,23974.6,23977.3,0
2026-07-27T13:18:00+05:30,23978.8,23978.8,23972.7,23974.6,0
2026-07-27T13:19:00+05:30,23976.3,23976.35,23971.0,23972.3,0
2026-07-27T13:20:00+05:30,23974.2,23975.15,23971.15,23971.25,0
2026-07-27T13:21:00+05:30,23973.15,23974.45,23970.3,23972.05,0
2026-07-27T13:22:00+05:30,23974.25,23974.25,23968.1,23970.95,0
2026-07-27T13:23:00+05:30,23972.8,23973.65,23969.45,23969.85,0
2026-07-27T13:24:00+05:30,23972.45,23975.7,23969.7,23972.2,0
2026-07-27T13:25:00+05:30,23973.8,23973.8,23969.2,23970.2,0
2026-07-27T13:26:00+05:30,23972.3,23972.4,23968.65,23968.95,0
2026-07-27T13:27:00+05:30,23970.6,23970.6,23958.85,23959.8,0
2026-07-27T13:28:00+05:30,23961.7,23961.7,23956.85,23957.7,0
2026-07-27T13:29:00+05:30,23960.35,23960.55,23954.3,23954.55,0
2026-07-27T13:30:00+05:30,23956.25,23960.1,23953.1,23959.0,0
2026-07-27T13:31:00+05:30,23960.1,23960.85,23951.55,23951.6,0
2026-07-27T13:32:00+05:30,23953.5,23953.5,23949.25,23949.8,0
2026-07-27T13:33:00+05:30,23951.45,23952.55,23947.75,23951.3,0
2026-07-27T13:34:00+05:30,23952.65,23953.8,23938.5,23938.5,0
2026-07-27T13:35:00+05:30,23940.6,23940.6,23935.4,23937.7,0
2026-07-27T13:36:00+05:30,23939.65,23948.85,23937.25,23947.25,0
2026-07-27T13:37:00+05:30,23950.4,23956.8,23948.1,23956.15,0
2026-07-27T13:38:00+05:30,23958.4,23958.95,23952.95,23956.35,0
2026-07-27T13:39:00+05:30,23957.65,23959.55,23953.9,23958.35,0
2026-07-27T13:40:00+05:30,23959.95,23960.7,23956.8,23957.35,0
2026-07-27T13:41:00+05:30,23959.25,23959.25,23949.05,23949.65,0
2026-07-27T13:42:00+05:30,23951.85,23953.55,23947.9,23949.8,0
2026-07-27T13:43:00+05:30,23951.35,23953.2,23946.6,23951.85,0
2026-07-27T13:44:00+05:30,23954.4,23957.4,23950.95,23956.25,0
2026-07-27T13:45:00+05:30,23958.25,23958.35,23954.15,23956.25,0
2026-07-27T13:46:00+05:30,23958.4,23958.4,23953.25,23957.5,0
2026-07-27T13:47:00+05:30,23958.75,23961.95,23956.55,23961.5,0
2026-07-27T13:48:00+05:30,23963.75,23967.25,23960.0,23960.0,0
2026-07-27T13:49:00+05:30,23961.45,23961.45,23955.15,23957.65,0
2026-07-27T13:50:00+05:30,23959.0,23959.0,23954.1,23954.45,0
2026-07-27T13:51:00+05:30,23958.25,23961.6,23954.45,23958.45,0
2026-07-27T13:52:00+05:30,23960.65,23963.9,23958.1,23961.45,0
2026-07-27T13:53:00+05:30,23963.45,23965.8,23961.3,23964.45,0
2026-07-27T13:54:00+05:30,23966.0,23967.3,23962.75,23964.3,0
2026-07-27T13:55:00+05:30,23965.8,23968.0,23962.85,23967.8,0
2026-07-27T13:56:00+05:30,23969.9,23972.4,23964.6,23966.05,0
2026-07-27T13:57:00+05:30,23968.15,23968.15,23962.0,23964.0,0
2026-07-27T13:58:00+05:30,23965.85,23969.45,23963.2,23967.7,0
2026-07-27T13:59:00+05:30,23969.5,23971.5,23966.6,23971.35,0
2026-07-27T14:00:00+05:30,23973.6,23977.1,23970.5,23975.95,0
2026-07-27T14:01:00+05:30,23978.7,23981.2,23976.65,23978.25,0
2026-07-27T14:02:00+05:30,23980.35,23980.35,23975.65,23977.7,0
2026-07-27T14:03:00+05:30,23980.95,23988.3,23979.0,23987.45,0
2026-07-27T14:04:00+05:30,23989.5,23989.5,23983.75,23984.65,0
2026-07-27T14:05:00+05:30,23986.75,23986.8,23981.25,23983.7,0
2026-07-27T14:06:00+05:30,23986.3,23989.1,23983.45,23985.2,0
2026-07-27T14:07:00+05:30,23986.5,23987.75,23983.3,23986.0,0
2026-07-27T14:08:00+05:30,23988.9,23990.75,23985.25,23988.5,0
2026-07-27T14:09:00+05:30,23991.5,23995.15,23986.75,23993.25,0
2026-07-27T14:10:00+05:30,23995.95,23996.1,23988.15,23989.65,0
2026-07-27T14:11:00+05:30,23990.85,23992.35,23987.7,23991.3,0
2026-07-27T14:12:00+05:30,23994.0,23997.85,23990.45,23994.0,0
2026-07-27T14:13:00+05:30,23996.4,23998.35,23992.45,23993.75,0
2026-07-27T14:14:00+05:30,23997.2,23997.2,23990.95,23995.9,0
2026-07-27T14:15:00+05:30,23997.55,23999.15,23993.3,23997.45,0
2026-07-27T14:16:00+05:30,23998.2,23998.2,23994.55,23995.4,0
2026-07-27T14:17:00+05:30,23996.8,23996.8,23986.55,23986.7,0
2026-07-27T14:18:00+05:30,23988.7,23993.15,23984.55,23992.55,0
2026-07-27T14:19:00+05:30,23992.5,23992.5,23987.65,23990.15,0
2026-07-27T14:20:00+05:30,23992.55,23992.55,23988.5,23991.25,0
2026-07-27T14:21:00+05:30,23993.0,23994.75,23990.3,23992.6,0
2026-07-27T14:22:00+05:30,23994.45,23995.85,23991.9,23993.6,0
2026-07-27T14:23:00+05:30,23995.8,23996.05,23990.85,23991.3,0
2026-07-27T14:24:00+05:30,23994.1,23998.4,23991.8,23998.25,0
2026-07-27T14:25:00+05:30,23999.3,24006.9,23996.75,24005.6,0
2026-07-27T14:26:00+05:30,24007.75,24008.55,23998.85,23998.85,0
2026-07-27T14:27:00+05:30,24002.0,24004.45,23995.2,24004.1,0
2026-07-27T14:28:00+05:30,24005.55,24007.6,24003.15,24006.7,0
2026-07-27T14:29:00+05:30,24008.15,24009.75,24005.55,24006.7,0
2026-07-27T14:30:00+05:30,24008.65,24008.65,24002.9,24005.5,0
2026-07-27T14:31:00+05:30,24007.45,24011.6,24004.55,24007.25,0
2026-07-27T14:32:00+05:30,24009.3,24009.3,23998.65,23999.5,0
2026-07-27T14:33:00+05:30,24001.55,24001.55,23996.0,24000.0,0
2026-07-27T14:34:00+05:30,24002.0,24002.0,23997.3,23998.1,0
2026-07-27T14:35:00+05:30,24000.45,24003.7,23997.1,23997.1,0
2026-07-27T14:36:00+05:30,24000.55,24000.55,23988.35,23989.35,0
2026-07-27T14:37:00+05:30,23991.85,23992.55,23988.3,23990.8,0
2026-07-27T14:38:00+05:30,23993.8,23994.15,23989.0,23991.15,0
2026-07-27T14:39:00+05:30,23992.6,23999.75,23990.2,23998.1,0
2026-07-27T14:40:00+05:30,23999.6,24000.4,23995.9,23997.9,0
2026-07-27T14:41:00+05:30,24001.1,24001.75,23996.25,23997.35,0
2026-07-27T14:42:00+05:30,23999.95,23999.95,23993.9,23994.35,0
2026-07-27T14:43:00+05:30,23996.4,23996.4,23991.4,23992.65,0
2026-07-27T14:44:00+05:30,23994.9,23996.5,23988.8,23996.25,0
2026-07-27T14:45:00+05:30,23997.65,23999.55,23994.25,23998.25,0
2026-07-27T14:46:00+05:30,24001.25,24003.5,23998.05,23999.45,0
2026-07-27T14:47:00+05:30,24001.1,24001.1,23986.95,23987.0,0
2026-07-27T14:48:00+05:30,23990.2,23995.5,23986.9,23994.65,0
2026-07-27T14:49:00+05:30,23996.45,23996.45,23991.8,23992.65,0
2026-07-27T14:50:00+05:30,23995.2,23996.6,23991.4,23992.2,0
2026-07-27T14:51:00+05:30,23994.5,23998.0,23990.95,23997.7,0
2026-07-27T14:52:00+05:30,23999.0,24000.35,23994.4,23996.05,0
2026-07-27T14:53:00+05:30,23998.15,23998.15,23992.3,23994.2,0
2026-07-27T14:54:00+05:30,23996.15,23996.15,23984.8,23985.4,0
2026-07-27T14:55:00+05:30,23986.75,23994.2,23984.1,23993.75,0
2026-07-27T14:56:00+05:30,23995.65,23997.4,23992.45,23995.55,0
2026-07-27T14:57:00+05:30,23997.35,23997.35,23984.25,23987.85,0
2026-07-27T14:58:00+05:30,23989.75,23995.45,23988.15,23992.0,0
2026-07-27T14:59:00+05:30,23993.95,23993.95,23987.75,23989.15,0
2026-07-27T15:00:00+05:30,23989.55,23996.85,23988.5,23990.95,0
2026-07-27T15:01:00+05:30,23991.85,24000.1,23989.65,23998.8,0
2026-07-27T15:02:00+05:30,23999.25,24000.85,23995.6,23996.55,0
2026-07-27T15:03:00+05:30,23997.4,23997.4,23991.5,23991.6,0
2026-07-27T15:04:00+05:30,23993.05,23995.05,23988.6,23990.7,0
2026-07-27T15:05:00+05:30,23991.2,23995.75,23990.6,23993.45,0
2026-07-27T15:06:00+05:30,23994.65,23997.2,23992.2,23992.9,0
2026-07-27T15:07:00+05:30,23994.3,23996.3,23992.6,23995.0,0
2026-07-27T15:08:00+05:30,23996.2,23997.55,23993.05,23996.65,0
2026-07-27T15:09:00+05:30,23997.35,23998.3,23995.55,23995.85,0
2026-07-27T15:10:00+05:30,23996.85,23998.85,23994.15,23997.55,0
2026-07-27T15:11:00+05:30,23998.95,24001.75,23997.95,23999.95,0
2026-07-27T15:12:00+05:30,24000.45,24000.45,23995.2,23996.7,0
2026-07-27T15:13:00+05:30,23997.0,23997.6,23986.55,23987.95,0
2026-07-27T15:14:00+05:30,23987.65,23991.95,23986.4,23987.15,0
2026-07-27T15:15:00+05:30,23985.1,23990.4,23985.1,23989.15,0
2026-07-27T15:16:00+05:30,23989.25,23990.4,23987.2,23989.15,0
2026-07-27T15:17:00+05:30,23989.4,23991.95,23988.45,23990.8,0
2026-07-27T15:18:00+05:30,23991.2,23992.6,23986.8,23991.5,0
2026-07-27T15:19:00+05:30,23991.25,23997.15,23990.45,23996.75,0
2026-07-27T15:20:00+05:30,23995.35,23999.65,23993.0,23997.05,0
2026-07-27T15:21:00+05:30,23997.5,24002.2,23995.6,24001.0,0
2026-07-27T15:22:00+05:30,24000.95,24004.05,23999.95,24002.35,0
2026-07-27T15:23:00+05:30,24002.45,24007.45,24000.25,24004.9,0
2026-07-27T15:24:00+05:30,24005.3,24005.55,23999.55,24003.75,0
2026-07-27T15:25:00+05:30,24003.2,24006.8,23996.6,23999.8,0
2026-07-27T15:26:00+05:30,24000.4,24002.8,23998.75,24000.9,0
2026-07-27T15:27:00+05:30,24001.1,24006.5,23999.35,24005.3,0
2026-07-27T15:28:00+05:30,24005.85,24008.1,23999.75,24001.5,0
2026-07-27T15:29:00+05:30,24001.05,24005.85,23997.25,24003.65,0
